wallMs,obsHostFrame,obsHostTimeMs,guestFrame,seekAccum,filteredOffsetMs,expectedHostFrame,driftMs
1775747343727,19104,1775747342347,7587,39374,-797.630,47057.8,-2.016
1775747343827,42864,1775747342849,11618,39374,-797.630,51521.8,-11.037
1775747343927,42864,1775747342849,16613,39374,-797.630,56321.8,-6.974
1775747344026,42864,1775747342849,21697,39374,-797.630,61073.8,-0.058
1775747344127,42864,1775747342849,26690,39374,-797.630,65921.8,2.963
1775747344227,42864,1775747342849,31684,39374,-797.630,70721.8,7.005
1775747344326,64848,1775747343347,35712,39374,-797.630,73553.8,31.922
1775747344426,64848,1775747343347,40610,39374,-797.630,78353.8,33.963
1775747344535,64848,1775747343347,45698,39374,-797.630,83585.8,30.963
1775747344626,64848,1775747343347,50691,39374,-797.630,87953.8,43.984
1775747344726,64848,1775747343347,55777,39374,-797.867,92742.4,50.179
1775747344829,89088,1775747343852,59811,37447,-797.867,97686.4,-8.925
1775747344926,89088,1775747343852,64802,37447,-797.867,102342.4,-1.946
1775747345031,89088,1775747343852,69891,37447,-797.867,107382.4,-0.925
1775747345127,89088,1775747343852,74883,37447,-797.867,111990.4,7.075
1775747345227,89088,1775747343852,79010,37447,-797.867,116790.4,-6.946
1775747345326,113280,1775747344347,84000,37447,-797.867,121974.4,-10.987
1775747345427,113280,1775747344347,89092,37447,-797.867,126822.4,-5.904
1775747345527,113280,1775747344347,94176,37447,-797.867,131622.4,0.013
1775747345664,113280,1775747344347,98981,37447,-798.080,138188.1,-36.670
1775747345751,113280,1775747344347,103779,37447,-798.080,142364.1,-23.711
1775747345826,137520,1775747344860,103779,38358,-798.080,145580.1,-71.732
1775747345926,137520,1775747344860,108673,38358,-798.080,150380.1,-69.774
1775747346027,137520,1775747344860,113477,38358,-798.080,155228.1,-70.691
1775747346126,137520,1775747344860,118371,38358,-798.080,159980.1,-67.732
1775747346227,137520,1775747344860,123264,38358,-798.080,164828.1,-66.795
1775747346327,137520,1775747344860,128067,38358,-798.080,169628.1,-66.732
1775747346437,161760,1775747345347,137856,38358,-798.080,175772.1,9.205
1775747346527,161760,1775747345347,137856,38358,-798.080,180092.1,-80.795
1775747346627,161760,1775747345347,142657,38358,-798.080,184892.1,-80.774
1775747346726,161760,1775747345347,147460,38358,-798.272,189634.9,-79.519
1775747346826,185952,1775747345847,152260,38358,-798.272,194626.9,-83.519
1775747346927,185952,1775747345847,157061,41565,-798.272,199474.9,-17.686
1775747347027,185952,1775747345847,161954,41565,-798.272,204274.9,-15.749
1775747347127,185952,1775747345847,166756,41565,-798.272,209074.9,-15.707
1775747347227,185952,1775747345847,171557,41565,-798.272,213874.9,-15.686
1775747347327,185952,1775747345847,176452,41565,-798.272,218674.9,-13.707
1775747347427,210240,1775747346347,181344,41565,-798.272,223762.9,-17.790
1775747347527,210240,1775747346347,186145,41565,-798.272,228562.9,-17.769
1775747347629,210240,1775747346347,190947,41565,-798.945,233426.6,-19.055
1775747347727,210240,1775747346347,195840,41565,-798.945,238130.6,-15.117
1775747347846,234480,1775747346854,205536,41565,-798.945,243746.6,69.883
1775747347927,234480,1775747346854,205536,38882,-798.945,247634.6,-67.013
1775747348028,234480,1775747346854,210340,38882,-798.945,252482.6,-67.930
1775747348127,234480,1775747346854,215232,38882,-798.945,257234.6,-65.013
1775747348227,234480,1775747346854,220036,38882,-798.945,262034.6,-64.930
1775747348330,258768,1775747347347,224930,38882,-798.945,267602.6,-78.972
1775747348427,258768,1775747347347,229824,38882,-798.945,272258.6,-74.013
1775747348527,258768,1775747347347,234625,38882,-798.945,277058.6,-73.992
1775747348627,258768,1775747347347,239427,38882,-798.945,281858.6,-73.951
1775747348726,258768,1775747347347,244321,38882,-799.551,286581.6,-70.387
1775747348851,283056,1775747347847,249122,38882,-799.551,292869.6,-101.366
1775747348927,283056,1775747347847,254016,42774,-799.551,296517.6,5.676
1775747349027,283056,1775747347847,258818,42774,-799.551,301317.6,5.717
1775747349127,283056,1775747347847,263618,42774,-799.551,306117.6,5.717
1775747349227,283056,1775747347847,268421,42774,-799.551,310917.6,5.780
1775747349346,304896,1775747348349,273314,42774,-799.551,314373.6,35.717
1775747349426,304896,1775747348349,278208,42774,-799.551,318213.6,57.676
1775747349527,304896,1775747348349,283008,42774,-799.551,323061.6,56.676
1775747349627,304896,1775747348349,287811,42774,-800.095,327835.4,57.283
1775747349727,304896,1775747348349,292706,42774,-800.095,332635.4,59.262
1775747349834,329232,1775747348847,297508,42774,-800.095,338203.4,43.304
1775747349927,329232,1775747348847,302401,42774,-800.095,342667.4,52.241
1775747350027,329232,1775747348847,307296,40768,-800.095,347467.4,12.429
1775747350129,329232,1775747348847,312097,40768,-800.095,352363.4,10.450
1775747350227,329232,1775747348847,316993,40768,-800.095,357067.4,14.450
1775747350327,329232,1775747348847,321892,40768,-800.095,361867.4,16.512
1775747350427,353424,1775747349347,326596,40768,-800.095,366859.4,10.512
1775747350527,353424,1775747349347,331489,40768,-800.095,371659.4,12.450
1775747350627,353424,1775747349347,336289,40768,-800.095,376459.4,12.450
1775747350727,353424,1775747349347,341186,40768,-800.586,381235.9,14.961
1775747350826,377712,1775747349847,345989,40768,-800.586,386275.9,10.023
1775747350927,377712,1775747349847,350977,40768,-800.586,391123.9,12.940
1775747351027,377712,1775747349847,355778,40768,-800.586,395923.9,12.961
1775747351126,377712,1775747349847,360578,40768,-800.586,400675.9,13.961
1775747351226,377712,1775747349847,365473,40768,-800.586,405475.9,15.940
1775747351333,377712,1775747349847,370277,40768,-800.586,410611.9,9.023
1775747351430,401952,1775747350347,375172,40768,-800.586,415507.9,9.003
1775747351527,401952,1775747350347,379973,40768,-800.586,420163.9,12.023
1775747351627,401952,1775747350347,384865,40768,-800.586,424963.9,13.940
1775747351726,401952,1775747350347,389665,40768,-801.027,429694.7,15.382
1775747351842,426144,1775747350847,394560,40768,-801.027,435454.7,-2.639
1775747351927,426144,1775747350847,399364,40768,-801.027,439534.7,12.444
1775747352027,426144,1775747350847,404259,40768,-801.027,444334.7,14.423
1775747352127,426144,1775747350847,409061,40768,-801.027,449134.7,14.465
1775747352226,426144,1775747350847,413952,40768,-801.027,453886.7,17.361
1775747352326,450384,1775747351347,418757,40768,-801.027,458926.7,12.465
1775747352426,450384,1775747351347,423648,40768,-801.027,463726.7,14.361
1775747352527,450384,1775747351347,428449,40768,-801.027,468574.7,13.382
1775747352626,450384,1775747351347,433253,40768,-801.525,473302.8,14.962
1775747352726,450384,1775747351347,438148,40768,-801.525,478102.8,16.941
1775747352826,474624,1775747351847,443041,40768,-801.525,483142.8,13.879
1775747352926,474624,1775747351847,447843,40768,-801.525,487942.8,13.920
1775747353027,474624,1775747351847,452645,40768,-801.525,492790.8,12.962
1775747353126,474624,1775747351847,457538,40768,-801.525,497542.8,15.900
1775747353226,474624,1775747351847,462340,40768,-801.525,502342.8,15.941
1775747353326,498768,1775747352347,467141,40768,-801.525,507286.8,12.962
1775747353426,498768,1775747352347,472035,40768,-801.525,512086.8,14.920
1775747353527,498768,1775747352347,476932,40768,-801.525,516934.8,15.941
1775747353627,498768,1775747352347,481733,40768,-801.972,521713.3,16.410
1775747353726,498768,1775747352347,486629,40768,-801.972,526465.3,19.410
1775747353826,522960,1775747352847,491524,40768,-801.972,531457.3,17.389
1775747353926,522960,1775747352847,496325,40768,-801.972,536257.3,17.410
1775747354026,522960,1775747352847,501313,40768,-801.972,541057.3,21.326
1775747354126,522960,1775747352847,506112,39949,-801.972,545857.3,4.243
1775747354226,522960,1775747352847,510914,39949,-801.972,550657.3,4.285
1775747354326,522960,1775747352847,515808,39949,-801.972,555457.3,6.243
1775747354426,544848,1775747353347,520704,39949,-801.972,558145.3,52.243
1775747354527,544848,1775747353347,525505,39949,-801.972,562993.3,51.264
1775747354627,544848,1775747353347,530305,39949,-801.972,567793.3,51.264
1775747354727,544848,1775747353347,535201,39949,-801.972,572593.3,53.264
1775747354826,569040,1775747353847,540002,39949,-802.375,577518.0,50.688
1775747354926,569040,1775747353847,544802,39949,-802.375,582318.0,50.688
1775747355026,569040,1775747353847,549605,39949,-802.375,587118.0,50.750
1775747355127,569040,1775747353847,554499,38000,-802.375,591966.0,11.104
1775747355227,569040,1775747353847,559301,38000,-802.375,596766.0,11.146
1775747355327,569040,1775747353847,564193,38000,-802.375,601566.0,13.063
1775747355426,593328,1775747354349,568996,38000,-802.375,606510.0,10.125
1775747355527,593328,1775747354349,573888,38000,-802.375,611358.0,11.042
1775747355626,593328,1775747354349,578689,38000,-802.375,616110.0,12.063
1775747355737,593328,1775747354349,583493,38000,-802.737,621420.6,1.508
1775747355827,617616,1775747354849,588293,38000,-802.737,626028.6,5.508
1775747355927,617616,1775747354849,593188,38000,-802.737,630828.6,7.488
1775747356027,617616,1775747354849,598083,38000,-802.737,635628.6,9.467
1775747356126,617616,1775747354849,602885,38000,-802.737,640380.6,10.508
1775747356226,617616,1775747354849,607778,38000,-802.737,645180.6,12.446
1775747356326,641856,1775747355347,612579,38000,-802.737,650316.6,5.467
1775747356427,641856,1775747355347,617381,38000,-802.737,655164.6,4.508
1775747356527,641856,1775747355347,622273,38000,-802.737,659964.6,6.425
1775747356627,641856,1775747355347,627073,38000,-803.064,664748.9,6.751
1775747356726,641856,1775747355347,627073,38000,-803.064,669500.9,-92.249
1775747356826,666000,1775747355848,631877,41542,-803.064,674396.9,-20.374
1775747356926,666000,1775747355848,636769,41542,-803.064,679196.9,-18.457
1775747357027,666000,1775747355848,641569,41542,-803.064,684044.9,-19.457
1775747357127,666000,1775747355848,646464,41542,-803.064,688844.9,-17.478
1775747357227,666000,1775747355848,651266,41542,-803.064,693644.9,-17.436
1775747357353,690288,1775747356347,660962,41542,-803.064,700028.9,51.564
1775747357427,690288,1775747356347,660962,41542,-803.064,703580.9,-22.436
1775747357527,690288,1775747356347,665762,41542,-803.064,708380.9,-22.436
1775747357627,690288,1775747356347,670658,41542,-803.257,713171.6,-20.243
1775747357726,690288,1775747356347,675459,41542,-803.257,717923.6,-19.222
1775747357827,714576,1775747356848,680260,41542,-803.257,723011.6,-25.201
1775747357926,714576,1775747356848,685156,42510,-803.257,727763.6,-2.034
1775747358026,714576,1775747356848,689957,42510,-803.257,732563.6,-2.014
1775747358135,714576,1775747356848,694849,42510,-803.257,737795.6,-9.097
1775747358227,714576,1775747356848,699651,42510,-803.257,742211.6,-1.055
1775747358326,738864,1775747357349,704451,42510,-803.257,747203.6,-5.055
1775747358427,738864,1775747357349,709344,42510,-803.257,752051.6,-4.118
1775747358527,738864,1775747357349,714148,42510,-803.257,756851.6,-4.034
1775747358627,738864,1775747357349,719042,42510,-803.257,761651.6,-2.076
1775747358726,738864,1775747357349,723938,42510,-803.432,766395.3,1.098
1775747358827,760704,1775747357847,728832,42510,-803.432,769179.3,45.057
1775747358927,760704,1775747357847,733632,40780,-803.432,773979.3,9.015
1775747359026,760704,1775747357847,738531,40780,-803.432,778731.3,12.077
1775747359127,760704,1775747357847,743332,40780,-803.432,783579.3,11.098
1775747359226,760704,1775747357847,748132,40780,-803.432,788331.3,12.098
1775747359327,760704,1775747357847,753024,40780,-803.432,793179.3,13.015
1775747359426,784944,1775747358348,757825,40780,-803.432,798123.3,10.036
1775747359527,784944,1775747358348,762626,40780,-803.432,802971.3,9.057
1775747359627,784944,1775747358348,767521,40780,-803.432,807771.3,11.036
1775747359733,784944,1775747358348,772325,40780,-803.588,812851.8,5.276
1775747359826,809184,1775747358849,777125,40780,-803.588,817507.8,8.276
1775747359926,809184,1775747358849,781925,40780,-803.588,822307.8,8.276
1775747360028,809184,1775747358849,786820,40780,-803.588,827203.8,8.255
1775747360126,809184,1775747358849,791712,40780,-803.588,831907.8,12.172
1775747360226,809184,1775747358849,796517,40780,-803.588,836707.8,12.276
1775747360327,809184,1775747358849,801408,40780,-803.588,841555.8,13.172
1775747360429,833376,1775747359349,806212,40780,-803.588,846643.8,7.255
1775747360527,833376,1775747359349,811106,40780,-803.588,851347.8,11.213
1775747360627,833376,1775747359349,815908,40780,-803.588,856147.8,11.255
1775747360726,833376,1775747359349,820801,40780,-803.730,860893.0,14.334
1775747360826,857616,1775747359849,825605,40780,-803.730,865933.0,9.417
1775747360927,857616,1775747359849,830592,40780,-803.730,870781.0,12.313
1775747361027,857616,1775747359849,835395,40780,-803.730,875581.0,12.375
1775747361127,857616,1775747359849,840101,40780,-803.730,880381.0,10.417
1775747361227,857616,1775747359849,844997,40780,-803.730,885181.0,12.417
1775747361327,881808,1775747360349,849890,40780,-803.730,890173.0,10.354
1775747361427,881808,1775747360349,854690,40780,-803.730,894973.0,10.354
1775747361527,881808,1775747360349,859584,40780,-803.730,899773.0,12.313
1775747361627,881808,1775747360349,864385,40780,-803.730,904573.0,12.334
1775747361726,881808,1775747360349,869280,40780,-804.157,909304.5,15.740
1775747361826,906048,1775747360849,874081,40780,-804.157,914344.5,10.761
1775747361928,906048,1775747360849,878885,40780,-804.157,919240.5,8.844
1775747362027,906048,1775747360849,883779,40780,-804.157,923992.5,11.803
1775747362126,906048,1775747360849,888577,40780,-804.157,928744.5,12.761
1775747362227,906048,1775747360849,893381,40780,-804.157,933592.5,11.844
1775747362350,930192,1775747361347,898273,40780,-804.157,939736.5,-14.239
1775747362427,930192,1775747361347,903074,40780,-804.157,943432.5,8.782
1775747362526,930192,1775747361347,907969,40780,-804.157,948184.5,11.761
1775747362630,930192,1775747361347,912770,40780,-804.441,953162.8,8.066
1775747362727,930192,1775747361347,917667,40780,-804.441,957818.8,13.087
1775747362827,954384,1775747361848,922469,40780,-804.441,962762.8,10.128
1775747362927,954384,1775747361848,927361,40780,-804.441,967562.8,12.045
1775747363027,954384,1775747361848,932161,40780,-804.441,972362.8,12.045
1775747363127,954384,1775747361848,936962,40780,-804.441,977162.8,12.066
1775747363226,954384,1775747361848,941858,40780,-804.441,981914.8,15.066
1775747363327,954384,1775747361848,946753,40780,-804.441,986762.8,16.045
1775747363427,978672,1775747362348,951555,40780,-804.441,991850.8,10.087
1775747363527,978672,1775747362348,956357,40780,-804.441,996650.8,10.128
1775747363627,978672,1775747362348,961253,40780,-804.441,1001450.8,12.128
1775747363727,978672,1775747362348,966146,40780,-804.697,1006238.6,14.322
1775747363827,1002912,1775747362848,971040,40780,-804.697,1011278.6,11.280
1775747363926,1002912,1775747362848,975843,40780,-804.697,1016030.6,12.343
1775747364026,1002912,1775747362848,980645,40780,-804.697,1020830.6,12.384
1775747364126,1002912,1775747362848,985536,40780,-804.697,1025630.6,14.280
1775747364227,1002912,1775747362848,990337,40780,-804.697,1030478.6,13.301
1775747364336,1002912,1775747362848,995138,40780,-804.697,1035710.6,4.322
1775747364426,1024752,1775747363349,1000033,40780,-804.697,1037822.6,62.301
1775747364526,1024752,1775747363349,1004928,38388,-804.697,1042622.6,14.447
1775747364626,1024752,1775747363349,1009729,38388,-804.697,1047422.6,14.468
1775747364726,1024752,1775747363349,1014529,38388,-804.927,1052211.5,14.698
1775747364827,1049040,1775747363847,1019332,38388,-804.927,1057443.5,5.761
1775747364926,1049040,1775747363847,1024226,38388,-804.927,1062195.5,8.719
1775747365026,1049040,1775747363847,1029122,38388,-804.927,1066995.5,10.719
1775747365126,1049040,1775747363847,1033925,38388,-804.927,1071795.5,10.781
1775747365226,1049040,1775747363847,1038820,38388,-804.927,1076595.5,12.761
1775747365328,1073232,1775747364349,1043713,38388,-804.927,1081587.5,10.698
1775747365427,1073232,1775747364349,1048517,38388,-804.927,1086339.5,11.781
1775747365527,1073232,1775747364349,1053409,38388,-804.927,1091139.5,13.698
1775747365629,1073232,1775747364349,1058210,38388,-804.934,1096035.1,11.726
1775747365726,1073232,1775747364349,1063106,38388,-804.934,1100691.1,16.726
1775747365827,1097520,1775747364847,1067908,38388,-804.934,1105923.1,7.768
1775747365926,1097520,1775747364847,1072800,38388,-804.934,1110675.1,10.685
1775747366026,1097520,1775747364847,1077603,38388,-804.934,1115475.1,10.747
1775747366126,1097520,1775747364847,1082405,38388,-804.934,1120275.1,10.789
1775747366227,1097520,1775747364847,1087300,38388,-804.934,1125123.1,11.768
1775747366363,1121808,1775747365349,1092101,38388,-804.934,1131843.1,-28.211
1775747366427,1121808,1775747365349,1096992,39471,-804.934,1134915.1,32.247
1775747366527,1121808,1775747365349,1101794,39471,-804.934,1139715.1,32.289
1775747366628,1121808,1775747365349,1106688,39471,-804.941,1144562.8,33.253
1775747366726,1121808,1775747365349,1111491,39471,-804.941,1149266.8,35.316
1775747366827,1146096,1775747365847,1116387,39471,-804.941,1154498.8,28.316
1775747366927,1146096,1775747365847,1121280,39471,-804.941,1159298.8,30.253
1775747367026,1146096,1775747365847,1126081,39471,-804.941,1164050.8,31.274
1775747367127,1146096,1775747365847,1130883,39471,-804.941,1168898.8,30.316
1775747367226,1146096,1775747365847,1135685,39471,-804.941,1173650.8,31.358
1775747367327,1146096,1775747365847,1140579,39471,-804.941,1178498.8,32.316
1775747367427,1170336,1775747366348,1140579,39471,-804.941,1183490.8,-71.684
1775747367527,1170336,1775747366348,1145381,42224,-804.941,1188290.8,-14.288
1775747367626,1170336,1775747366348,1150272,42224,-804.941,1193042.8,-11.392
1775747367726,1170336,1775747366348,1155074,42224,-804.947,1197842.5,-11.345
1775747367827,1194528,1775747366847,1159969,42224,-804.947,1202930.5,-15.365
1775747367926,1194528,1775747366847,1164771,42224,-804.947,1207682.5,-14.324
1775747368027,1194528,1775747366847,1169665,42224,-804.947,1212530.5,-13.365
1775747368127,1194528,1775747366847,1174467,42224,-804.947,1217330.5,-13.324
1775747368227,1194528,1775747366847,1179268,42224,-804.947,1222130.5,-13.303
1775747368327,1194528,1775747366847,1184161,42224,-804.947,1226930.5,-11.365
1775747368430,1218816,1775747367349,1188963,42224,-804.947,1232066.5,-18.324
1775747368526,1218816,1775747367349,1193857,42224,-804.947,1236674.5,-12.365
1775747368627,1218816,1775747367349,1198657,42224,-804.947,1241522.5,-13.365
1775747368727,1218816,1775747367349,1203460,42224,-804.952,1246322.3,-13.298
1775747368826,1243008,1775747367855,1208355,42224,-804.952,1250978.3,-8.319
1775747368927,1243008,1775747367855,1213157,42224,-804.952,1255826.3,-9.277
1775747369027,1243008,1775747367855,1218051,42224,-804.952,1260626.3,-7.319
1775747369127,1243008,1775747367855,1222852,42224,-804.952,1265426.3,-7.298
1775747369227,1243008,1775747367855,1227748,42224,-804.952,1270226.3,-5.298
1775747369327,1264800,1775747368349,1232642,42224,-804.952,1273106.3,36.660
1775747369427,1264800,1775747368349,1237538,40816,-804.952,1277906.3,9.327
1775747369527,1264800,1775747368349,1242528,40816,-804.952,1282706.3,13.285
1775747369627,1264800,1775747368349,1247234,40816,-804.952,1287506.3,11.327
1775747369727,1264800,1775747368349,1252036,40816,-804.957,1292306.1,11.374
1775747369826,1289040,1775747368847,1256931,40816,-804.957,1297394.1,7.353
1775747369926,1289040,1775747368847,1261824,40816,-804.957,1302194.1,9.290
1775747370026,1289040,1775747368847,1266624,40816,-804.957,1306994.1,9.290
1775747370127,1289040,1775747368847,1271427,40816,-804.957,1311842.1,8.353
1775747370227,1289040,1775747368847,1276321,40816,-804.957,1316642.1,10.311
1775747370328,1313232,1775747369348,1281123,40816,-804.957,1321634.1,6.353
1775747370426,1313232,1775747369348,1286018,40816,-804.957,1326338.1,10.332
1775747370527,1313232,1775747369348,1290821,40816,-804.957,1331186.1,9.395
1775747370629,1313232,1775747369348,1295810,40816,-804.961,1336081.9,11.336
1775747370727,1313232,1775747369348,1300515,40816,-804.961,1340785.9,11.357
1775747370826,1337424,1775747369849,1305408,40816,-804.961,1345681.9,11.295
1775747370927,1337424,1775747369849,1310212,40816,-804.961,1350529.9,10.378
1775747371027,1337424,1775747369849,1315105,40816,-804.961,1355329.9,12.315
1775747371126,1337424,1775747369849,1319907,40816,-804.961,1360081.9,13.357
1775747371227,1337424,1775747369849,1324801,40816,-804.961,1364929.9,14.315
1775747371327,1361712,1775747370348,1329697,40816,-804.961,1370065.9,9.315
1775747371427,1361712,1775747370348,1334592,40816,-804.961,1374865.9,11.295
1775747371527,1361712,1775747370348,1339301,40816,-804.961,1379665.9,9.399
1775747371626,1361712,1775747370348,1344193,40816,-804.961,1384417.9,12.315
1775747371727,1361712,1775747370348,1349089,40816,-804.965,1389265.7,13.319
1775747371826,1385904,1775747370848,1353893,40816,-804.965,1394209.7,10.403
1775747371927,1385904,1775747370848,1358692,40816,-804.965,1399057.7,9.382
1775747372027,1385904,1775747370848,1363584,40816,-804.965,1403857.7,11.298
1775747372127,1385904,1775747370848,1368384,40816,-804.965,1408657.7,11.298
1775747372227,1385904,1775747370848,1373188,40816,-804.965,1413457.7,11.382
1775747372327,1385904,1775747370848,1378083,40816,-804.965,1418257.7,13.361
1775747372426,1410144,1775747371349,1382884,40816,-804.965,1423201.7,10.382
1775747372527,1410144,1775747371349,1387684,40816,-804.965,1428049.7,9.382
1775747372627,1410144,1775747371349,1392576,40816,-804.965,1432849.7,11.298
1775747372738,1410144,1775747371349,1397472,40816,-804.969,1438177.5,2.302
1775747372827,1434384,1775747371849,1402177,40816,-804.969,1442689.5,6.323
1775747372927,1434384,1775747371849,1407074,40816,-804.969,1447489.5,8.344
1775747373027,1434384,1775747371849,1411968,40816,-804.969,1452289.5,10.302
1775747373127,1434384,1775747371849,1416770,40816,-804.969,1457089.5,10.344
1775747373227,1434384,1775747371849,1421572,40816,-804.969,1461889.5,10.385
1775747373327,1434384,1775747371849,1426465,40816,-804.969,1466689.5,12.323
1775747373426,1458672,1775747372347,1431269,40816,-804.969,1471825.5,5.406
1775747373527,1458672,1775747372347,1436161,40816,-804.969,1476673.5,6.323
1775747373627,1458672,1775747372347,1440965,40816,-804.969,1481473.5,6.406
1775747373727,1458672,1775747372347,1445858,40816,-804.972,1486273.4,8.347
1775747373839,1482960,1775747372849,1450752,40816,-804.972,1491841.4,-5.695
1775747373927,1482960,1775747372849,1455648,40816,-804.972,1496065.4,8.305
1775747374027,1482960,1775747372849,1460356,40816,-804.972,1500865.4,6.388
1775747374127,1482960,1775747372849,1465253,40816,-804.972,1505665.4,8.409
1775747374227,1482960,1775747372849,1470147,40816,-804.972,1510465.4,10.368
1775747374327,1504800,1775747373349,1475041,40816,-804.972,1513105.4,57.326
1775747374426,1504800,1775747373349,1479844,38615,-804.972,1517857.4,12.534
1775747374527,1504800,1775747373349,1484738,38615,-804.972,1522705.4,13.493
1775747374628,1504800,1775747373349,1489541,38615,-804.975,1527553.2,12.558
1775747374730,1504800,1775747373349,1494437,38615,-804.975,1532449.2,12.558
1775747374828,1529136,1775747373847,1499329,38615,-804.975,1537585.2,7.475
1775747374926,1529136,1775747373847,1504131,38615,-804.975,1542289.2,9.516
1775747375027,1529136,1775747373847,1508931,38615,-804.975,1547137.2,8.516
1775747375127,1529136,1775747373847,1513825,38615,-804.975,1551937.2,10.475
1775747375227,1529136,1775747373847,1518629,38615,-804.975,1556737.2,10.558
1775747375326,1553376,1775747374347,1523520,38615,-804.975,1561729.2,8.454
1775747375427,1553376,1775747374347,1528323,38615,-804.975,1566577.2,7.516
1775747375526,1553376,1775747374347,1533217,38615,-804.975,1571329.2,10.475
1775747375627,1553376,1775747374347,1538112,38615,-804.975,1576177.2,11.454
1775747375727,1553376,1775747374347,1542914,38615,-804.977,1580977.1,11.498
1775747375827,1577568,1775747374859,1547809,38615,-804.977,1585393.1,21.477
1775747375927,1577568,1775747374859,1552609,37790,-804.977,1590193.1,4.290
1775747376027,1577568,1775747374859,1557412,37790,-804.977,1594993.1,4.352
1775747376127,1577568,1775747374859,1562306,37790,-804.977,1599793.1,6.310
1775747376226,1577568,1775747374859,1567108,37790,-804.977,1604545.1,7.352
1775747376327,1577568,1775747374859,1572002,37790,-804.977,1609393.1,8.310
1775747376426,1601712,1775747375348,1576899,37790,-804.977,1614817.1,-2.669
1775747376527,1601712,1775747375348,1581699,37790,-804.977,1619665.1,-3.669
1775747376627,1601712,1775747375348,1586594,37790,-804.977,1624465.1,-1.690
1775747376727,1601712,1775747375348,1591393,37790,-804.979,1629265.0,-1.708
1775747376829,1625904,1775747375859,1596196,37790,-804.979,1633825.0,3.354
1775747376927,1625904,1775747375859,1601089,37790,-804.979,1638529.0,7.292
1775747377027,1625904,1775747375859,1605986,37790,-804.979,1643329.0,9.313
1775747377127,1625904,1775747375859,1610788,37790,-804.979,1648129.0,9.354
1775747377227,1625904,1775747375859,1615681,37790,-804.979,1652929.0,11.292
1775747377327,1650144,1775747376347,1620484,37790,-804.979,1658545.0,-5.646
1775747377426,1650144,1775747376347,1625379,37790,-804.979,1663297.0,-2.666
1775747377527,1650144,1775747376347,1630273,37790,-804.979,1668145.0,-1.708
1775747377627,1650144,1775747376347,1630273,37790,-804.979,1672945.0,-101.708
1775747377727,1650144,1775747376347,1635075,41696,-804.979,1677745.0,-20.291
1775747377827,1674336,1775747376848,1639875,41696,-804.979,1682689.0,-23.291
1775747377926,1674336,1775747376848,1644768,41696,-804.979,1687441.0,-20.354
1775747378027,1674336,1775747376848,1649571,41696,-804.979,1692289.0,-21.291
1775747378127,1674336,1775747376848,1654465,41696,-804.979,1697089.0,-19.333
1775747378227,1674336,1775747376848,1659267,41696,-804.979,1701889.0,-19.291
1775747378327,1674336,1775747376848,1664067,41696,-804.979,1706689.0,-19.291
1775747378427,1674336,1775747376848,1668960,41696,-804.979,1711489.0,-17.354
1775747378526,1674336,1775747376848,1673763,41696,-804.979,1716241.0,-16.291
1775747378626,1674336,1775747376848,1678657,41696,-804.979,1721041.0,-14.333
1775747378727,1674336,1775747376848,1683458,41696,-804.979,1725889.0,-15.312
1775747378827,1674336,1775747376848,1688261,41696,-804.979,1730689.0,-15.250
1775747378927,1674336,1775747376848,1693060,41696,-804.979,1735489.0,-15.271
1775747379026,1674336,1775747376848,1697955,41696,-804.979,1740241.0,-12.291
1775747379127,1674336,1775747376848,1702757,41696,-804.979,1745089.0,-13.250
1775747379227,1674336,1775747376848,1707651,41696,-804.979,1749889.0,-11.291
1775747379334,1674336,1775747376848,1712544,41696,-804.979,1755025.0,-16.354
1775747379427,1674336,1775747376848,1717347,41696,-804.979,1759489.0,-9.291
1775747379527,1674336,1775747376848,1722149,41696,-804.979,1764289.0,-9.250
1775747379627,1674336,1775747376848,1727042,41696,-804.979,1769089.0,-7.312
1775747379727,1674336,1775747376848,1731936,41696,-804.979,1773889.0,-5.354
1775747379827,1674336,1775747376848,1736739,41696,-804.979,1778689.0,-5.291
1775747379927,1768992,1775747378847,1741632,41696,-804.981,1782192.9,23.648
1775747380027,1768992,1775747378847,1746341,40788,-803.985,1787040.7,1.839
1775747380127,1768992,1775747378847,1751232,40788,-803.985,1791840.7,3.735
1775747380226,1768992,1775747378847,1756033,40788,-803.985,1796592.7,4.756
1775747380329,1793232,1775747379347,1760833,40788,-803.985,1801776.7,-3.244
1775747380428,1793232,1775747379347,1765729,40788,-803.985,1806528.7,-0.244
1775747380527,1793232,1775747379347,1770624,40788,-803.985,1811280.7,2.735
1775747380627,1793232,1775747379347,1775424,40788,-803.985,1816080.7,2.735
1775747380727,1793232,1775747379347,1780225,40788,-803.087,1820923.9,1.857
1775747380826,1817424,1775747379848,1785121,40788,-803.087,1825819.9,1.857
1775747380926,1817424,1775747379848,1789924,40788,-803.087,1830619.9,1.920
1775747381027,1817424,1775747379848,1794817,40788,-803.087,1835467.9,2.857
1775747381135,1817424,1775747379848,1799619,40788,-803.087,1840651.9,-5.101
1775747381227,1817424,1775747379848,1804421,40788,-803.087,1845067.9,2.941
1775747381326,1841712,1775747380347,1809316,40788,-803.087,1850155.9,-1.080
1775747381426,1841712,1775747380347,1814209,40788,-803.087,1854955.9,0.857
1775747381527,1841712,1775747380347,1819013,40788,-803.087,1859803.9,-0.059
1775747381627,1841712,1775747380347,1823906,40788,-803.378,1864589.9,2.170
1775747381727,1841712,1775747380347,1828708,40788,-803.378,1869389.9,2.211
1775747381826,1865856,1775747380847,1833602,40788,-803.378,1874285.9,2.170
1775747381927,1865856,1775747380847,1838405,40788,-803.378,1879133.9,1.232
1775747382027,1865856,1775747380847,1843298,40788,-803.378,1883933.9,3.170
1775747382127,1865856,1775747380847,1848193,40788,-803.378,1888733.9,5.149
1775747382227,1865856,1775747380847,1852997,40788,-803.378,1893533.9,5.232
1775747382327,1890096,1775747381347,1857893,40788,-803.378,1898573.9,2.232
1775747382426,1890096,1775747381347,1862784,40788,-803.378,1903325.9,5.128
1775747382527,1890096,1775747381347,1867588,40788,-803.378,1908173.9,4.211
1775747382627,1890096,1775747381347,1872388,40788,-803.378,1912973.9,4.211
1775747382727,1890096,1775747381347,1877285,40788,-803.640,1917761.3,6.494
1775747382829,1914384,1775747381848,1882085,40788,-803.640,1922897.3,-0.506
1775747382926,1914384,1775747381848,1886978,40788,-803.640,1927553.3,4.432
1775747383026,1914384,1775747381848,1891779,40788,-803.640,1932353.3,4.453
1775747383127,1914384,1775747381848,1896579,40788,-803.640,1937201.3,3.453
1775747383226,1914384,1775747381848,1901474,40788,-803.640,1941953.3,6.432
1775747383349,1938528,1775747382349,1906276,40788,-803.640,1947953.3,-18.527
1775747383427,1938528,1775747382349,1911168,40788,-803.640,1951697.3,5.390
1775747383527,1938528,1775747382349,1915972,40788,-803.640,1956497.3,5.473
1775747383627,1938528,1775747382349,1920773,40788,-803.640,1961297.3,5.494
1775747383728,1938528,1775747382349,1925664,40788,-803.876,1966134.0,6.626
1775747383827,1962816,1775747382847,1930469,40788,-803.876,1971270.0,-0.270
1775747383927,1962816,1775747382847,1935365,40788,-803.876,1976070.0,1.730
1775747384026,1962816,1775747382847,1940352,40788,-803.876,1980822.0,6.626
1775747384127,1962816,1775747382847,1945153,40788,-803.876,1985670.0,5.647
1775747384226,1962816,1775747382847,1949953,40788,-803.876,1990422.0,6.647
1775747384326,1962816,1775747382847,1954755,40788,-803.876,1995222.0,6.688
1775747384427,1987008,1775747383348,1959651,40788,-803.876,2000214.0,4.688
1775747384527,1987008,1775747383348,1964547,40788,-803.876,2005014.0,6.688
1775747384627,1987008,1775747383348,1969348,40788,-803.876,2009814.0,6.709
1775747384727,1987008,1775747383348,1974149,40788,-804.088,2014603.8,6.943
1775747384826,2008800,1775747383847,1979040,40788,-804.088,2017195.8,54.838
1775747384927,2008800,1775747383847,1983840,38682,-804.088,2022043.8,9.963
1775747385027,2008800,1775747383847,1988645,38682,-804.088,2026843.8,10.068
1775747385128,2008800,1775747383847,1993635,38682,-804.088,2031691.8,13.026
1775747385227,2008800,1775747383847,1998528,38682,-804.088,2036443.8,15.963
1775747385327,2008800,1775747383847,2003330,38682,-804.088,2041243.8,16.005
1775747385427,2033040,1775747384348,2008130,38682,-804.088,2046235.8,12.005
1775747385527,2033040,1775747384348,2012931,38682,-804.088,2051035.8,12.026
1775747385627,2033040,1775747384348,2017732,38682,-804.280,2055826.6,12.238
1775747385731,2033040,1775747384348,2022721,38682,-804.280,2060818.6,12.175
1775747385826,2057280,1775747384850,2027425,38682,-804.280,2065522.6,12.175
1775747385927,2057280,1775747384850,2032226,38682,-804.280,2070370.6,11.196
1775747386027,2057280,1775747384850,2037026,38682,-804.280,2075170.6,11.196
1775747386127,2057280,1775747384850,2041829,38682,-804.280,2079970.6,11.259
1775747386227,2057280,1775747384850,2046720,38682,-804.280,2084770.6,13.155
1775747386326,2081472,1775747385349,2051525,38682,-804.280,2089762.6,9.259
1775747386427,2081472,1775747385349,2056515,38682,-804.280,2094610.6,12.217
1775747386527,2081472,1775747385349,2061313,38682,-804.280,2099410.6,12.175
1775747386627,2081472,1775747385349,2066114,38682,-804.280,2104210.6,12.196
1775747386742,2081472,1775747385349,2071009,38682,-804.252,2109731.9,-0.852
1775747386827,2105760,1775747385849,2075904,38682,-804.252,2114099.9,10.127
1775747386927,2105760,1775747385849,2080706,38682,-804.252,2118899.9,10.168
1775747387027,2105760,1775747385849,2085509,38682,-804.252,2123699.9,10.231
1775747387129,2105760,1775747385849,2090496,38682,-804.252,2128595.9,12.127
1775747387227,2105760,1775747385849,2095298,38682,-804.252,2133299.9,14.168
1775747387327,2130000,1775747386349,2100194,38682,-804.252,2138339.9,11.168
1775747387426,2130000,1775747386349,2104995,38682,-804.252,2143091.9,12.189
1775747387527,2130000,1775747386349,2109888,38682,-804.252,2147939.9,13.127
1775747387627,2130000,1775747386349,2114693,38682,-804.326,2152736.3,13.306
1775747387726,2130000,1775747386349,2119585,38682,-804.326,2157488.3,16.222
1775747387826,2154192,1775747386847,2124480,38682,-804.326,2162576.3,12.201
1775747387927,2154192,1775747386847,2129280,38682,-804.326,2167424.3,11.201
1775747388026,2154192,1775747386847,2134082,38682,-804.326,2172176.3,12.243
1775747388127,2154192,1775747386847,2138978,38682,-804.326,2177024.3,13.243
1775747388227,2154192,1775747386847,2143779,38682,-804.326,2181824.3,13.264
1775747388328,2178432,1775747387349,2148581,38682,-804.326,2186816.3,9.306
1775747388427,2178432,1775747387349,2148581,38682,-804.326,2191568.3,-89.694
1775747388527,2178432,1775747387349,2153472,42126,-804.326,2196368.3,-16.049
1775747388626,2178432,1775747387349,2158277,42126,-804.326,2201120.3,-14.944
1775747388727,2178432,1775747387349,2163170,42126,-804.394,2205965.1,-13.940
1775747388832,2202720,1775747387847,2167973,42126,-804.394,2211389.1,-26.877
1775747388927,2202720,1775747387847,2172961,42126,-804.394,2215949.1,-17.960
1775747389027,2202720,1775747387847,2177668,42126,-804.394,2220749.1,-19.898
1775747389127,2202720,1775747387847,2182561,42126,-804.394,2225549.1,-17.960
1775747389226,2202720,1775747387847,2187363,42126,-804.394,2230301.1,-16.919
1775747389327,2202720,1775747387847,2192163,42126,-804.394,2235149.1,-17.919
1775747389426,2226912,1775747388349,2197058,42126,-804.394,2239997.1,-16.940
1775747389527,2226912,1775747388349,2201953,42126,-804.394,2244845.1,-15.960
1775747389627,2226912,1775747388349,2206849,42126,-804.394,2249645.1,-13.960
1775747389726,2226912,1775747388349,2211651,42126,-804.454,2254394.2,-12.858
1775747389827,2251104,1775747388849,2216453,42126,-804.454,2259434.2,-17.816
1775747389926,2251104,1775747388849,2221346,42126,-804.454,2264186.2,-14.879
1775747390027,2251104,1775747388849,2226148,42126,-804.454,2269034.2,-15.837
1775747390127,2251104,1775747388849,2231042,42126,-804.454,2273834.2,-13.879
1775747390227,2251104,1775747388849,2235843,42126,-804.454,2278634.2,-13.858
1775747390326,2251104,1775747388849,2240642,42126,-804.454,2283386.2,-12.879
1775747390426,2272896,1775747389349,2245444,42126,-804.454,2285978.2,33.163
1775747390527,2272896,1775747389349,2250244,40853,-804.454,2290826.2,5.642
1775747390627,2272896,1775747389349,2255136,40853,-804.454,2295626.2,7.559
1775747390727,2272896,1775747389349,2259941,40853,-804.509,2300423.6,7.717
1775747390827,2297088,1775747389848,2264836,40853,-804.509,2305463.6,4.697
1775747390927,2297088,1775747389848,2269729,40853,-804.509,2310263.6,6.634
1775747391027,2297088,1775747389848,2274533,40853,-804.509,2315063.6,6.717
1775747391127,2297088,1775747389848,2279429,40853,-804.509,2319863.6,8.717
1775747391227,2297088,1775747389848,2284325,40853,-804.509,2324663.6,10.717
1775747391326,2321328,1775747390349,2289216,40853,-804.509,2329607.6,9.613
1775747391427,2321328,1775747390349,2294018,40853,-804.509,2334455.6,8.655
1775747391526,2321328,1775747390349,2298820,40853,-804.509,2339207.6,9.697
1775747391627,2321328,1775747390349,2303714,40853,-804.758,2344043.6,10.904
1775747391727,2321328,1775747390349,2308516,40853,-804.758,2348843.6,10.946
1775747391826,2345616,1775747390847,2313410,40853,-804.758,2353979.6,5.904
1775747391927,2345616,1775747390847,2318213,40853,-804.758,2358827.6,4.966
1775747392027,2345616,1775747390847,2323106,40853,-804.758,2363627.6,6.904
1775747392126,2345616,1775747390847,2328001,40853,-804.758,2368379.6,9.883
1775747392227,2345616,1775747390847,2332801,40853,-804.758,2373227.6,8.883
1775747392359,2369808,1775747391349,2337697,40853,-804.758,2379659.6,-23.117
1775747392427,2369808,1775747391349,2342500,41741,-804.758,2382923.6,27.446
1775747392527,2369808,1775747391349,2347395,41741,-804.758,2387723.6,29.425
1775747392627,2369808,1775747391349,2352290,41741,-804.758,2392523.6,31.404
1775747392726,2369808,1775747391349,2357184,41741,-804.982,2397264.9,34.586
1775747392826,2394096,1775747391855,2361984,41741,-804.982,2402064.9,34.586
1775747392926,2394096,1775747391855,2366785,41741,-804.982,2406864.9,34.607
1775747393027,2394096,1775747391855,2371585,41741,-804.982,2411712.9,33.607
1775747393126,2394096,1775747391855,2376387,41741,-804.982,2416464.9,34.649
1775747393227,2394096,1775747391855,2381283,41741,-804.982,2421312.9,35.649
1775747393332,2394096,1775747391855,2386085,41741,-804.982,2426352.9,30.691
1775747393426,2418336,1775747392349,2390977,41741,-804.982,2431392.9,27.607
1775747393527,2418336,1775747392349,2395778,40681,-804.982,2436240.9,4.545
1775747393627,2418336,1775747392349,2400578,40681,-804.982,2441040.9,4.545
1775747393727,2418336,1775747392349,2405473,40681,-805.184,2445831.2,6.726
1775747393826,2442672,1775747392859,2410369,40681,-805.184,2450439.2,12.726
1775747393927,2442672,1775747392859,2415168,40681,-805.184,2455287.2,11.705
1775747394027,2442672,1775747392859,2419971,40681,-805.184,2460087.2,11.767
1775747394127,2442672,1775747392859,2424864,40681,-805.184,2464887.2,13.705
1775747394227,2442672,1775747392859,2429665,40681,-805.184,2469687.2,13.726
1775747394327,2442672,1775747392859,2434465,40681,-805.184,2474487.2,13.726
1775747394427,2466912,1775747393349,2439360,40681,-805.184,2480007.2,0.705
1775747394527,2466912,1775747393349,2444164,40681,-805.184,2484807.2,0.788
1775747394627,2466912,1775747393349,2449156,40681,-805.184,2489607.2,4.788
1775747394727,2466912,1775747393349,2453857,40681,-805.366,2494398.4,2.907
1775747394839,2491152,1775747393851,2458848,40681,-805.366,2499918.4,-8.113
1775747394928,2491152,1775747393851,2463653,40681,-805.366,2504190.4,2.991
1775747395027,2491152,1775747393851,2468448,40681,-805.366,2508942.4,3.887
1775747395127,2491152,1775747393851,2473250,40681,-805.366,2513742.4,3.928
1775747395227,2491152,1775747393851,2478145,40681,-805.366,2518542.4,5.907
1775747395326,2512992,1775747394349,2482946,40681,-805.366,2521230.4,49.928
1775747395427,2512992,1775747394349,2487746,38764,-805.366,2526078.4,8.991
1775747395527,2512992,1775747394349,2492640,38764,-805.366,2530878.4,10.949
1775747395627,2512992,1775747394349,2497445,38764,-805.366,2535678.4,11.053
1775747395727,2512992,1775747394349,2502339,38764,-805.529,2540470.6,13.175
1775747395826,2537136,1775747394847,2507232,38764,-805.529,2545462.6,11.112
1775747395927,2537136,1775747394847,2512032,38764,-805.529,2550310.6,10.112
1775747396027,2537136,1775747394847,2516836,38764,-805.529,2555110.6,10.196
1775747396126,2537136,1775747394847,2521728,38764,-805.529,2559862.6,13.112
1775747396227,2537136,1775747394847,2526533,38764,-805.529,2564710.6,12.217
1775747396357,2561328,1775747395348,2531425,38764,-805.529,2571094.6,-18.867
1775747396427,2561328,1775747395348,2536228,38764,-805.529,2574454.6,11.196
1775747396526,2561328,1775747395348,2541028,38764,-805.529,2579206.6,12.196
1775747396627,2561328,1775747395348,2545922,38764,-805.529,2584054.6,13.154
1775747396726,2561328,1775747395348,2550816,38764,-805.576,2588804.3,16.160
1775747396826,2585664,1775747395848,2555621,38764,-805.576,2593940.3,9.264
1775747396927,2585664,1775747395848,2560515,38764,-805.576,2598788.3,10.222
1775747397027,2585664,1775747395848,2565411,38764,-805.576,2603588.3,12.222
1775747397127,2585664,1775747395848,2570211,38764,-805.576,2608388.3,12.222
1775747397227,2585664,1775747395848,2575011,38764,-805.576,2613188.3,12.222
1775747397327,2585664,1775747395848,2579907,38764,-805.576,2617988.3,14.222
1775747397427,2609904,1775747396348,2584709,38764,-805.576,2623028.3,9.264
1775747397526,2609904,1775747396348,2589604,38764,-805.576,2627780.3,12.243
1775747397627,2609904,1775747396348,2594496,38764,-805.576,2632628.3,13.160
1775747397727,2609904,1775747396348,2599301,38764,-805.619,2637426.3,13.306
1775747397827,2634096,1775747396848,2604195,38764,-805.619,2642418.3,11.264
1775747397927,2634096,1775747396848,2609088,38764,-805.619,2647218.3,13.202
1775747398027,2634096,1775747396848,2613985,38764,-805.619,2652018.3,15.223
1775747398126,2634096,1775747396848,2618692,38764,-805.619,2656770.3,14.285
1775747398227,2634096,1775747396848,2623588,38764,-805.619,2661618.3,15.285
1775747398327,2634096,1775747396848,2628482,38764,-805.619,2666418.3,17.244
1775747398427,2658288,1775747397349,2633377,38764,-805.619,2671362.3,16.223
1775747398527,2658288,1775747397349,2638181,38764,-805.619,2676162.3,16.306
1775747398627,2658288,1775747397349,2638181,38764,-805.619,2680962.3,-83.694
1775747398727,2658288,1775747397349,2643074,41978,-805.657,2685760.5,-14.760
1775747398827,2682480,1775747397852,2647877,41978,-805.657,2690608.5,-15.697
1775747398927,2682480,1775747397852,2652770,41978,-805.657,2695408.5,-13.760
1775747399027,2682480,1775747397852,2657665,41978,-805.657,2700208.5,-11.781
1775747399127,2682480,1775747397852,2662560,41978,-805.657,2705008.5,-9.802
1775747399227,2682480,1775747397852,2667362,41978,-805.657,2709808.5,-9.760
1775747399326,2706768,1775747398349,2672161,41978,-805.657,2714992.5,-17.781
1775747399426,2706768,1775747398349,2676963,41978,-805.657,2719792.5,-17.739
1775747399527,2706768,1775747398349,2681859,41978,-805.657,2724640.5,-16.739
1775747399628,2706768,1775747398349,2686661,41978,-805.791,2729482.0,-17.563
1775747399727,2706768,1775747398349,2691554,41978,-805.791,2734234.0,-14.626
1775747399827,2731008,1775747398849,2696448,41978,-805.791,2739274.0,-17.667
1775747399927,2731008,1775747398849,2701249,41978,-805.791,2744074.0,-17.646
1775747400026,2731008,1775747398849,2706050,41978,-805.791,2748826.0,-16.626
1775747400127,2731008,1775747398849,2710850,41978,-805.791,2753674.0,-17.626
1775747400227,2731008,1775747398849,2715651,41978,-805.791,2758474.0,-17.605
1775747400357,2752848,1775747399349,2725344,41978,-805.791,2762554.0,99.333
1775747400427,2752848,1775747399349,2725344,38164,-805.791,2765914.0,-50.126
1775747400527,2752848,1775747399349,2730146,38164,-805.791,2770714.0,-50.084
1775747400626,2752848,1775747399349,2734949,38164,-805.791,2775466.0,-49.021
1775747400727,2752848,1775747399349,2739843,38164,-805.791,2780314.0,-48.063
1775747400826,2777088,1775747399847,2744737,38164,-805.912,2785396.2,-51.984
1775747400927,2777088,1775747399847,2749539,38164,-805.912,2790244.2,-52.942
1775747401026,2777088,1775747399847,2754435,38164,-805.912,2794996.2,-49.942
1775747401127,2777088,1775747399847,2759329,38164,-805.912,2799844.2,-48.984
1775747401227,2777088,1775747399847,2764132,38164,-805.912,2804644.2,-48.921
1775747401327,2801328,1775747400348,2769024,38164,-805.912,2809636.2,-51.005
1775747401427,2801328,1775747400348,2773829,38164,-805.912,2814436.2,-50.901
1775747401527,2801328,1775747400348,2778721,40119,-805.912,2819236.2,-8.255
1775747401627,2801328,1775747400348,2783521,40119,-805.912,2824036.2,-8.255
1775747401727,2801328,1775747400348,2788323,40119,-806.021,2828831.0,-8.104
1775747401826,2825520,1775747400855,2793219,40119,-806.021,2833439.0,-2.104
1775747401926,2825520,1775747400855,2798113,40119,-806.021,2838239.0,-0.146
1775747402026,2825520,1775747400855,2803008,40119,-806.021,2843039.0,1.833
1775747402127,2825520,1775747400855,2807812,40119,-806.021,2847887.0,0.917
1775747402227,2825520,1775747400855,2812706,40119,-806.021,2852687.0,2.875
1775747402327,2849712,1775747401349,2817601,40119,-806.021,2857967.0,-5.146
1775747402427,2849712,1775747401349,2822496,40119,-806.021,2862767.0,-3.167
1775747402528,2849712,1775747401349,2827392,40119,-806.021,2867615.0,-2.167
1775747402627,2849712,1775747401349,2832196,40119,-806.021,2872367.0,-1.083
1775747402727,2849712,1775747401349,2837088,40119,-806.119,2877162.3,0.931
1775747402827,2874048,1775747401847,2841890,40119,-806.119,2882394.3,-8.027
1775747402927,2874048,1775747401847,2846693,40119,-806.119,2887194.3,-7.965
1775747403027,2874048,1775747401847,2851587,40119,-806.119,2891994.3,-6.006
1775747403127,2874048,1775747401847,2856482,40119,-806.119,2896794.3,-4.027
1775747403227,2874048,1775747401847,2861281,40119,-806.119,2901594.3,-4.048
1775747403327,2898288,1775747402349,2866177,40119,-806.119,2906538.3,-5.048
1775747403426,2898288,1775747402349,2870980,40119,-806.119,2911290.3,-3.986
1775747403526,2898288,1775747402349,2875873,40119,-806.119,2916090.3,-2.048
1775747403627,2898288,1775747402349,2880770,40119,-806.119,2920938.3,-1.027
1775747403726,2898288,1775747402349,2885571,40119,-806.207,2925686.1,0.082
1775747403826,2922480,1775747402847,2890372,40119,-806.207,2930774.1,-5.897
1775747403926,2922480,1775747402847,2895266,40119,-806.207,2935574.1,-3.939
1775747404027,2922480,1775747402847,2900161,40119,-806.207,2940422.1,-2.960
1775747404127,2922480,1775747402847,2904961,40119,-806.207,2945222.1,-2.960
1775747404227,2922480,1775747402847,2909764,40119,-806.207,2950022.1,-2.897
1775747404326,2946768,1775747403349,2914658,40119,-806.207,2954966.1,-3.939
1775747404426,2946768,1775747403349,2919457,40119,-806.207,2959766.1,-3.960
1775747404527,2946768,1775747403349,2924259,40119,-806.207,2964614.1,-4.918
1775747404629,2946768,1775747403349,2929061,40119,-806.386,2969501.5,-6.697
1775747404727,2946768,1775747403349,2933955,40119,-806.386,2974205.5,-2.739
1775747404827,2970960,1775747403848,2938848,40119,-806.386,2979245.5,-5.801
1775747404927,2970960,1775747403848,2943650,40119,-806.386,2984045.5,-5.760
1775747405027,2970960,1775747403848,2948544,40119,-806.386,2988845.5,-3.801
1775747405127,2970960,1775747403848,2953345,40119,-806.386,2993645.5,-3.780
1775747405227,2970960,1775747403848,2958146,40119,-806.386,2998445.5,-3.760
1775747405327,2992800,1775747404349,2963042,40119,-806.386,3001037.5,44.240
1775747405427,2992800,1775747404349,2967842,38420,-806.386,3005837.5,8.845
1775747405527,2992800,1775747404349,2972931,38420,-806.386,3010637.5,14.865
1775747405627,2992800,1775747404349,2977633,38420,-806.386,3015437.5,12.824
1775747405732,2992800,1775747404349,2982528,38420,-806.548,3020469.7,9.964
1775747405827,3017136,1775747404851,2987329,38420,-806.548,3025269.7,9.985
1775747405927,3017136,1775747404851,2992131,38420,-806.548,3030069.7,10.027
1775747406027,3017136,1775747404851,2997024,38420,-806.548,3034869.7,11.964
1775747406127,3017136,1775747404851,3001824,38420,-806.548,3039669.7,11.964
1775747406226,3017136,1775747404851,3006627,38420,-806.548,3044421.7,13.027
1775747406327,3017136,1775747404851,3011520,38420,-806.548,3049269.7,13.964
1775747406427,3041376,1775747405349,3016417,38420,-806.548,3054405.7,8.985
1775747406527,3041376,1775747405349,3021217,38420,-806.548,3059205.7,8.985
1775747406627,3041376,1775747405349,3026019,38420,-806.548,3064005.7,9.027
1775747406726,3041376,1775747405349,3030913,38420,-806.693,3068750.7,12.130
1775747406826,3065712,1775747405848,3035715,38420,-806.693,3073934.7,4.172
1775747406927,3065712,1775747405848,3040608,38420,-806.693,3078782.7,5.110
1775747407027,3065712,1775747405848,3045412,38420,-806.693,3083582.7,5.193
1775747407127,3065712,1775747405848,3050307,38420,-806.693,3088382.7,7.172
1775747407227,3065712,1775747405848,3055202,38420,-806.693,3093182.7,9.151
1775747407327,3065712,1775747405848,3060002,38420,-806.693,3097982.7,9.151
1775747407426,3089952,1775747406349,3064898,38420,-806.693,3102926.7,8.151
1775747407527,3089952,1775747406349,3069701,38420,-806.693,3107774.7,7.214
1775747407627,3089952,1775747406349,3074500,38420,-806.693,3112574.7,7.193
1775747407729,3089952,1775747406349,3079393,38420,-806.823,3117464.5,7.261
1775747407827,3114144,1775747406849,3084288,38420,-806.823,3122360.5,7.240
1775747407926,3114144,1775747406849,3089184,38420,-806.823,3127112.5,10.240
1775747408026,3114144,1775747406849,3093988,38420,-806.823,3131912.5,10.323
1775747408127,3114144,1775747406849,3098880,38420,-806.823,3136760.5,11.240
1775747408232,3114144,1775747406849,3103680,38420,-806.823,3141800.5,6.240
1775747408326,3138480,1775747407349,3108577,38420,-806.823,3146648.5,7.261
1775747408426,3138480,1775747407349,3113377,38420,-806.823,3151448.5,7.261
1775747408526,3138480,1775747407349,3118179,38420,-806.823,3156248.5,7.303
1775747408628,3138480,1775747407349,3123075,38420,-806.741,3161148.4,7.220
1775747408726,3138480,1775747407349,3123075,38420,-806.741,3165852.4,-90.780
1775747408829,3162624,1775747407847,3127970,41906,-806.741,3171036.4,-24.175
1775747408927,3162624,1775747407847,3132773,41906,-806.741,3175740.4,-22.113
1775747409037,3162624,1775747407847,3142560,41906,-806.741,3181020.4,71.783
1775747409127,3162624,1775747407847,3142560,41906,-806.741,3185340.4,-18.217
1775747409227,3162624,1775747407847,3147365,41906,-806.741,3190140.4,-18.113
1775747409327,3162624,1775747407847,3152257,41906,-806.741,3194940.4,-16.196
1775747409426,3186864,1775747408349,3157059,41906,-806.741,3199836.4,-18.155
1775747409526,3186864,1775747408349,3161861,41906,-806.741,3204636.4,-18.113
1775747409627,3186864,1775747408349,3166754,41906,-806.741,3209484.4,-17.175
1775747409727,3186864,1775747408349,3171555,41906,-806.667,3214288.0,-17.229
1775747409831,3211152,1775747408852,3176450,41906,-806.667,3219424.0,-22.250
1775747409926,3211152,1775747408852,3181251,42760,-806.667,3223984.0,0.563
1775747410026,3211152,1775747408852,3186145,42760,-806.667,3228784.0,2.521
1775747410128,3211152,1775747408852,3190947,42760,-806.667,3233680.0,0.563
1775747410226,3211152,1775747408852,3195842,42760,-806.667,3238384.0,4.542
1775747410327,3211152,1775747408852,3200644,42760,-806.667,3243232.0,3.584
1775747410427,3232896,1775747409347,3205445,42760,-806.667,3246016.0,45.604
1775747410527,3232896,1775747409347,3210432,42760,-806.667,3250816.0,49.500
1775747410627,3232896,1775747409347,3215233,42760,-806.667,3255616.0,49.521
1775747410727,3232896,1775747409347,3220034,42760,-806.600,3260419.2,49.475
1775747410827,3257136,1775747409850,3224835,42760,-806.600,3265315.2,47.496
1775747410927,3257136,1775747409850,3229825,42760,-806.600,3270115.2,51.455
1775747411027,3257136,1775747409850,3234533,40784,-806.600,3274915.2,8.371
1775747411127,3257136,1775747409850,3239428,40784,-806.600,3279715.2,10.350
1775747411227,3257136,1775747409850,3244322,40784,-806.600,3284515.2,12.309
1775747411327,3281232,1775747410348,3249124,40784,-806.600,3289507.2,8.350
1775747411426,3281232,1775747410348,3253925,40784,-806.600,3294259.2,9.371
1775747411527,3281232,1775747410348,3258818,40784,-806.600,3299107.2,10.309
1775747411627,3281232,1775747410348,3263713,40784,-806.600,3303907.2,12.288
1775747411734,3281232,1775747410348,3268515,40784,-806.540,3309046.1,5.269
1775747411827,3305520,1775747410847,3273408,40784,-806.540,3313846.1,7.207
1775747411926,3305520,1775747410847,3278210,40784,-806.540,3318598.1,8.249
1775747412027,3305520,1775747410847,3283106,40784,-806.540,3323446.1,9.249
1775747412127,3305520,1775747410847,3288003,40784,-806.540,3328246.1,11.269
1775747412227,3305520,1775747410847,3292803,40784,-806.540,3333046.1,11.269
1775747412328,3329712,1775747411349,3297698,40784,-806.540,3337990.1,10.249
1775747412427,3329712,1775747411349,3302499,40784,-806.540,3342742.1,11.269
1775747412532,3329712,1775747411349,3307393,40784,-806.540,3347782.1,8.228
1775747412627,3329712,1775747411349,3312193,40784,-806.486,3352344.7,13.174
1775747412727,3329712,1775747411349,3317088,40784,-806.486,3357144.7,15.153
1775747412827,3354000,1775747411847,3321984,40784,-806.486,3362328.7,9.153
1775747412926,3354000,1775747411847,3326787,40784,-806.486,3367080.7,10.215
1775747413027,3354000,1775747411847,3331588,40784,-806.486,3371928.7,9.236
1775747413127,3354000,1775747411847,3336480,40784,-806.486,3376728.7,11.153
1775747413226,3354000,1775747411847,3341281,40784,-806.486,3381480.7,12.174
1775747413360,3378240,1775747412348,3346178,40784,-806.486,3388104.7,-23.805
1775747413427,3378240,1775747412348,3350979,41698,-806.486,3391320.7,28.257
1775747413527,3378240,1775747412348,3355872,41698,-806.486,3396120.7,30.195
1775747413629,3378240,1775747412348,3360677,41698,-806.338,3401023.8,28.150
1775747413727,3378240,1775747412348,3365569,41698,-806.338,3405727.8,32.067
1775747413826,3402528,1775747412848,3370371,41698,-806.338,3410767.8,27.108
1775747413926,3402528,1775747412848,3375266,41698,-806.338,3415567.8,29.088
1775747414027,3402528,1775747412848,3380163,41698,-806.338,3420415.8,30.108
1775747414127,3402528,1775747412848,3385058,41698,-806.338,3425215.8,32.088
1775747414227,3402528,1775747412848,3389952,41698,-806.338,3430015.8,34.046
1775747414327,3402528,1775747412848,3394756,41698,-806.338,3434815.8,34.129
1775747414427,3426768,1775747413349,3399648,41698,-806.338,3439807.8,32.046
1775747414527,3426768,1775747413349,3404548,40467,-806.338,3444607.8,8.483
1775747414627,3426768,1775747413349,3409345,40467,-806.338,3449407.8,8.421
1775747414727,3426768,1775747413349,3414240,40467,-806.204,3454214.2,10.266
1775747414826,3451008,1775747413847,3419042,40467,-806.204,3459302.2,4.308
1775747414927,3451008,1775747413847,3423938,40467,-806.204,3464150.2,5.308
1775747415027,3451008,1775747413847,3428739,40467,-806.204,3468950.2,5.329
1775747415127,3451008,1775747413847,3433541,40467,-806.204,3473750.2,5.371
1775747415227,3451008,1775747413847,3438436,40467,-806.204,3478550.2,7.350
1775747415327,3451008,1775747413847,3443328,40467,-806.204,3483350.2,9.266
1775747415429,3472752,1775747414349,3448129,40467,-806.204,3485894.2,56.287
1775747415526,3472752,1775747414349,3452929,38306,-806.204,3490550.2,14.266
1775747415627,3472752,1775747414349,3457825,38306,-806.204,3495398.2,15.266
1775747415727,3472752,1775747414349,3462626,38306,-806.083,3500204.0,15.167
1775747415827,3497040,1775747414848,3467522,38306,-806.083,3505340.0,10.167
1775747415927,3497040,1775747414848,3472324,38306,-806.083,3510140.0,10.208
1775747416026,3497040,1775747414848,3477216,38306,-806.083,3514892.0,13.125
1775747416126,3497040,1775747414848,3482115,38306,-806.083,3519692.0,15.188
1775747416227,3497040,1775747414848,3486917,38306,-806.083,3524540.0,14.229
1775747416327,3521232,1775747415348,3491810,38306,-806.083,3529532.0,12.167
1775747416427,3521232,1775747415348,3496705,38306,-806.083,3534332.0,14.146
1775747416527,3521232,1775747415348,3501507,38306,-806.083,3539132.0,14.188
1775747416627,3521232,1775747415348,3506306,38306,-806.083,3543932.0,14.167
1775747416727,3521232,1775747415348,3511200,38306,-805.975,3548737.2,16.017
1775747416827,3545568,1775747415847,3516002,38306,-805.975,3553921.2,8.058
1775747416927,3545568,1775747415847,3520897,38306,-805.975,3558721.2,10.038
1775747417026,3545568,1775747415847,3525698,38306,-805.975,3563473.2,11.058
1775747417126,3545568,1775747415847,3530501,38306,-805.975,3568273.2,11.121
1775747417226,3545568,1775747415847,3535393,38306,-805.975,3573073.2,13.038
1775747417331,3569856,1775747416349,3540195,38306,-805.975,3578305.2,4.079
1775747417427,3569856,1775747416349,3545090,38306,-805.975,3582913.2,10.058
1775747417527,3569856,1775747416349,3549986,38306,-805.975,3587713.2,12.058
1775747417627,3569856,1775747416349,3554788,38306,-806.178,3592503.5,12.303
1775747417727,3569856,1775747416349,3559589,38306,-806.178,3597303.5,12.324
1775747417826,3594144,1775747416847,3564482,38306,-806.178,3602439.5,7.261
1775747417927,3594144,1775747416847,3569376,38306,-806.178,3607287.5,8.219
1775747418027,3594144,1775747416847,3574176,38306,-806.178,3612087.5,8.219
1775747418127,3594144,1775747416847,3578981,38306,-806.178,3616887.5,8.324
1775747418226,3594144,1775747416847,3583781,38306,-806.178,3621639.5,9.324
1775747418326,3615264,1775747417347,3583781,38306,-806.178,3623559.5,-30.676
1775747418432,3615264,1775747417347,3593477,39484,-806.178,3628647.5,89.865
1775747418527,3615264,1775747417347,3593477,39484,-806.178,3633207.5,-5.135
1775747418627,3615264,1775747417347,3598369,39484,-806.178,3638007.5,-3.218
1775747418727,3615264,1775747417347,3603170,39484,-806.360,3642798.7,-3.015
1775747418827,3639552,1775747417847,3608064,39484,-806.360,3647886.7,-7.057
1775747418927,3639552,1775747417847,3612868,39484,-806.360,3652686.7,-6.973
1775747419027,3639552,1775747417847,3617762,39484,-806.360,3657486.7,-5.015
1775747419126,3639552,1775747417847,3622656,39484,-806.360,3662238.7,-2.057
1775747419227,3639552,1775747417847,3627461,39484,-806.360,3667086.7,-2.953
1775747419327,3639552,1775747417847,3632356,39484,-806.360,3671886.7,-0.973
1775747419427,3663744,1775747418349,3637155,39484,-806.360,3676782.7,-2.994
1775747419526,3663744,1775747418349,3642051,39484,-806.360,3681534.7,0.006
1775747419627,3663744,1775747418349,3646852,39484,-806.360,3686382.7,-0.973
1775747419727,3663744,1775747418349,3651744,39484,-806.524,3691174.9,1.107
1775747419827,3685584,1775747418847,3656549,39484,-806.524,3693910.9,44.211
1775747419926,3685584,1775747418847,3661443,37786,-806.524,3698662.9,11.795
1775747420027,3685584,1775747418847,3666338,37786,-806.524,3703510.9,12.774
1775747420130,3685584,1775747418847,3671140,37786,-806.524,3708454.9,9.816
1775747420227,3685584,1775747418847,3675941,37786,-806.524,3713110.9,12.836
1775747420327,3685584,1775747418847,3680833,37786,-806.524,3717910.9,14.753
1775747420427,3709872,1775747419348,3685728,37786,-806.524,3722950.9,11.732
1775747420526,3709872,1775747419348,3690530,37786,-806.524,3727702.9,12.774
1775747420627,3709872,1775747419348,3695332,37786,-806.524,3732550.9,11.816
1775747420727,3709872,1775747419348,3700226,37786,-806.671,3737343.8,13.921
1775747420827,3734112,1775747419847,3705029,37786,-806.671,3742431.8,7.984
1775747420927,3734112,1775747419847,3709922,37786,-806.671,3747231.8,9.921
1775747421027,3734112,1775747419847,3714724,37786,-806.671,3752031.8,9.963
1775747421127,3734112,1775747419847,3719616,37786,-806.671,3756831.8,11.880
1775747421227,3734112,1775747419847,3724420,37786,-806.671,3761631.8,11.963
1775747421326,3758448,1775747420348,3729219,37786,-806.671,3766671.8,6.942
1775747421426,3758448,1775747420348,3734021,37786,-806.671,3771471.8,6.984
1775747421527,3758448,1775747420348,3738914,37786,-806.671,3776319.8,7.921
1775747421628,3758448,1775747420348,3743715,37786,-806.804,3781161.4,7.075
1775747421727,3758448,1775747420348,3748608,37786,-806.804,3785913.4,10.013
1775747421826,3782640,1775747420848,3753411,37786,-806.804,3790857.4,7.075
1775747421926,3782640,1775747420848,3758212,37786,-806.804,3795657.4,7.096
1775747422027,3782640,1775747420848,3763108,37786,-806.804,3800505.4,8.096
1775747422127,3782640,1775747420848,3768001,37786,-806.804,3805305.4,10.034
1775747422227,3782640,1775747420848,3772803,37786,-806.804,3810105.4,10.075
1775747422328,3806928,1775747421349,3777700,37786,-806.804,3815193.4,6.096
1775747422427,3806928,1775747421349,3782501,37786,-806.804,3819945.4,7.117
1775747422527,3806928,1775747421349,3787394,37786,-806.804,3824745.4,9.054
1775747422627,3806928,1775747421349,3792385,37786,-806.804,3829545.4,13.034
1775747422726,3806928,1775747421349,3797090,37786,-806.524,3834310.9,11.774
1775747422826,3831168,1775747421847,3801890,37786,-806.524,3839446.9,4.774
1775747422927,3831168,1775747421847,3806786,37786,-806.524,3844294.9,5.774
1775747423027,3831168,1775747421847,3811680,37786,-806.524,3849094.9,7.732
1775747423127,3831168,1775747421847,3816481,37786,-806.524,3853894.9,7.753
1775747423227,3831168,1775747421847,3821280,37786,-806.524,3858694.9,7.732
1775747423327,3831168,1775747421847,3826084,37786,-806.524,3863494.9,7.816
1775747423426,3855408,1775747422349,3830977,37786,-806.524,3868390.9,7.753
1775747423527,3855408,1775747422349,3835872,37786,-806.524,3873238.9,8.732
1775747423627,3855408,1775747422349,3840673,37786,-806.524,3878038.9,8.753
1775747423727,3855408,1775747422349,3845477,37786,-806.272,3882851.0,8.584
1775747423827,3879600,1775747422849,3850371,37786,-806.272,3887843.0,6.542
1775747423927,3879600,1775747422849,3855265,37786,-806.272,3892643.0,8.501
1775747424027,3879600,1775747422849,3860066,37786,-806.272,3897443.0,8.521
1775747424126,3879600,1775747422849,3864961,37786,-806.272,3902195.0,11.501
1775747424227,3879600,1775747422849,3869858,37786,-806.272,3907043.0,12.521
1775747424326,3879600,1775747422849,3874752,37786,-806.272,3911795.0,15.480
1775747424427,3903744,1775747423350,3879557,37786,-806.272,3916739.0,12.584
1775747424526,3903744,1775747423350,3884448,37786,-806.272,3921491.0,15.480
1775747424627,3903744,1775747423350,3889250,37786,-806.272,3926339.0,14.521
1775747424726,3903744,1775747423350,3894146,37786,-806.044,3931101.9,17.294
1775747424826,3927984,1775747423847,3899044,37786,-806.044,3936285.9,11.336
1775747424927,3927984,1775747423847,3903936,37786,-806.044,3941133.9,12.253
1775747425026,3927984,1775747423847,3908737,37786,-806.044,3945885.9,13.274
1775747425127,3927984,1775747423847,3913540,37786,-806.044,3950733.9,12.336
1775747425227,3927984,1775747423847,3918433,37786,-806.044,3955533.9,14.274
1775747425327,3949776,1775747424349,3923236,37786,-806.044,3958029.9,62.336
1775747425427,3949776,1775747424349,3928129,35392,-806.044,3962829.9,14.399
1775747425526,3949776,1775747424349,3932933,35392,-806.044,3967581.9,15.482
1775747425627,3949776,1775747424349,3937824,35392,-806.140,3972425.3,16.473
1775747425727,3949776,1775747424349,3942720,35392,-806.140,3977225.3,18.473
1775747425827,3973968,1775747424848,3947523,35392,-806.140,3982265.3,13.536
1775747425927,3973968,1775747424848,3952323,35392,-806.140,3987065.3,13.536
1775747426027,3973968,1775747424848,3957218,35392,-806.140,3991865.3,15.515
1775747426127,3973968,1775747424848,3962113,35392,-806.140,3996665.3,17.494
1775747426226,3973968,1775747424848,3966916,35392,-806.140,4001417.3,18.557
1775747426327,3998208,1775747425349,3971715,35392,-806.140,4006457.3,13.536
1775747426427,3998208,1775747425349,3976608,35392,-806.140,4011257.3,15.473
1775747426527,3998208,1775747425349,3981411,35392,-806.140,4016057.3,15.536
1775747426626,3998208,1775747425349,3986307,35392,-806.140,4020809.3,18.536
1775747426727,3998208,1775747425349,3991392,35392,-806.226,4025653.2,23.559
1775747426828,4022400,1775747425847,3996099,34487,-806.226,4030789.2,-4.233
1775747426927,4022400,1775747425847,4000897,34487,-806.226,4035541.2,-3.274
1775747427027,4022400,1775747425847,4005700,34487,-806.226,4040341.2,-3.212
1775747427127,4022400,1775747425847,4010592,34487,-806.226,4045141.2,-1.295
1775747427227,4022400,1775747425847,4015394,34487,-806.226,4049941.2,-1.253
1775747427327,4022400,1775747425847,4020288,34487,-806.226,4054741.2,0.705
1775747427427,4046592,1775747426347,4025091,34487,-806.226,4059733.2,-3.233
1775747427527,4046592,1775747426347,4029890,34487,-806.226,4064533.2,-3.253
1775747427627,4046592,1775747426347,4034784,34487,-806.226,4069333.2,-1.295
1775747427727,4046592,1775747426347,4039587,34487,-806.303,4074129.4,-1.155
1775747427827,4070832,1775747426847,4044389,34487,-806.303,4079169.4,-6.113
1775747427927,4070832,1775747426847,4049281,34487,-806.303,4083969.4,-4.197
1775747428027,4070832,1775747426847,4054083,34487,-806.303,4088769.4,-4.155
1775747428126,4070832,1775747426847,4058885,34487,-806.303,4093521.4,-3.113
1775747428227,4070832,1775747426847,4063777,34487,-806.303,4098369.4,-2.197
1775747428327,4070832,1775747426847,4068581,34487,-806.303,4103169.4,-2.113
1775747428427,4095120,1775747427349,4068581,34487,-806.303,4108161.4,-106.113
1775747428526,4095120,1775747427349,4073476,38562,-806.303,4112913.4,-18.238
1775747428626,4095120,1775747427349,4078369,38562,-806.303,4117713.4,-16.301
1775747428727,4095120,1775747427349,4083173,38562,-806.373,4122558.1,-17.148
1775747428832,4119360,1775747427847,4088068,38562,-806.373,4127934.1,-27.169
1775747428927,4119360,1775747427847,4092961,38562,-806.373,4132494.1,-20.231
1775747429027,4119360,1775747427847,4097856,38562,-806.373,4137294.1,-18.252
1775747429126,4119360,1775747427847,4102657,38562,-806.373,4142046.1,-17.231
1775747429226,4119360,1775747427847,4107460,38562,-806.373,4146846.1,-17.169
1775747429327,4143552,1775747428348,4112354,38562,-806.373,4151838.1,-19.210
1775747429427,4143552,1775747428348,4117156,38562,-806.373,4156638.1,-19.169
1775747429526,4143552,1775747428348,4122051,38562,-806.373,4161390.1,-16.189
1775747429627,4143552,1775747428348,4126851,38562,-806.373,4166238.1,-17.189
1775747429752,4143552,1775747428348,4136549,38562,-806.436,4172235.1,59.915
1775747429826,4167744,1775747428849,4136549,36261,-806.436,4175931.1,-65.023
1775747429927,4167744,1775747428849,4141349,36261,-806.436,4180779.1,-66.023
1775747430027,4167744,1775747428849,4146245,36261,-806.436,4185579.1,-64.023
1775747430127,4167744,1775747428849,4151136,36261,-806.436,4190379.1,-62.127
1775747430226,4167744,1775747428849,4155939,36261,-806.436,4195131.1,-61.064
1775747430327,4191984,1775747429347,4160832,36261,-806.436,4200315.1,-67.127
1775747430427,4191984,1775747429347,4165634,36261,-806.436,4205115.1,-67.085
1775747430526,4191984,1775747429347,4170435,36261,-806.436,4209867.1,-66.064
1775747430628,4191984,1775747429347,4175237,36261,-806.292,4214770.0,-68.166
1775747430727,4191984,1775747429347,4180132,36261,-806.292,4219522.0,-65.187
1775747430831,4213824,1775747429847,4185028,36261,-806.292,4222354.0,-22.187
1775747430927,4213824,1775747429847,4189922,37113,-806.292,4226962.0,1.521
1775747431027,4213824,1775747429847,4194722,37113,-806.292,4231762.0,1.521
1775747431127,4213824,1775747429847,4199525,37113,-806.292,4236562.0,1.584
1775747431226,4213824,1775747429847,4204416,37113,-806.292,4241314.0,4.480
1775747431326,4213824,1775747429847,4209219,37113,-806.292,4246114.0,4.542
1775747431426,4238064,1775747430347,4214021,37113,-806.292,4251154.0,-0.416
1775747431527,4238064,1775747430347,4219008,37113,-806.292,4256002.0,2.480
1775747431627,4238064,1775747430347,4223808,37113,-806.292,4260802.0,2.480
1775747431727,4238064,1775747430347,4228609,37113,-806.163,4265608.2,2.371
1775747431827,4264704,1775747430864,4233413,37113,-806.163,4272232.2,-35.545
1775747431926,4264704,1775747430864,4238213,37113,-806.163,4276984.2,-34.545
1775747432027,4264704,1775747430864,4243107,38440,-806.163,4281832.2,-5.941
1775747432127,4264704,1775747430864,4247909,38440,-806.163,4286632.2,-5.900
1775747432227,4264704,1775747430864,4252801,38440,-806.163,4291432.2,-3.983
1775747432326,4286496,1775747431348,4257601,38440,-806.163,4294744.2,27.017
1775747432427,4286496,1775747431348,4262497,38440,-806.163,4299592.2,28.017
1775747432527,4286496,1775747431348,4267301,38440,-806.163,4304392.2,28.100
1775747432628,4286496,1775747431348,4272195,38440,-806.047,4309245.8,28.942
1775747432726,4286496,1775747431348,4276996,38440,-806.047,4313949.8,30.963
1775747432827,4310832,1775747431848,4281890,38440,-806.047,4319133.8,24.922
1775747432926,4310832,1775747431848,4286690,38440,-806.047,4323885.8,25.922
1775747433027,4310832,1775747431848,4291492,37445,-806.047,4328733.8,4.234
1775747433126,4310832,1775747431848,4296385,37445,-806.047,4333485.8,7.172
1775747433227,4310832,1775747431848,4301187,37445,-806.047,4338333.8,6.213
1775747433327,4335072,1775747432349,4305986,37445,-806.047,4343325.8,2.192
1775747433426,4335072,1775747432349,4310977,37445,-806.047,4348077.8,7.172
1775747433527,4335072,1775747432349,4315684,37445,-806.047,4352925.8,4.234
1775747433627,4335072,1775747432349,4320576,37445,-806.142,4357721.2,6.246
1775747433727,4335072,1775747432349,4325376,37445,-806.142,4362521.2,6.246
1775747433827,4359264,1775747432847,4330179,37445,-806.142,4367609.2,0.309
1775747433926,4359264,1775747432847,4334979,37445,-806.142,4372361.2,1.309
1775747434027,4359264,1775747432847,4339875,37445,-806.142,4377209.2,2.309
1775747434126,4359264,1775747432847,4344677,37445,-806.142,4381961.2,3.350
1775747434226,4359264,1775747432847,4349571,37445,-806.142,4386761.2,5.309
1775747434347,4383504,1775747433349,4354467,37445,-806.142,4392713.2,-16.691
1775747434427,4383504,1775747433349,4359361,37445,-806.142,4396553.2,5.267
1775747434526,4383504,1775747433349,4364162,37445,-806.142,4401305.2,6.288
1775747434628,4383504,1775747433349,4369057,37445,-806.228,4406197.1,6.353
1775747434727,4383504,1775747433349,4373858,37445,-806.228,4410949.1,7.374
1775747434827,4407792,1775747433848,4378660,37445,-806.228,4416085.1,0.415
1775747434927,4407792,1775747433848,4383461,37445,-806.228,4420885.1,0.436
1775747435027,4407792,1775747433848,4388353,37445,-806.228,4425685.1,2.353
1775747435127,4407792,1775747433848,4393153,37445,-806.228,4430485.1,2.353
1775747435229,4407792,1775747433848,4397956,37445,-806.228,4435381.1,0.415
1775747435326,4431984,1775747434347,4402849,37445,-806.228,4440277.1,0.353
1775747435427,4431984,1775747434347,4407652,37445,-806.228,4445125.1,-0.585
1775747435527,4431984,1775747434347,4412544,37445,-806.228,4449925.1,1.332
1775747435627,4431984,1775747434347,4417346,37445,-806.228,4454725.1,1.374
1775747435727,4431984,1775747434347,4422149,37445,-806.305,4459521.4,1.513
1775747435826,4453728,1775747434847,4427044,37445,-806.305,4462017.4,51.492
1775747435927,4453728,1775747434847,4431938,35468,-806.305,4466865.4,11.263
1775747436027,4453728,1775747434847,4436833,35468,-806.305,4471665.4,13.242
1775747436127,4453728,1775747434847,4441635,35468,-806.305,4476465.4,13.284
1775747436227,4453728,1775747434847,4446531,35468,-806.305,4481265.4,15.284
1775747436327,4477968,1775747435349,4451426,35468,-806.305,4486209.4,14.263
1775747436426,4477968,1775747435349,4456228,35468,-806.305,4490961.4,15.305
1775747436527,4477968,1775747435349,4461122,35468,-806.305,4495809.4,16.263
1775747436627,4477968,1775747435349,4466016,35468,-806.374,4500606.0,18.291
1775747436726,4477968,1775747435349,4470820,35468,-806.374,4505358.0,19.375
1775747436827,4502208,1775747435847,4475714,35468,-806.374,4510542.0,13.333
1775747436927,4502208,1775747435847,4480609,35468,-806.374,4515342.0,15.312
1775747437026,4502208,1775747435847,4485505,35468,-806.374,4520094.0,18.312
1775747437127,4502208,1775747435847,4490308,35468,-806.374,4524942.0,17.375
1775747437226,4502208,1775747435847,4495200,35468,-806.374,4529694.0,20.291
1775747437327,4526400,1775747436349,4500004,34689,-806.374,4534638.0,1.145
1775747437427,4526400,1775747436349,4504897,34689,-806.374,4539438.0,3.083
1775747437527,4526400,1775747436349,4509700,34689,-806.374,4544238.0,3.145
1775747437627,4526400,1775747436349,4514592,34689,-806.374,4549038.0,5.062
1775747437734,4526400,1775747436349,4519394,34689,-806.437,4554171.0,-1.834
1775747437827,4550736,1775747436847,4524196,34689,-806.437,4559067.0,-3.792
1775747437927,4550736,1775747436847,4528996,34689,-806.437,4563867.0,-3.792
1775747438027,4550736,1775747436847,4533889,34689,-806.437,4568667.0,-1.855
1775747438127,4550736,1775747436847,4538692,34689,-806.437,4573467.0,-1.792
1775747438226,4550736,1775747436847,4543492,34689,-806.437,4578219.0,-0.792
1775747438326,4575024,1775747437349,4548385,34689,-806.437,4583211.0,-2.855
1775747438427,4575024,1775747437349,4553185,34689,-806.437,4588059.0,-3.855
1775747438534,4575024,1775747437349,4557986,34689,-806.437,4593195.0,-10.834
1775747438627,4575024,1775747437349,4562789,34689,-806.437,4597659.0,-3.771
1775747438727,4575024,1775747437349,4567680,34689,-806.293,4602465.9,-2.019
1775747438827,4599264,1775747437849,4572481,34689,-806.293,4607505.9,-6.998
1775747438927,4599264,1775747437849,4577284,34689,-806.293,4612305.9,-6.936
1775747439027,4599264,1775747437849,4582178,34689,-806.293,4617105.9,-4.977
1775747439127,4599264,1775747437849,4586978,34689,-806.293,4621905.9,-4.977
1775747439227,4599264,1775747437849,4586978,34689,-806.293,4626705.9,-104.977
1775747439327,4623456,1775747438348,4591872,38720,-806.293,4631745.9,-24.040
1775747439427,4623456,1775747438348,4601476,38720,-806.293,4636545.9,76.043
1775747439527,4623456,1775747438348,4601476,38720,-806.293,4641345.9,-23.957
1775747439626,4623456,1775747438348,4606277,38720,-806.293,4646097.9,-22.936
1775747439727,4623456,1775747438348,4611170,38720,-806.264,4650947.3,-22.028
1775747439826,4647744,1775747438855,4615972,38720,-806.264,4655651.3,-19.986
1775747439927,4647744,1775747438855,4620965,38720,-806.264,4660499.3,-16.965
1775747440027,4647744,1775747438855,4625763,38720,-806.264,4665299.3,-17.007
1775747440127,4647744,1775747438855,4630565,38720,-806.264,4670099.3,-16.965
1775747440227,4647744,1775747438855,4635461,38720,-806.264,4674899.3,-14.965
1775747440326,4647744,1775747438855,4640353,38720,-806.264,4679651.3,-12.049
1775747440427,4672032,1775747439349,4645248,38720,-806.264,4685075.3,-23.069
1775747440527,4672032,1775747439349,4650051,39606,-806.264,4689875.3,-4.549
1775747440627,4672032,1775747439349,4654947,39606,-806.264,4694675.3,-2.549
1775747440727,4672032,1775747439349,4659842,39606,-806.238,4699476.6,-0.596
1775747440827,4693872,1775747439847,4664645,39606,-806.238,4702212.6,42.467
1775747440927,4693872,1775747439847,4669445,39606,-806.238,4707012.6,42.467
1775747441027,4693872,1775747439847,4674336,39606,-806.238,4711812.6,44.363
1775747441127,4693872,1775747439847,4679138,39606,-806.238,4716612.6,44.404
1775747441227,4693872,1775747439847,4684033,39606,-806.238,4721412.6,46.383
1775747441326,4693872,1775747439847,4688836,39606,-806.238,4726164.6,47.446
1775747441427,4718112,1775747440349,4693729,39606,-806.238,4731156.6,45.383
1775747441526,4718112,1775747440349,4698625,37863,-806.238,4735908.6,12.071
1775747441626,4718112,1775747440349,4703429,37863,-806.238,4740708.6,12.154
1775747441727,4718112,1775747440349,4708323,37863,-805.714,4745581.7,12.589
1775747441826,4742304,1775747440847,4713217,37863,-805.714,4750621.7,9.547
1775747441926,4742304,1775747440847,4718112,37863,-805.714,4755421.7,11.526
1775747442027,4742304,1775747440847,4722917,37863,-805.714,4760269.7,10.631
1775747442127,4742304,1775747440847,4727717,37863,-805.714,4765069.7,10.631
1775747442226,4742304,1775747440847,4732610,37863,-805.714,4769821.7,13.568
1775747442331,4766496,1775747441349,4737409,37863,-805.714,4774957.7,6.547
1775747442427,4766496,1775747441349,4742304,37863,-805.714,4779565.7,12.526
1775747442527,4766496,1775747441349,4747201,37863,-805.714,4784365.7,14.547
1775747442627,4766496,1775747441349,4752001,37863,-805.714,4789165.7,14.547
1775747442727,4766496,1775747441349,4756896,37863,-805.242,4793988.4,16.055
1775747442833,4790736,1775747441848,4761698,37863,-805.242,4799364.4,4.097
1775747442927,4790736,1775747441848,4766501,37863,-805.242,4803876.4,10.159
1775747443027,4790736,1775747441848,4771397,37863,-805.242,4808676.4,12.159
1775747443127,4790736,1775747441848,4776197,37863,-805.242,4813476.4,12.159
1775747443226,4790736,1775747441848,4781092,37863,-805.242,4818228.4,15.138
1775747443326,4814928,1775747442348,4785988,37863,-805.242,4823220.4,13.138
1775747443427,4814928,1775747442348,4790881,37863,-805.242,4828068.4,14.076
1775747443527,4814928,1775747442348,4795776,37863,-805.242,4832868.4,16.055
1775747443626,4814928,1775747442348,4800577,37863,-805.242,4837620.4,17.076
1775747443727,4814928,1775747442348,4805380,37863,-804.818,4842488.7,15.714
1775747443827,4839120,1775747442848,4810274,37863,-804.818,4847480.7,13.672
1775747443927,4839120,1775747442848,4815168,37863,-804.818,4852280.7,15.631
1775747444027,4839120,1775747442848,4819971,37863,-804.818,4857080.7,15.693
1775747444127,4839120,1775747442848,4824865,37863,-804.818,4861880.7,17.651
1775747444227,4839120,1775747442848,4829664,37863,-804.818,4866680.7,17.631
1775747444327,4839120,1775747442848,4834469,37863,-804.818,4871480.7,17.735
1775747444427,4863360,1775747443349,4839360,37863,-804.818,4876472.7,15.631
1775747444527,4863360,1775747443349,4844163,37863,-804.818,4881272.7,15.693
1775747444627,4863360,1775747443349,4848965,37863,-804.818,4886072.7,15.735
1775747444727,4863360,1775747443349,4853860,37863,-804.536,4890886.3,17.432
1775747444826,4887600,1775747443847,4858752,37863,-804.536,4895974.3,13.349
1775747444927,4887600,1775747443847,4863648,37863,-804.536,4900822.3,14.349
1775747445027,4887600,1775747443847,4868452,37863,-804.536,4905622.3,14.432
1775747445127,4887600,1775747443847,4873344,37863,-804.536,4910422.3,16.349
1775747445227,4887600,1775747443847,4878149,37863,-804.536,4915222.3,16.453
1775747445326,4911840,1775747444349,4883136,37863,-804.536,4920118.3,18.349
1775747445426,4911840,1775747444349,4887939,37863,-804.536,4924918.3,18.411
1775747445527,4911840,1775747444349,4892832,37863,-804.536,4929766.3,19.349
1775747445627,4911840,1775747444349,4897729,37863,-804.536,4934566.3,21.370
1775747445727,4911840,1775747444349,4902530,37042,-804.283,4939378.4,4.033
1775747445827,4933680,1775747444849,4907425,37042,-804.283,4942018.4,51.012
1775747445926,4933680,1775747444849,4912225,37042,-804.283,4946770.4,52.012
1775747446027,4933680,1775747444849,4917121,37042,-804.283,4951618.4,53.012
1775747446127,4933680,1775747444849,4922016,37042,-804.283,4956418.4,54.991
1775747446227,4933680,1775747444849,4926817,37042,-804.283,4961218.4,55.012
1775747446326,4957920,1775747445349,4931713,37042,-804.283,4966210.4,53.012
1775747446426,4957920,1775747445349,4936516,37042,-804.283,4971010.4,53.074
1775747446526,4957920,1775747445349,4941411,37042,-804.283,4975810.4,55.054
1775747446627,4957920,1775747445349,4946304,37042,-804.283,4980658.4,55.991
1775747446733,4957920,1775747445349,4951109,34892,-804.254,4985747.8,5.275
1775747446826,4984512,1775747445860,4956000,34892,-804.254,4992275.8,-28.829
1775747446927,4984512,1775747445860,4960802,34892,-804.254,4997123.8,-29.787
1775747447026,4984512,1775747445860,4965701,34892,-804.254,5001875.8,-26.725
1775747447127,4984512,1775747445860,4970500,34892,-804.254,5006723.8,-27.746
1775747447227,4984512,1775747445860,4975300,34892,-804.254,5011523.8,-27.746
1775747447327,5006304,1775747446349,4980101,34892,-804.254,5014643.8,7.275
1775747447426,5006304,1775747446349,4984994,34892,-804.254,5019395.8,10.213
1775747447527,5006304,1775747446349,4989889,34892,-804.254,5024243.8,11.192
1775747447627,5006304,1775747446349,4994692,34892,-804.254,5029043.8,11.254
1775747447737,5006304,1775747446349,4999586,34892,-804.229,5034325.0,3.187
1775747447827,5030496,1775747446847,5004481,34892,-804.229,5038933.0,9.167
1775747447926,5030496,1775747446847,5009282,34892,-804.229,5043685.0,10.187
1775747448027,5030496,1775747446847,5014177,34892,-804.229,5048533.0,11.167
1775747448127,5030496,1775747446847,5014177,34892,-804.229,5053333.0,-88.833
1775747448227,5030496,1775747446847,5018981,38303,-804.229,5058133.0,-17.688
1775747448327,5030496,1775747446847,5023875,38303,-804.229,5062933.0,-15.729
1775747448427,5054784,1775747447349,5028769,38303,-804.229,5067925.0,-17.771
1775747448527,5054784,1775747447349,5033573,38303,-804.229,5072725.0,-17.688
1775747448627,5054784,1775747447349,5038469,38303,-804.229,5077525.0,-15.688
1775747448727,5054784,1775747447349,5043362,38303,-804.206,5082326.1,-13.773
1775747448827,5079072,1775747447853,5048165,38303,-804.206,5087222.1,-15.711
1775747448926,5079072,1775747447853,5053057,38303,-804.206,5091974.1,-12.794
1775747449027,5079072,1775747447853,5057859,38303,-804.206,5096822.1,-13.752
1775747449127,5079072,1775747447853,5062753,38303,-804.206,5101622.1,-11.794
1775747449227,5079072,1775747447853,5067556,38303,-804.206,5106422.1,-11.731
1775747449327,5079072,1775747447853,5072451,38303,-804.206,5111222.1,-9.752
1775747449427,5103312,1775747448348,5077347,38303,-804.206,5116502.1,-17.752
1775747449527,5103312,1775747448348,5082149,38303,-804.206,5121302.1,-17.711
1775747449627,5103312,1775747448348,5087042,38303,-804.206,5126102.1,-15.773
1775747449727,5103312,1775747448348,5091936,38303,-804.186,5130903.1,-13.835
1775747449827,5127552,1775747448849,5096741,38303,-804.186,5135895.1,-17.731
1775747449927,5127552,1775747448849,5101541,38303,-804.186,5140695.1,-17.731
1775747450027,5127552,1775747448849,5106433,38303,-804.186,5145495.1,-15.814
1775747450126,5127552,1775747448849,5111328,38303,-804.186,5150247.1,-12.835
1775747450226,5127552,1775747448849,5116132,38303,-804.186,5155047.1,-12.752
1775747450326,5151744,1775747449349,5120933,38303,-804.186,5160039.1,-16.731
1775747450426,5151744,1775747449349,5125828,38303,-804.186,5164839.1,-14.752
1775747450526,5151744,1775747449349,5130723,38303,-804.186,5169639.1,-12.773
1775747450626,5151744,1775747449349,5135618,38303,-804.186,5174439.1,-10.794
1775747450727,5151744,1775747449349,5140513,38303,-804.167,5179288.0,-9.833
1775747450827,5173632,1775747449847,5145408,38303,-804.167,5182072.0,34.146
1775747450926,5173632,1775747449847,5150212,36992,-804.167,5186824.0,7.917
1775747451026,5173632,1775747449847,5155106,36992,-804.167,5191624.0,9.875
1775747451127,5173632,1775747449847,5159907,36992,-804.167,5196472.0,8.896
1775747451227,5173632,1775747449847,5164800,36992,-804.167,5201272.0,10.834
1775747451326,5197872,1775747450349,5169601,36992,-804.167,5206168.0,8.854
1775747451427,5197872,1775747450349,5174496,36992,-804.167,5211016.0,9.834
1775747451526,5197872,1775747450349,5179298,36992,-804.167,5215768.0,10.875
1775747451627,5197872,1775747450349,5184194,36992,-804.350,5220607.2,12.059
1775747451726,5197872,1775747450349,5189088,36992,-804.350,5225359.2,15.017
1775747451826,5222064,1775747450848,5193888,36992,-804.350,5230399.2,10.017
1775747451926,5222064,1775747450848,5198690,36992,-804.350,5235199.2,10.059
1775747452026,5222064,1775747450848,5203585,36992,-804.350,5239999.2,12.038
1775747452127,5222064,1775747450848,5208387,36992,-804.350,5244847.2,11.080
1775747452227,5222064,1775747450848,5213187,36992,-804.350,5249647.2,11.080
1775747452327,5246256,1775747451349,5217987,36992,-804.350,5254591.2,8.080
1775747452427,5246256,1775747451349,5222881,36992,-804.350,5259391.2,10.038
1775747452527,5246256,1775747451349,5227681,36992,-804.350,5264191.2,10.038
1775747452627,5246256,1775747451349,5232483,36992,-804.350,5268991.2,10.080
1775747452727,5246256,1775747451349,5237378,36992,-804.515,5273783.3,12.223
1775747452826,5270544,1775747451848,5242273,36992,-804.515,5278871.3,8.203
1775747452927,5270544,1775747451848,5247073,36992,-804.515,5283719.3,7.203
1775747453027,5270544,1775747451848,5251873,36992,-804.515,5288519.3,7.203
1775747453127,5270544,1775747451848,5256674,36992,-804.515,5293319.3,7.223
1775747453226,5270544,1775747451848,5261475,36992,-804.515,5298071.3,8.244
1775747453327,5294736,1775747452348,5266369,36992,-804.515,5303111.3,5.203
1775747453427,5294736,1775747452348,5271170,36992,-804.515,5307911.3,5.223
1775747453527,5294736,1775747452348,5276065,36992,-804.515,5312711.3,7.203
1775747453627,5294736,1775747452348,5280868,36992,-804.515,5317511.3,7.265
1775747453727,5294736,1775747452348,5285669,36992,-804.664,5322304.1,7.435
1775747453827,5318976,1775747452848,5290561,36992,-804.664,5327344.1,4.351
1775747453927,5318976,1775747452848,5295364,36992,-804.664,5332144.1,4.414
1775747454030,5318976,1775747452848,5300259,36992,-804.664,5337088.1,3.393
1775747454126,5318976,1775747452848,5305060,36992,-804.664,5341696.1,7.414
1775747454227,5318976,1775747452848,5309953,36992,-804.664,5346544.1,8.351
1775747454326,5343264,1775747453349,5314755,36992,-804.664,5351536.1,4.393
1775747454427,5343264,1775747453349,5319649,36992,-804.664,5356384.1,5.351
1775747454527,5343264,1775747453349,5324450,36992,-804.664,5361184.1,5.372
1775747454627,5343264,1775747453349,5329344,36992,-804.797,5365977.7,7.464
1775747454727,5343264,1775747453349,5334145,36992,-804.797,5370777.7,7.485
1775747454827,5367504,1775747453847,5339138,36992,-804.797,5375913.7,4.506
1775747454927,5367504,1775747453847,5343936,36992,-804.797,5380713.7,4.464
1775747455027,5367504,1775747453847,5348739,36992,-804.797,5385513.7,4.527
1775747455127,5367504,1775747453847,5353633,36992,-804.797,5390313.7,6.485
1775747455227,5367504,1775747453847,5358437,36992,-804.797,5395113.7,6.568
1775747455326,5391792,1775747454349,5363330,36992,-804.797,5400057.7,5.506
1775747455427,5391792,1775747454349,5368224,36992,-804.797,5404905.7,6.464
1775747455527,5391792,1775747454349,5373027,36992,-804.797,5409705.7,6.527
1775747455627,5391792,1775747454349,5377923,36992,-804.797,5414505.7,8.527
1775747455734,5391792,1775747454349,5382722,36992,-804.918,5419635.9,1.626
1775747455827,5415984,1775747454849,5387525,36992,-804.918,5424291.9,4.689
1775747455926,5415984,1775747454849,5392419,36992,-804.918,5429043.9,7.647
1775747456027,5415984,1775747454849,5397221,36992,-804.918,5433891.9,6.689
1775747456127,5415984,1775747454849,5402113,36992,-804.918,5438691.9,8.605
1775747456226,5415984,1775747454849,5406917,36992,-804.918,5443443.9,9.689
1775747456327,5437728,1775747455349,5411809,36992,-804.918,5446035.9,57.605
1775747456427,5437728,1775747455349,5416609,34780,-804.918,5450835.9,11.522
1775747456527,5437728,1775747455349,5421411,34780,-804.918,5455635.9,11.564
1775747456627,5437728,1775747455349,5426306,34780,-805.026,5460430.8,13.651
1775747456727,5437728,1775747455349,5431109,34780,-805.026,5465230.8,13.713
1775747456827,5462016,1775747455847,5436002,34780,-805.026,5470414.8,7.651
1775747456928,5462016,1775747455847,5440805,34780,-805.026,5475262.8,6.713
1775747457027,5462016,1775747455847,5445605,34780,-805.026,5480014.8,7.713
1775747457127,5462016,1775747455847,5450501,34780,-805.026,5484814.8,9.713
1775747457227,5462016,1775747455847,5455394,34780,-805.026,5489614.8,11.651
1775747457327,5462016,1775747455847,5460288,34780,-805.026,5494414.8,13.609
1775747457426,5486256,1775747456349,5465089,34780,-805.026,5499310.8,11.630
1775747457526,5486256,1775747456349,5469891,34780,-805.026,5504110.8,11.672
1775747457626,5486256,1775747456349,5474785,34780,-805.026,5508910.8,13.630
1775747457726,5486256,1775747456349,5479684,34780,-805.123,5513706.1,15.790
1775747457827,5510544,1775747456849,5484484,34780,-805.123,5518842.1,8.790
1775747457927,5510544,1775747456849,5484484,34780,-805.123,5523642.1,-91.210
1775747458026,5510544,1775747456849,5489381,38282,-805.123,5528394.1,-15.231
1775747458127,5510544,1775747456849,5499074,38282,-805.123,5533242.1,85.707
1775747458226,5510544,1775747456849,5499074,38282,-805.123,5537994.1,-13.293
1775747458328,5534784,1775747457349,5503877,38282,-805.123,5543130.1,-20.231
1775747458427,5534784,1775747457349,5508771,38282,-805.123,5547882.1,-17.273
1775747458526,5534784,1775747457349,5513667,38282,-805.123,5552634.1,-14.273
1775747458628,5534784,1775747457349,5518468,38282,-805.111,5557530.7,-16.264
1775747458727,5534784,1775747457349,5523361,38282,-805.111,5562282.7,-13.327
1775747458827,5559024,1775747457848,5528256,38282,-805.111,5567370.7,-17.347
1775747458927,5559024,1775747457848,5533057,38282,-805.111,5572170.7,-17.327
1775747459035,5559024,1775747457848,5537953,38282,-805.111,5577354.7,-23.327
1775747459127,5559024,1775747457848,5542753,39178,-805.111,5581770.7,3.340
1775747459226,5559024,1775747457848,5547650,39178,-805.111,5586522.7,6.361
1775747459326,5583120,1775747458349,5552451,39178,-805.111,5591370.7,5.382
1775747459427,5583120,1775747458349,5557346,39178,-805.111,5596218.7,6.361
1775747459527,5583120,1775747458349,5562146,39178,-805.111,5601018.7,6.361
1775747459626,5583120,1775747458349,5566949,39178,-805.111,5605770.7,7.423
1775747459726,5583120,1775747458349,5571748,39178,-805.100,5610571.2,7.392
1775747459827,5607408,1775747458847,5576549,39178,-805.100,5615803.2,-1.588
1775747459927,5607408,1775747458847,5581443,39178,-805.100,5620603.2,0.371
1775747460026,5607408,1775747458847,5586245,39178,-805.100,5625355.2,1.412
1775747460126,5607408,1775747458847,5591138,39178,-805.100,5630155.2,3.350
1775747460227,5607408,1775747458847,5596035,39178,-805.100,5635003.2,4.371
1775747460327,5631600,1775747459349,5600836,39178,-805.100,5639899.2,2.392
1775747460427,5631600,1775747459349,5605637,39178,-805.100,5644699.2,2.412
1775747460527,5631600,1775747459349,5610530,39178,-805.100,5649499.2,4.350
1775747460627,5631600,1775747459349,5615333,39178,-805.100,5654299.2,4.412
1775747460727,5631600,1775747459349,5620227,39178,-805.090,5659099.7,6.361
1775747460827,5655792,1775747459856,5625028,39178,-805.090,5663755.7,9.382
1775747460927,5655792,1775747459856,5629920,39178,-805.090,5668555.7,11.298
1775747461027,5655792,1775747459856,5634817,39178,-805.090,5673355.7,13.319
1775747461127,5655792,1775747459856,5639522,39178,-805.090,5678155.7,11.340
1775747461227,5655792,1775747459856,5644417,39178,-805.090,5682955.7,13.319
1775747461342,5680032,1775747460349,5649218,39178,-805.090,5689051.7,-13.660
1775747461427,5680032,1775747460349,5654112,39178,-805.090,5693131.7,3.298
1775747461527,5680032,1775747460349,5659008,39178,-805.090,5697931.7,5.298
1775747461629,5680032,1775747460349,5663809,39178,-805.090,5702827.7,3.319
1775747461727,5680032,1775747460349,5668609,39178,-805.081,5707532.1,5.310
1775747461827,5701872,1775747460848,5673409,39178,-805.081,5710220.1,49.310
1775747461926,5701872,1775747460848,5678212,37284,-805.081,5714972.1,10.914
1775747462027,5701872,1775747460848,5683107,37284,-805.081,5719820.1,11.893
1775747462127,5701872,1775747460848,5688002,37284,-805.081,5724620.1,13.872
1775747462227,5701872,1775747460848,5692896,37284,-805.081,5729420.1,15.831
1775747462327,5726112,1775747461347,5697700,37284,-805.081,5734508.1,9.914
1775747462426,5726112,1775747461347,5702501,37284,-805.081,5739260.1,10.935
1775747462527,5726112,1775747461347,5707394,37284,-805.081,5744108.1,11.872
1775747462627,5726112,1775747461347,5712288,37284,-805.081,5748908.1,13.831
1775747462727,5726112,1775747461347,5717090,37284,-805.073,5753708.5,13.864
1775747462827,5750304,1775747461849,5721985,37284,-805.073,5758604.5,13.844
1775747462926,5750304,1775747461849,5726881,37284,-805.073,5763356.5,16.844
1775747463027,5750304,1775747461849,5731682,37284,-805.073,5768204.5,15.864
1775747463127,5750304,1775747461849,5736577,37284,-805.073,5773004.5,17.844
1775747463227,5750304,1775747461849,5741379,37284,-805.073,5777804.5,17.885
1775747463326,5774496,1775747462349,5746179,37284,-805.073,5782748.5,14.885
1775747463427,5774496,1775747462349,5750979,37284,-805.073,5787596.5,13.885
1775747463528,5774496,1775747462349,5755873,37284,-805.073,5792444.5,14.844
1775747463627,5774496,1775747462349,5760677,37284,-805.073,5797196.5,15.927
1775747463736,5774496,1775747462349,5765571,37284,-804.466,5802457.7,8.278
1775747463827,5798784,1775747462849,5770371,37284,-804.466,5807113.7,11.278
1775747463926,5798784,1775747462849,5775264,37284,-804.466,5811865.7,14.216
1775747464027,5798784,1775747462849,5779972,37284,-804.466,5816713.7,11.299
1775747464127,5798784,1775747462849,5784773,37284,-804.466,5821513.7,11.320
1775747464226,5798784,1775747462849,5789664,37284,-804.466,5826265.7,14.216
1775747464357,5823024,1775747463349,5794464,37284,-804.466,5832793.7,-21.784
1775747464427,5823024,1775747463349,5799265,38121,-804.466,5836153.7,25.674
1775747464526,5823024,1775747463349,5804161,38121,-804.466,5840905.7,28.674
1775747464627,5823024,1775747463349,5808965,38121,-804.466,5845753.7,27.757
1775747464727,5823024,1775747463349,5813858,38121,-804.419,5850555.9,29.648
1775747464827,5847216,1775747463847,5818753,38121,-804.419,5855643.9,25.627
1775747464927,5847216,1775747463847,5823653,38121,-804.419,5860443.9,27.711
1775747465027,5847216,1775747463847,5828546,38121,-804.419,5865243.9,29.648
1775747465127,5847216,1775747463847,5833349,38121,-804.419,5870043.9,29.711
1775747465227,5847216,1775747463847,5838243,38121,-804.419,5874843.9,31.669
1775747465327,5847216,1775747463847,5843136,38121,-804.419,5879643.9,33.606
1775747465427,5871456,1775747464349,5847937,38121,-804.419,5884587.9,30.627
1775747465527,5871456,1775747464349,5852833,36945,-804.419,5889387.9,8.127
1775747465627,5871456,1775747464349,5857635,36945,-804.419,5894187.9,8.169
1775747465726,5871456,1775747464349,5862530,36945,-804.419,5898939.9,11.148
1775747465826,5871456,1775747464349,5867332,36945,-804.377,5903741.9,11.148
1775747465927,5871456,1775747464349,5872133,36945,-804.377,5908589.9,10.169
1775747466027,5871456,1775747464349,5877025,36945,-804.377,5913389.9,12.085
