wallMs,framePos,timeNs,ok
1775783364261,3552,9922666612254,1
1775783364366,8592,9922771948087,1
1775783364458,13008,9922864059546,1
1775783364563,18048,9922968769077,1
1775783364668,23088,9923074167098,1
1775783364762,27600,9923167948973,1
1775783364866,32592,9923272170483,1
1775783364960,37104,9923365990639,1
1775783365067,42240,9923472500535,1
1775783365160,46704,9923566140691,1
1775783365262,51600,9923667751212,1
1775783365362,56400,9923768028191,1
1775783365464,61296,9923869381212,1
1775783365564,66096,9923969635275,1
1775783365665,70944,9924070998972,1
1775783365766,75792,9924171940691,1
1775783365817,78240,9924222774910,1
1775783365969,85536,9924374318816,1
1775783366019,87936,9924424896212,1
1775783366120,92784,9924525856368,1
1775783366223,97680,9924628221576,1
1775783366323,102528,9924729165691,1
1775783366423,107280,9924828306003,1
1775783366524,112176,9924930182097,1
1775783366625,117024,9925030633764,1
1775783366726,121872,9925132041993,1
1775783366827,126720,9925232958451,1
1775783366928,131568,9925334201212,1
1775783367029,136416,9925434892982,1
1775783367130,141264,9925535549805,1
1775783367230,146064,9925636198920,1
1775783367332,150960,9925737489909,1
1775783367432,155760,9925838022513,1
1775783367534,160656,9925940003399,1
1775783367636,165504,9926041229649,1
1775783367737,170352,9926142290326,1
1775783367839,175296,9926244422878,1
1775783367939,180096,9926344675951,1
1775783368040,184944,9926445711159,1
1775783368142,189840,9926547459909,1
1775783368243,194688,9926648877930,1
1775783368343,199488,9926748985638,1
1775783368444,204336,9926849456784,1
1775783368545,209184,9926950419336,1
1775783368646,214032,9927051968346,1
1775783368748,218928,9927153459127,1
1775783368849,223776,9927254969544,1
1775783368951,228672,9927356509857,1
1775783369052,233520,9927457606784,1
1775783369153,238368,9927558361940,1
1775783369254,243216,9927659667981,1
1775783369355,248064,9927760500013,1
1775783369456,252864,9927861258763,1
1775783369556,257712,9927961766783,1
1775783369657,262560,9928062943763,1
1775783369759,267408,9928164224856,1
1775783369859,272256,9928265174023,1
1775783369961,277152,9928366542252,1
1775783370062,282000,9928467708867,1
1775783370162,286800,9928568142669,1
1775783370262,291600,9928668206471,1
1775783370363,296448,9928769003710,1
1775783370463,301248,9928868909960,1
1775783370564,306096,9928969493866,1
1775783370666,310992,9929071395325,1
1775783370716,313392,9929121646314,1
1775783370868,320688,9929273507408,1
1775783370968,325488,9929373947668,1
1775783371019,327888,9929424290741,1
1775783371119,332736,9929525173293,1
1775783371221,337632,9929626608033,1
1775783371322,342480,9929727705793,1
1775783371423,347328,9929828313970,1
1775783371525,352176,9929930221991,1
1775783371625,357024,9930030658710,1
1775783371726,361872,9930131413762,1
1775783371826,366672,9930231837147,1
1775783371928,371520,9930333250480,1
1775783372029,376416,9930434420949,1
1775783372130,381264,9930535704699,1
1775783372231,386112,9930636804907,1
1775783372332,390960,9930737653397,1
1775783372433,395760,9930838220949,1
1775783372534,400656,9930939419699,1
1775783372634,405456,9931039831991,1
1775783372736,410304,9931141233605,1
1775783372836,415152,9931241334647,1
1775783372937,420000,9931342757407,1
1775783373039,424896,9931444523553,1
1775783373139,429696,9931544849907,1
1775783373240,434544,9931646187876,1
1775783373342,439440,9931747342615,1
1775783373443,444288,9931848513501,1
1775783373544,449136,9931949624594,1
1775783373645,453984,9932050878501,1
1775783373746,458832,9932151680011,1
1775783373847,463680,9932252824698,1
1775783373948,468528,9932353986886,1
1775783374049,473376,9932454737303,1
1775783374150,478224,9932555739438,1
1775783374251,483072,9932657028292,1
1775783374352,487920,9932757917355,1
1775783374453,492768,9932858548657,1
1775783374554,497616,9932959518657,1
1775783374655,502464,9933060598448,1
1775783374755,507264,9933160943656,1
1775783374856,512112,9933261323448,1
1775783374957,516960,9933362883031,1
1775783375059,521856,9933464596990,1
1775783375160,526704,9933565887354,1
1775783375261,531552,9933666775062,1
1775783375362,536400,9933767630427,1
1775783375463,541248,9933868780948,1
1775783375564,546096,9933969457250,1
1775783375666,550944,9934071229489,1
1775783375766,555792,9934171830010,1
1775783375867,560640,9934272889073,1
1775783375918,563088,9934323369854,1
1775783376019,567936,9934425002354,1
1775783376120,572784,9934526201416,1
1775783376221,577632,9934626329489,1
1775783376321,582432,9934726908448,1
1775783376422,587280,9934827786052,1
1775783376523,592128,9934928658239,1
1775783376624,596928,9935029278708,1
1775783376725,601824,9935131203968,1
1775783376827,606720,9935232908083,1
1775783376928,611568,9935333360739,1
1775783377029,616368,9935434269124,1
1775783377129,621168,9935534263708,1
1775783377230,626064,9935635916416,1
1775783377332,630960,9935737599697,1
1775783377433,635808,9935838476728,1
1775783377533,640608,9935939096155,1
1775783377634,645456,9936039666312,1
1775783377735,650304,9936140333447,1
1775783377835,655104,9936241115739,1
1775783377936,659952,9936341976989,1
1775783378037,664800,9936442758239,1
1775783378138,669648,9936543720426,1
1775783378239,674496,9936645004593,1
1775783378341,679392,9936746328030,1
1775783378442,684240,9936847365374,1
1775783378543,689088,9936949174228,1
1775783378645,693984,9937050468082,1
1775783378745,698784,9937150803603,1
1775783378847,703680,9937252739384,1
1775783378948,708528,9937353684697,1
1775783379049,713376,9937454744228,1
1775783379150,718224,9937555790217,1
1775783379250,723024,9937656020686,1
1775783379352,727872,9937757247040,1
1775783379452,732720,9937857785425,1
1775783379553,737568,9937958729748,1
1775783379654,742416,9938059825582,1
1775783379755,747264,9938160628030,1
1775783379857,752160,9938262329957,1
1775783379958,757008,9938363316988,1
1775783380058,761808,9938464204436,1
1775783380160,766704,9938565816831,1
1775783380262,771600,9938667870894,1
1775783380364,776496,9938769407196,1
1775783380465,781344,9938870550425,1
1775783380566,786192,9938971659175,1
1775783380667,791040,9939072725842,1
1775783380767,795840,9939173083342,1
1775783380818,798288,9939223522248,1
1775783380969,805536,9939374912612,1
1775783381070,810384,9939475589644,1
1775783381121,812784,9939526246050,1
1775783381222,817680,9939627944435,1
1775783381323,822528,9939728443654,1
1775783381423,827328,9939829029227,1
1775783381524,832176,9939929887664,1
1775783381626,837072,9940031466310,1
1775783381727,841920,9940132601623,1
1775783381827,846720,9940233062300,1
1775783381929,851568,9940334213810,1
1775783382030,856464,9940436001727,1
1775783382132,861360,9940537425216,1
1775783382234,866256,9940639430008,1
1775783382334,871056,9940740081779,1
1775783382435,875904,9940840893133,1
1775783382535,880704,9940941061153,1
1775783382637,885552,9941042298237,1
1775783382738,890448,9941144019435,1
1775783382840,895344,9941245885789,1
1775783382941,900192,9941346708185,1
1775783383043,905088,9941448471414,1
1775783383145,909936,9941550236309,1
1775783383245,914784,9941650643653,1
1775783383347,919632,9941752216414,1
1775783383447,924480,9941852889382,1
1775783383547,929280,9941953163393,1
1775783383649,934176,9942054431570,1
1775783383750,939024,9942155617299,1
1775783383851,943872,9942256861153,1
1775783383952,948672,9942357225111,1
1775783384052,953520,9942457736517,1
1775783384153,958368,9942558797507,1
1775783384254,963216,9942659905059,1
1775783384356,968064,9942761225424,1
1775783384455,972864,9942861134590,1
1775783384556,977712,9942961665007,1
1775783384657,982560,9943062513132,1
1775783384758,987408,9943163529642,1
1775783384859,992256,9943264747350,1
1775783384961,997152,9943366542559,1
1775783385061,1001952,9943466970215,1
1775783385162,1006800,9943568161361,1
1775783385264,1011696,9943669360475,1
1775783385365,1016544,9943770766100,1
1775783385465,1021344,9943870885840,1
1775783385566,1026192,9943971919225,1
1775783385667,1031040,9944072396204,1
1775783385767,1035840,9944172388808,1
1775783385868,1040688,9944273640215,1
1775783385919,1043136,9944324372298,1
1775783386020,1047984,9944426089694,1
1775783386122,1052832,9944527212298,1
1775783386222,1057680,9944627701100,1
1775783386323,1062528,9944728832142,1
1775783386424,1067376,9944829349746,1
1775783386525,1072224,9944930575423,1
1775783391369,3552,9949774512973,1
1775783391471,8496,9949877154796,1
1775783391567,13056,9949972396358,1
1775783391670,18048,9950076175108,1
1775783391766,22656,9950172163806,1
1775783391871,27696,9950276724379,1
1775783391967,32256,9950372333077,1
1775783392061,36816,9950466660473,1
1775783392166,41856,9950571695473,1
1775783392261,46416,9950666679327,1
1775783392372,51696,9950777366046,1
1775783392423,54144,9950828346879,1
1775783392524,58992,9950929374066,1
1775783392674,66240,9951079971566,1
1775783392725,68688,9951130843233,1
1775783392825,73488,9951230833285,1
1775783392926,78336,9951331729691,1
1775783393077,85584,9951482940733,1
1775783393128,88032,9951533555837,1
1775783393228,92832,9951633967451,1
1775783393329,97680,9951734736670,1
1775783393430,102480,9951835240108,1
1775783393530,107328,9951935883233,1
1775783393631,112128,9952036389639,1
1775783393731,116976,9952137004118,1
1775783393832,121824,9952237578753,1
1775783393933,126672,9952338870889,1
1775783394035,131520,9952440259118,1
1775783394135,136368,9952540588597,1
1775783394235,141168,9952641191722,1
1775783394336,146016,9952741772034,1
1775783394437,150864,9952842752711,1
1775783394538,155664,9952943504118,1
1775783394639,160560,9953044993649,1
1775783394740,165408,9953145981722,1
1775783394842,170304,9953247549274,1
1775783394942,175104,9953348118909,1
1775783395043,179952,9953449152555,1
1775783395144,184800,9953550071930,1
1775783395245,189648,9953650691826,1
1775783395346,194496,9953752036721,1
1775783397950,4320,9956355274377,1
1775783398044,8832,9956449433491,1
1775783398148,13824,9956553313023,1
1775783398252,18864,9956658072137,1
1775783398347,23376,9956752569950,1
1775783398451,28368,9956856577293,1
1775783398546,32928,9956951236252,1
1775783398650,37920,9957055926356,1
1775783398745,42480,9957150277762,1
1775783398850,47520,9957255521147,1
1775783398901,49968,9957306307814,1
1775783399002,54816,9957408058126,1
1775783400748,4416,9959153401876,1
1775783400843,8976,9959248705469,1
1775783400947,13968,9959353090626,1
1775783401063,19536,9959468877136,1
1775783401146,23520,9959552158386,1
1775783401242,28080,9959647212865,1
1775783401347,33168,9959752544792,1
1775783401442,37728,9959847717188,1
1775783401548,42768,9959953331198,1
1775783401641,47280,9960046875834,1
1775783401703,50256,9960108601094,1
1775783401804,55056,9960209212657,1
1775783401905,59952,9960310539063,1
1775783402006,64800,9960411547292,1
1775783402107,69648,9960512949792,1
1775783402209,74496,9960614283490,1
1775783402310,79392,9960716124427,1
1775783402411,84240,9960816421615,1
1775783402511,89040,9960916907188,1
1775783402612,93888,9961017606354,1
1775783402713,98736,9961118660417,1
1775783402813,103536,9961218896927,1
1775783404554,3936,9962960184426,1
1775783404658,8928,9963063860208,1
1775783404754,13536,9963159377187,1
1775783404848,18048,9963253856614,1
1775783404953,23088,9963358815572,1
1775783405057,28080,9963462954530,1
1775783405151,32592,9963556593384,1
1775783405256,37632,9963661539843,1
1775783405360,42624,9963765820936,1
1775783405455,47184,9963860676405,1
1775783405556,52032,9963961982916,1
1775783405657,56880,9964062911353,1
1775783405708,59328,9964113373853,1
1775783405809,64176,9964214706561,1
1775783405910,69024,9964315942863,1
1775783406011,73872,9964416531978,1
1775783406113,78720,9964518213384,1
1775783406213,83568,9964618966613,1
1775783408162,4512,9966567522602,1
1775783408256,9024,9966661300154,1
1775783408358,13920,9966763856456,1
1775783408453,18480,9966858982446,1
1775783408558,23520,9966963781716,1
1775783408663,28512,9967068228383,1
1775783408755,32976,9967160755050,1
1775783408860,38016,9967265643956,1
1775783408955,42576,9967360258539,1
1775783409059,47568,9967465096820,1
1775783409161,52464,9967566428487,1
1775783409261,57264,9967666658591,1
1775783409362,62112,9967767842654,1
1775783409463,66960,9967868580570,1
1775783409514,69408,9967919911508,1
1775783409615,74256,9968020595206,1
1775783409715,79056,9968120801039,1
1775783411219,4224,9969624817445,1
1775783411325,9312,9969730443070,1
1775783411420,13872,9969825776299,1
1775783411524,18864,9969929560153,1
1775783411619,23424,9970024567497,1
1775783411723,28416,9970128812913,1
1775783411818,32976,9970223767288,1
1775783411922,37968,9970327606299,1
1775783412017,42528,9970422403226,1
1775783412120,47472,9970525754788,1
1775783412220,52272,9970626008330,1
1775783412322,57168,9970727488642,1
1775783412423,62016,9970828346455,1
1775783412473,64416,9970878746923,1
1775783412574,69312,9970980183538,1
1775783412725,76512,9971130902965,1
1775783412776,78960,9971181573850,1
1775783412877,83808,9971282698590,1
1775783412978,88656,9971383941611,1
1775783413079,93504,9971484489996,1
1775783413179,98304,9971584996454,1
1775783413280,103200,9971686111767,1
1775783413382,108048,9971787584840,1
1775783413482,112848,9971887861975,1
1775783413583,117696,9971988775829,1
1775783413683,122496,9972089027756,1
1775783413784,127392,9972190193069,1
1775783413885,132192,9972290467131,1
1775783413986,137040,9972391727548,1
1775783414087,141936,9972493158069,1
1775783414189,146784,9972594273746,1
1775783414290,151680,9972696140777,1
1775783414392,156528,9972797446923,1
1775783414493,161376,9972898673120,1
1775783414594,166224,9972999545100,1
1775783414696,171120,9973101245204,1
1775783414796,175920,9973201921870,1
1775783414897,180768,9973302443745,1
1775783414999,185664,9973404437183,1
1775783415100,190512,9973505525672,1
1775783415201,195360,9973606701089,1
1775783415302,200208,9973707491453,1
1775783415402,205056,9973808194943,1
1775783415504,209904,9973909209474,1
1775783415605,214752,9974010280776,1
1775783415705,219600,9974111061245,1
1775783415806,224400,9974211961870,1
1775783415907,229248,9974312717547,1
1775783416009,234144,9974414277443,1
1775783416109,238992,9974515149682,1
1775783416210,243792,9974615934786,1
1775783416311,248640,9974716500516,1
1775783416412,253488,9974817878693,1
1775783416513,258336,9974918510411,1
1775783416614,263184,9975019905099,1
1775783416715,268032,9975120630620,1
1775783416816,272880,9975221992390,1
1775783416917,277728,9975322718536,1
1775783417018,282624,9975424062390,1
1775783417119,287424,9975524418536,1
1775783417219,292272,9975625092442,1
1775783417321,297120,9975726468015,1
1775783417422,301968,9975827806921,1
1775783417523,306816,9975928966921,1
1775783417624,311712,9976030146661,1
1775783417725,316512,9976130399213,1
1775783417826,321360,9976231718692,1
1775783417877,323808,9976282255984,1
1775783417977,328608,9976382858223,1
1775783418078,333456,9976484020984,1
1775783418179,338304,9976584739734,1
1775783418281,343200,9976686384213,1
1775783418381,348000,9976786681036,1
1775783418483,352896,9976888506869,1
1775783418584,357744,9976989959629,1
1775783418686,362640,9977091857338,1
1775783418786,367488,9977192093379,1
1775783418887,372288,9977292521713,1
1775783418988,377136,9977393724421,1
1775783419089,381984,9977494725879,1
1775783419190,386880,9977596199108,1
1775783419291,391680,9977696933744,1
1775783419392,396528,9977797210619,1
1775783419492,401328,9977897722702,1
1775783419594,406224,9977999263848,1
1775783419694,411072,9978100071973,1
1775783419795,415872,9978200740566,1
1775783419896,420768,9978302161191,1
1775783419998,425616,9978403586973,1
1775783420098,430416,9978504028847,1
1775783420199,435264,9978604684264,1
1775783420300,440160,9978706037754,1
1775783420401,444960,9978806872233,1
1775783420502,449808,9978907795566,1
1775783420603,454656,9979009021451,1
1775783420705,459552,9979110696347,1
1775783420806,464400,9979211399733,1
1775783420906,469200,9979311932024,1
1775783421007,474048,9979412852753,1
1775783421108,478944,9979514187597,1
1775783421209,483792,9979615114003,1
1775783421310,488592,9979715828066,1
1775783421411,493440,9979816279941,1
1775783421512,498288,9979917909212,1
1775783421612,503136,9980018167128,1
1775783421714,508032,9980120038326,1
1775783421815,512832,9980220459420,1
1775783421916,517680,9980321622336,1
1775783422017,522528,9980422838065,1
1775783422119,527424,9980524506972,1
1775783422220,532272,9980625628013,1
1775783422320,537072,9980725876555,1
1775783422421,541920,9980826256503,1
1775783422522,546816,9980928044524,1
1775783422623,551664,9981029139472,1
1775783422724,556464,9981129893690,1
1775783422825,561312,9981230957544,1
1775783422876,563760,9981281955617,1
1775783422978,568656,9981383534471,1
1775783423079,573504,9981484683638,1
1775783423180,578352,9981585765565,1
1775783423281,583200,9981686899628,1
1775783423382,588048,9981787591190,1
1775783423485,592992,9981890750096,1
1775783423585,597792,9981990521971,1
1775783423685,602640,9982091199888,1
1775783423786,607440,9982191720304,1
1775783423887,612288,9982292771711,1
1775783423988,617136,9982393615148,1
1775783424089,621984,9982494257075,1
1775783424190,626832,9982595508273,1
1775783424291,631680,9982696338013,1
1775783424392,636528,9982797932648,1
1775783424493,641376,9982898822908,1
1775783424594,646224,9982999861137,1
1775783424696,651120,9983101559471,1
1775783424796,655920,9983201966710,1
1775783424897,660816,9983303096398,1
1775783424998,665664,9983404187023,1
1775783425100,670512,9983505233637,1
1775783425200,675360,9983606094523,1
1775783425302,680208,9983707547283,1
1775783425403,685056,9983808917543,1
1775783425505,689952,9983910337491,1
1775783425605,694752,9984010906502,1
1775783425706,699600,9984111394991,1
1775783425806,704400,9984211996085,1
1775783425908,709296,9984313674731,1
1775783426009,714144,9984414516606,1
1775783426109,718944,9984514977647,1
1775783426211,723840,9984616652856,1
1775783426312,728688,9984717400043,1
1775783426412,733488,9984817706397,1
1775783426514,738384,9984919568116,1
1775783426615,743280,9985021069730,1
1775783426716,748080,9985121817647,1
1775783426817,752928,9985222894834,1
1775783426919,757824,9985324509522,1
1775783427020,762672,9985425281449,1
1775783427121,767520,9985526832126,1
1775783427222,772368,9985627999886,1
1775783427323,777216,9985728822751,1
1775783427423,782064,9985829104418,1
1775783427474,784464,9985879668272,1
1775783427627,791808,9986032403584,1
1775783427677,794208,9986082356345,1
1775783427777,799056,9986183160563,1
1775783427879,803904,9986284932699,1
1775783427981,808800,9986386807751,1
1775783428083,813696,9986488540251,1
1775783428184,818544,9986589824521,1
1775783428285,823440,9986691107907,1
1775783428386,828240,9986791867646,1
1775783428487,833088,9986892832490,1
1775783428588,837936,9986993428532,1
1775783428688,842784,9987094069261,1
1775783428790,847632,9987195518219,1
1775783428890,852480,9987296088427,1
1775783428991,857280,9987396910094,1
1775783429092,862128,9987497695042,1
1775783429194,867024,9987599577646,1
1775783429295,871872,9987700234313,1
1775783429396,876720,9987801244886,1
1775783429496,881520,9987901783011,1
1775783429598,886416,9988003383740,1
1775783429699,891264,9988104453063,1
1775783429800,896112,9988205569573,1
1775783429901,900960,9988306656448,1
1775783430002,905808,9988407912490,1
1775783430103,910656,9988508750302,1
1775783430204,915504,9988609898114,1
1775783430305,920352,9988710730406,1
1775783430406,925200,9988811822073,1
1775783430507,930048,9988912981708,1
1775783430608,934896,9989013977125,1
1775783430710,939792,9989115547646,1
1775783430810,944640,9989216125406,1
1775783430912,949488,9989317704833,1
1775783431014,954384,9989419513166,1
1775783431114,959232,9989520095041,1
1775783431216,964080,9989621588218,1
1775783431317,968928,9989722257281,1
1775783431417,973728,9989822605874,1
1775783431518,978576,9989923398479,1
1775783431618,983424,9990024046031,1
1775783431719,988224,9990124368635,1
1775783431820,993072,9990225287072,1
1775783431920,997872,9990325825926,1
1775783432021,1002720,9990426638583,1
1775783432121,1007568,9990527117645,1
1775783432222,1012368,9990627998635,1
1775783432324,1017264,9990729803843,1
1775783432425,1022160,9990831101603,1
1775783432477,1024608,9990882236343,1
1775783432577,1029408,9990982585926,1
1775783432678,1034256,9991083733426,1
1775783432778,1039056,9991183887488,1
1775783432880,1043952,9991285234884,1
1775783432981,1048800,9991386274259,1
1775783433081,1053600,9991486956655,1
1775783433182,1058496,9991588038322,1
1775783433283,1063296,9991688951759,1
1775783433384,1068192,9991790124415,1
1775783433486,1073040,9991891600978,1
1775783433586,1077840,9991991691082,1
1775783433687,1082736,9992093043426,1
1775783433788,1087536,9992193797592,1
1775783433889,1092384,9992294872644,1
1775783433991,1097280,9992396405769,1
1775783434092,1102128,9992497850769,1
1775783434194,1107024,9992599327696,1
1775783434294,1111872,9992700164780,1
1775783434395,1116720,9992801108894,1
1775783434496,1121520,9992901897227,1
1775783434598,1126416,9993003408582,1
1775783434699,1131264,9993104922696,1
1775783434800,1136112,9993205626863,1
1775783434901,1140960,9993306906446,1
1775783435002,1145856,9993408083738,1
1775783435104,1150704,9993509425769,1
1775783435205,1155552,9993610286706,1
1775783435305,1160352,9993710830144,1
1775783435406,1165200,9993811889779,1
1775783435507,1170048,9993912827956,1
1775783435608,1174896,9994013725821,1
1775783435709,1179744,9994114714206,1
1775783435810,1184592,9994215685716,1
1775783435911,1189440,9994316370925,1
1775783436011,1194240,9994416761914,1
1775783436113,1199136,9994518250143,1
1775783436214,1203984,9994619586029,1
1775783436315,1208832,9994720654779,1
1775783436416,1213680,9994821381758,1
1775783436516,1218528,9994922172122,1
1775783436618,1223376,9995023543841,1
1775783436719,1228224,9995124448581,1
1775783436820,1233072,9995225385977,1
1775783436922,1237968,9995327334466,1
1775783437022,1242768,9995428012279,1
1775783437123,1247616,9995528906966,1
1775783437224,1252512,9995630169570,1
1775783437325,1257312,9995730915247,1
1775783437426,1262160,9995831907747,1
1775783437478,1264656,9995883584101,1
1775783437578,1269456,9995983722435,1
1775783437679,1274304,9996084540560,1
1775783437780,1279152,9996185497591,1
1775783437880,1284000,9996286163372,1
1775783437982,1288848,9996387558476,1
1775783438083,1293696,9996488231966,1
1775783438183,1298496,9996588903945,1
1775783438285,1303392,9996690715247,1
1775783438385,1308240,9996791205559,1
1775783438487,1313088,9996892551913,1
1775783438587,1317888,9996992934518,1
1775783438689,1322784,9997094236184,1
1775783438790,1327632,9997195316445,1
1775783438891,1332480,9997296296340,1
1775783438992,1337328,9997397458372,1
1775783439093,1342176,9997498373424,1
1775783439193,1347024,9997599099361,1
1775783439296,1351920,9997701923007,1
1775783439396,1356768,9997802166236,1
1775783439497,1361568,9997903062746,1
1775783439599,1366464,9998004483475,1
1775783439700,1371312,9998105525819,1
1775783439800,1376112,9998206022434,1
1775783439902,1381008,9998307768580,1
1775783440003,1385856,9998408756704,1
1775783440105,1390752,9998510410038,1
1775783440206,1395600,9998611537694,1
1775783440306,1400448,9998712034309,1
1775783440407,1405296,9998813177121,1
1775783440508,1410144,9998914095975,1
1775783440610,1414992,9999015528163,1
1775783440712,1419888,9999117248527,1
1775783440813,1424736,9999218438371,1
1775783440914,1429584,9999319591183,1
1775783441015,1434432,9999420883996,1
1775783441115,1439232,9999520778996,1
1775783441216,1444080,9999621459985,1
1775783441316,1448928,9999722086444,1
1775783441418,1453776,9999823555350,1
1775783441519,1458624,9999924448631,1
1775783441619,1463424,10000024723683,1
1775783441720,1468272,10000125517381,1
1775783441821,1473120,10000226484725,1
1775783441922,1477968,10000327753891,1
1775783442023,1482816,10000428568266,1
1775783442124,1487664,10000529585402,1
1775783442225,1492560,10000631199360,1
1775783442276,1495008,10000682061495,1
1775783442379,1499904,10000784283683,1
1775783442530,1507152,10000935815870,1
1775783442581,1509600,10000986398266,1
1775783442682,1514448,10001087759516,1
1775783442783,1519296,10001188465610,1
1775783442884,1524144,10001289254047,1
1775783442984,1528992,10001390177328,1
1775783443085,1533792,10001490757068,1
1775783443186,1538640,10001591411026,1
1775783443286,1543440,10001691768422,1
1775783443387,1548288,10001792372693,1
1775783443488,1553136,10001893660401,1
1775783443589,1557984,10001994601078,1
1775783443690,1562880,10002096055193,1
1775783443791,1567680,10002196990609,1
1775783443892,1572528,10002297373943,1
1775783443993,1577376,10002398232432,1
1775783444093,1582176,10002498765557,1
1775783444194,1587024,10002599804880,1
1775783444294,1591872,10002700132224,1
1775783444395,1596672,10002800530505,1
1775783444495,1601472,10002900737171,1
1775783444596,1606320,10003001793265,1
1775783444696,1611168,10003102191078,1
1775783444798,1616016,10003203622119,1
1775783444899,1620864,10003304775869,1
1775783444999,1625712,10003405151130,1
1775783445101,1630560,10003506567067,1
1775783445202,1635408,10003607407067,1
1775783445302,1640256,10003708128109,1
1775783445403,1645056,10003808232900,1
1775783445503,1649904,10003909184619,1
1775783445605,1654752,10004010355921,1
1775783445706,1659600,10004111698004,1
1775783445806,1664448,10004212072275,1
1775783445907,1669296,10004313194358,1
1775783446009,1674144,10004414495869,1
1775783446110,1678992,10004515625765,1
1775783446210,1683792,10004615967431,1
1775783446312,1688688,10004717487067,1
1775783446413,1693536,10004818965296,1
1775783446514,1698384,10004919561025,1
1775783446615,1703280,10005021100660,1
1775783446716,1708080,10005122013004,1
1775783446817,1712928,10005222959827,1
1775783446918,1717776,10005323652587,1
1775783447019,1722624,10005424946181,1
1775783447120,1727472,10005525931806,1
1775783447222,1732368,10005627408056,1
1775783447323,1737216,10005728449358,1
1775783447424,1742064,10005829849097,1
1775783447526,1746960,10005931495816,1
1775783447576,1749360,10005981647222,1
1775783447678,1754256,10006083284306,1
1775783447778,1759104,10006184173889,1
1775783447880,1763952,10006285259722,1
1775783447981,1768800,10006386280972,1
1775783448082,1773648,10006487681233,1
1775783448182,1778496,10006588101181,1
1775783448284,1783344,10006689805243,1
1775783448386,1788240,10006791575191,1
1775783448486,1793040,10006891756285,1
1775783448587,1797888,10006992442014,1
1775783448688,1802736,10007093662066,1
1775783448788,1807584,10007194200607,1
1775783448889,1812384,10007294772586,1
1775783448990,1817232,10007395765451,1
1775783449091,1822128,10007497109097,1
1775783449193,1826976,10007598344722,1
1775783449294,1831824,10007699519670,1
1775783449395,1836672,10007800501753,1
1775783449495,1841520,10007901157534,1
1775783449597,1846368,10008002834149,1
1775783449699,1851264,10008104550451,1
1775783449800,1856112,10008205737065,1
1775783449901,1861008,10008307169826,1
1775783450002,1865808,10008407886909,1
1775783450103,1870656,10008508445815,1
1775783450203,1875456,10008608896440,1
1775783450304,1880304,10008709785034,1
1775783450406,1885200,10008811592690,1
1775783450507,1890048,10008912253523,1
1775783450608,1894896,10009013773055,1
1775783450709,1899744,10009114802169,1
1775783450810,1904592,10009215460138,1
1775783450910,1909392,10009315579669,1
1775783451011,1914240,10009416386075,1
1775783451111,1919040,10009517012742,1
1775783451212,1923888,10009617776023,1
1775783451313,1928736,10009718745033,1
1775783451415,1933632,10009820511179,1
1775783451516,1938480,10009921642794,1
1775783451618,1943376,10010023233106,1
1775783451718,1948176,10010123379512,1
1775783451819,1953024,10010224674825,1
1775783451920,1957872,10010325696492,1
1775783452021,1962720,10010426328679,1
1775783452122,1967568,10010527816179,1
1775783452223,1972416,10010628320866,1
1775783452323,1977216,10010728462325,1
1775783452423,1982016,10010828845502,1
1775783452524,1986912,10010930097533,1
1775783452626,1991760,10011031441179,1
1775783452676,1994160,10011081386283,1
1775783452777,1999008,10011182263418,1
1775783452878,2003856,10011283216127,1
1775783452979,2008704,10011384256231,1
1775783453079,2013552,10011485166752,1
1775783453181,2018400,10011586917012,1
1775783453283,2023296,10011688649460,1
1775783453385,2028192,10011790826647,1
1775783453485,2032992,10011890410970,1
1775783453586,2037840,10011991702376,1
1775783453687,2042688,10012092284772,1
1775783453788,2047536,10012193458053,1
1775783453889,2052384,10012294772376,1
1775783453990,2057232,10012395904564,1
1775783454091,2062080,10012496672272,1
1775783454193,2066976,10012598498053,1
1775783454294,2071824,10012699978157,1
1775783454395,2076672,10012800992741,1
1775783454496,2081568,10012902167116,1
1775783454597,2086368,10013002892845,1
1775783454698,2091216,10013103666386,1
1775783454799,2096064,10013204280084,1
1775783454899,2100864,10013304489928,1
1775783455000,2105712,10013405540397,1
1775783455101,2110560,10013506812480,1
1775783455202,2115456,10013608106699,1
1775783455303,2120256,10013708711699,1
1775783455404,2125104,10013809987740,1
1775783455506,2130000,10013911223261,1
1775783455607,2134848,10014012754459,1
1775783455708,2139696,10014113880709,1
1775783455810,2144592,10014215368782,1
1775783455911,2149440,10014316401021,1
1775783456012,2154288,10014417266646,1
1775783456112,2159088,10014517859198,1
1775783456214,2163984,10014619217063,1
1775783456315,2168832,10014720359250,1
1775783456416,2173680,10014821768469,1
1775783456517,2178528,10014922506281,1
1775783456617,2183376,10015023202479,1
1775783456719,2188224,10015124356542,1
1775783456820,2193072,10015225891542,1
1775783456922,2197968,10015327225708,1
1775783457022,2202768,10015427834719,1
1775783457123,2207616,10015528481333,1
1775783457224,2212464,10015629480083,1
1775783457327,2217408,10015732333990,1
1775783457376,2219808,10015782091229,1
1775783457528,2227056,10015933496229,1
1775783457578,2229456,10015983899198,1
1775783457679,2234304,10016084572427,1
1775783457780,2239152,10016185809198,1
1775783457881,2244000,10016286680916,1
1775783457983,2248896,10016388892427,1
1775783458084,2253744,10016489350864,1
1775783458184,2258592,10016590041802,1
1775783458285,2263440,10016691169562,1
1775783458387,2268288,10016792400135,1
1775783458489,2273184,10016894250031,1
1775783458588,2277984,10016994110708,1
1775783458691,2282880,10017096237635,1
1775783458791,2287680,10017196842843,1
1775783458893,2292576,10017298476645,1
1775783458994,2297424,10017399482166,1
1775783459094,2302224,10017499602114,1
1775783459195,2307120,10017601072687,1
1775783459296,2311920,10017701774301,1
1775783459397,2316768,10017802641228,1
1775783459497,2321616,10017903127478,1
1775783459598,2326416,10018003883676,1
1775783459699,2331312,10018105141280,1
1775783459801,2336160,10018206866072,1
1775783459902,2341008,10018307630603,1
1775783460003,2345856,10018408712582,1
1775783460104,2350704,10018509597686,1
1775783460205,2355552,10018610504145,1
1775783460306,2360400,10018711262113,1
1775783460406,2365200,10018811599509,1
1775783460506,2370048,10018912123311,1
1775783460608,2374896,10019013509353,1
1775783460709,2379744,10019114240082,1
1775783460809,2384544,10019214856488,1
1775783460910,2389392,10019315525967,1
1775783461010,2394240,10019416155915,1
1775783461111,2399040,10019516906176,1
1775783461213,2403936,10019618234301,1
1775783461314,2408784,10019719650446,1
1775783461415,2413632,10019820543519,1
1775783461516,2418480,10019921417425,1
1775783461617,2423328,10020022781332,1
1775783461718,2428176,10020123410394,1
1775783461819,2433072,10020225181592,1
1775783461921,2437920,10020326766592,1
1775783462022,2442768,10020427814873,1
1775783462122,2447568,10020527936644,1
1775783462224,2452464,10020629568675,1
1775783462326,2457360,10020731550915,1
1775783462426,2462160,10020831665342,1
1775783462480,2464752,10020885703258,1
1775783462627,2471808,10021032729352,1
1775783462728,2476656,10021133626748,1
1775783462779,2479104,10021184293258,1
1775783462880,2483952,10021285728102,1
1775783462981,2488800,10021386839769,1
1775783463083,2493696,10021488223519,1
1775783463184,2498544,10021589251696,1
1775783463284,2503344,10021689909508,1
1775783463385,2508192,10021790927841,1
1775783463487,2513088,10021892673154,1
1775783463588,2517936,10021993637008,1
1775783463690,2522832,10022095541435,1
1775783463791,2527680,10022196586122,1
1775783463892,2532528,10022297348831,1
1775783463992,2537328,10022397858883,1
1775783464094,2542224,10022499280341,1
1775783464195,2547072,10022600673779,1
1775783464296,2551920,10022701786279,1
1775783464396,2556768,10022802143101,1
1775783464497,2561568,10022902839976,1
1775783464598,2566464,10023004087424,1
1775783464699,2571264,10023104565445,1
1775783464800,2576112,10023205827528,1
1775783464902,2581008,10023307366122,1
1775783465003,2585856,10023408885185,1
1775783465103,2590704,10023509076018,1
1775783465204,2595504,10023609883518,1
1775783465305,2600352,10023710622372,1
1775783465406,2605200,10023811604768,1
1775783465506,2610048,10023912061070,1
1775783465607,2614848,10024012707997,1
1775783465708,2619696,10024113403361,1
1775783465809,2624544,10024214322945,1
1775783465910,2629392,10024315600653,1
1775783466011,2634240,10024416893465,1
1775783466112,2639088,10024517703778,1
1775783466213,2643936,10024618858101,1
1775783466314,2648784,10024719465861,1
1775783466415,2653632,10024820249455,1
1775783466516,2658480,10024921713517,1
1775783466617,2663328,10025022782215,1
1775783466719,2668224,10025124505340,1
1775783466820,2673072,10025225457944,1
1775783466921,2677920,10025326392007,1
1775783467022,2682768,10025427922423,1
1775783467123,2687616,10025528729975,1
1775783467224,2692464,10025629932579,1
1775783467325,2697312,10025730487736,1
1775783467426,2702160,10025831514142,1
1775783467476,2704560,10025881440965,1
1775783467577,2709408,10025982823829,1
1775783467677,2714208,10026082938361,1
1775783467779,2719104,10026184866069,1
1775783467880,2723952,10026285674871,1
1775783468031,2731200,10026436684090,1
1775783468083,2733696,10026488533204,1
1775783468183,2738496,10026588742944,1
1775783468284,2743344,10026689418777,1
1775783468385,2748192,10026790621225,1
1775783468486,2753040,10026892023673,1
1775783468587,2757936,10026993053985,1
1775783468688,2762736,10027093856746,1
1775783468790,2767632,10027195258933,1
1775783468890,2772432,10027295480704,1
1775783468992,2777328,10027397493204,1
1775783469093,2782176,10027498581329,1
1775783469194,2787024,10027599890704,1
1775783469295,2791920,10027701131850,1
1775783469397,2796768,10027802491329,1
1775783469498,2801616,10027903977891,1
1775783469601,2806608,10028007201902,1
1775783469700,2811360,10028106129610,1
1775783469801,2816160,10028206723256,1
1775783469902,2821008,10028307515703,1
1775783470003,2825856,10028408952058,1
1775783470105,2830752,10028510375391,1
1775783470206,2835600,10028611409193,1
1775783470307,2840496,10028713045860,1
1775783470408,2845296,10028813521380,1
1775783470509,2850144,10028914384870,1
1775783470610,2854992,10029015453359,1
1775783470711,2859840,10029116487474,1
1775783470812,2864688,10029217858359,1
1775783470913,2869536,10029318215859,1
1775783471013,2874336,10029418716380,1
1775783471114,2879184,10029519966953,1
1775783471216,2884080,10029621269870,1
1775783471316,2888880,10029721593776,1
1775783471416,2893680,10029822022422,1
1775783471519,2898624,10029924404661,1
1775783471619,2903424,10030024524453,1
1775783471720,2908272,10030125361276,1
1775783471820,2913072,10030225956380,1
1775783471921,2917968,10030327162734,1
1775783472022,2922816,10030428149609,1
1775783472124,2927664,10030529507213,1
1775783472224,2932464,10030629867369,1
1775783472326,2937360,10030731269400,1
1775783472376,2939760,10030781960182,1
1775783472477,2944608,10030882763463,1
1775783472579,2949504,10030984403307,1
1775783472680,2954352,10031085823984,1
1775783472781,2959200,10031186990390,1
1775783472882,2964096,10031288062369,1
1775783472984,2968944,10031389554556,1
1775783473085,2973792,10031490449504,1
1775783473185,2978640,10031591057473,1
1775783473286,2983440,10031691711431,1
1775783473387,2988288,10031792787421,1
1775783473488,2993136,10031893740858,1
1775783473590,2997984,10031995244348,1
1775783473691,3002880,10032096352890,1
1775783473791,3007680,10032196731483,1
1775783473891,3012528,10032297041848,1
1775783473993,3017376,10032398348827,1
1775783474094,3022224,10032499709400,1
1775783474195,3027072,10032600378358,1
1775783474296,3031920,10032701502056,1
1775783474397,3036768,10032802949660,1
1775783474498,3041664,10032904039504,1
1775783474599,3046512,10033005144243,1
1775783474700,3051312,10033105822160,1
1775783474802,3056208,10033207250493,1
1775783474902,3061008,10033307705389,1
1775783475002,3065808,10033407895493,1
1775783475103,3070656,10033508696691,1
1775783475204,3075504,10033609478879,1
1775783475306,3080400,10033711322368,1
1775783475407,3085248,10033812330441,1
1775783475508,3090096,10033913386483,1
1775783475610,3094992,10034015259399,1
1775783475710,3099792,10034115978097,1
1775783475812,3104688,10034217610076,1
1775783475913,3109536,10034318864347,1
1775783476015,3114432,10034420251795,1
1775783476116,3119280,10034521408618,1
1775783476216,3124080,10034621641430,1
1775783476317,3128928,10034722837159,1
1775783476419,3133824,10034824719138,1
1775783476520,3138672,10034925957211,1
1775783476621,3143520,10035026273670,1
1775783476721,3148368,10035127161482,1
1775783476822,3153168,10035227858513,1
1775783476923,3158016,10035328376795,1
1775783477023,3162816,10035428342888,1
1775783477124,3167664,10035529378722,1
1775783477224,3172464,10035629835388,1
1775783477325,3177312,10035730596586,1
1775783477425,3182112,10035830727367,1
1775783477528,3187056,10035933716378,1
1775783477578,3189456,10035983478148,1
1775783477729,3196704,10036134841378,1
1775783477780,3199152,10036185704190,1
1775783477881,3204000,10036286860596,1
1775783477983,3208896,10036388428617,1
1775783478083,3213696,10036488851794,1
1775783478185,3218592,10036590330179,1
1775783478285,3223392,10036690717627,1
1775783478386,3228240,10036791888981,1
1775783478487,3233088,10036892984554,1
1775783478588,3237936,10036993620544,1
1775783478688,3242736,10037093926273,1
1775783478789,3247632,10037195181586,1
1775783478890,3252432,10037295523773,1
1775783478991,3257280,10037396455908,1
1775783479092,3262128,10037497523148,1
1775783479193,3266976,10037598593565,1
1775783479293,3271776,10037698740856,1
1775783479394,3276672,10037800136689,1
1775783479496,3281520,10037901418200,1
1775783479596,3286320,10038001746846,1
1775783479698,3291216,10038103480387,1
1775783479798,3296016,10038203536325,1
1775783479899,3300864,10038305001116,1
1775783480001,3305760,10038406362054,1
1775783480102,3310608,10038507228095,1
1775783480202,3315456,10038608199606,1
1775783480303,3320304,10038709138720,1
1775783480404,3325104,10038809883824,1
1775783480506,3330000,10038911378408,1
1775783480607,3334848,10039012469918,1
1775783480708,3339696,10039113480647,1
1775783480809,3344544,10039214598460,1
1775783480910,3349392,10039315578928,1
1775783481011,3354240,10039416243876,1
1775783481112,3359088,10039517373876,1
1775783481213,3363936,10039618633460,1
