seq,wall_ms,guest_wall,guest_id,drift_ms,vf_diff_ms,host_obs_wall,offset_ms,host_vf,guest_vf,seek_count,out_lat_host_raw,out_lat_guest_raw,out_lat_delta_current,out_lat_delta_anchored,raw_offset_ms,win_min_raw_offset_ms,last_rtt_ms,win_min_rtt_ms,decode_load_ms,decode_total_frames,decode_throughput_fpms,seek_msg_seq,event
0,1780654774534,0,host,0.00,0.00,1780654774534,0.0,0,0,0,0.00,0.00,0.00,0.00,0.0,0.0,0,0,174,34561152,198627.31,0,decode_load
1,1780654793913,0,192.168.35.220:60968,0.00,0.00,1780654793913,0.0,0,0,0,0.00,0.00,0.00,0.00,0.0,0.0,0,0,128,34561152,270009.00,0,decode_load
2,1780654794357,0,host,0.00,0.00,1780654794139,0.0,0,0,0,0.00,0.00,0.00,0.00,0.0,0.0,0,0,0,0,0.00,0,host_play
3,1780654795029,1780654794487,192.168.35.220:60968,0.00,0.00,1780654794826,522219968.0,22687,0,0,0.00,0.00,0.00,0.00,522219961.0,522219968.0,19,15,0,0,0.00,0,guest_start
4,1780654795055,1780654794713,192.168.35.220:60968,0.00,0.00,1780654794826,522219968.0,22687,1380,0,0.00,0.00,0.00,0.00,522219961.0,522219968.0,19,15,0,0,0.00,0,anchor_set
5,1780654795109,1780654794784,192.168.35.220:60968,0.95,-5.26,1780654794826,522219968.0,22687,35738,0,6.62,7.78,1.16,2.11,522219961.0,522219968.0,19,15,0,0,0.00,0,drift
6,1780654795775,1780654795385,192.168.35.220:60968,0.66,-5.26,1780654795328,522219968.0,46792,64561,0,6.79,8.24,1.45,2.11,522219961.0,522219968.0,19,15,0,0,0.00,0,drift
7,1780654796313,1780654795942,192.168.35.220:60968,-0.43,-5.26,1780654795834,522219968.0,71100,91370,0,7.21,9.75,2.55,2.11,522219961.0,522219968.0,19,15,0,0,0.00,0,drift
8,1780654796864,1780654796446,192.168.35.220:60968,1.38,-5.25,1780654796338,522219968.0,95318,115549,0,7.73,8.46,0.73,2.11,522219961.0,522219968.0,19,15,0,0,0.00,0,drift
9,1780654797391,1780654796951,192.168.35.220:60968,-0.33,-5.26,1780654796760,522219968.0,115540,139789,0,7.04,9.49,2.45,2.11,522219961.0,522219968.0,19,15,0,0,0.00,0,drift
10,1780654797857,1780654797455,192.168.35.220:60968,1.16,-4.25,1780654797264,522219968.0,139694,163968,0,6.25,8.20,1.96,2.11,522219960.0,522219968.0,28,15,0,0,0.00,0,drift
11,1780654798337,1780654797960,192.168.35.220:60968,-0.40,-5.25,1780654797770,522219968.0,164010,188215,0,6.83,9.35,2.52,2.11,522219960.0,522219968.0,28,15,0,0,0.00,0,drift
12,1780654798859,1780654798465,192.168.35.220:60968,0.21,-4.93,1780654798276,522219967.7,188281,212472,0,6.50,8.70,2.21,2.11,522219965.0,522219965.0,11,11,0,0,0.00,0,drift
13,1780654799353,1780654798971,192.168.35.220:60968,2.44,-3.95,1780654798780,522219967.7,212527,236754,0,7.60,8.58,0.98,2.11,522219965.0,522219965.0,11,11,0,0,0.00,0,drift
14,1780654799975,1780654799476,192.168.35.220:60968,2.37,-3.93,1780654799286,522219967.7,236817,261000,0,7.67,8.71,1.04,2.11,522219965.0,522219965.0,11,11,0,0,0.00,0,drift
15,1780654800123,1780654799780,192.168.35.220:60968,0.74,0.00,1780654799790,522219967.7,260943,275507,0,0.00,0.00,0.00,0.00,522219965.0,522219965.0,11,11,0,0,0.00,0,anchor_realign_periodic
16,1780654800380,1780654799982,192.168.35.220:60968,0.15,-13.02,1780654799790,522219967.7,260943,284809,0,6.27,7.80,1.53,1.67,522219965.0,522219965.0,11,11,0,0,0.00,0,drift
17,1780654800836,1780654800487,192.168.35.220:60968,1.56,-11.84,1780654800296,522219967.5,285292,309147,0,7.55,8.84,1.29,1.67,522219966.0,522219966.0,8,8,0,0,0.00,0,drift
18,1780654801423,1780654801043,192.168.35.220:60968,2.02,-10.86,1780654800803,522219967.5,309561,335841,0,7.14,8.97,1.83,1.67,522219966.0,522219966.0,8,8,0,0,0.00,0,drift
19,1780654801968,1780654801550,192.168.35.220:60968,-1.01,-12.70,1780654801304,522219967.4,333602,360131,0,5.99,9.00,3.01,1.67,522219969.0,522219966.0,22,8,0,0,0.00,0,drift
20,1780654802475,1780654802055,192.168.35.220:60968,1.55,-11.69,1780654801806,522219967.4,357770,384417,0,7.50,8.95,1.46,1.67,522219969.0,522219966.0,22,8,0,0,0.00,0,drift
21,1780654802956,1780654802560,192.168.35.220:60968,-0.87,-12.71,1780654802310,522219967.4,381918,408632,0,6.56,9.43,2.87,1.67,522219969.0,522219966.0,22,8,0,0,0.00,0,drift
22,1780654803457,1780654803064,192.168.35.220:60968,-0.69,-12.70,1780654802814,522219967.4,406117,432823,0,6.72,9.42,2.70,1.67,522219969.0,522219966.0,22,8,0,0,0.00,0,drift
23,1780654803911,1780654803570,192.168.35.220:60968,-1.26,-12.68,1780654803826,522219967.4,454669,457115,0,6.22,9.48,3.26,1.67,522219969.0,522219966.0,22,8,0,0,0.00,0,drift
24,1780654804472,1780654804075,192.168.35.220:60968,0.79,-11.61,1780654803826,522219967.4,454669,481356,0,6.22,8.44,2.21,1.67,522219969.0,522219966.0,22,8,0,0,0.00,0,drift
25,1780654804985,1780654804580,192.168.35.220:60968,-0.23,-12.67,1780654804334,522219967.4,479052,505593,0,6.21,8.44,2.23,1.67,522219969.0,522219966.0,22,8,0,0,0.00,0,drift
26,1780654805130,1780654804783,192.168.35.220:60968,-0.59,0.00,1780654804836,522219967.4,503166,515324,0,0.00,0.00,0.00,0.00,522219969.0,522219966.0,22,8,0,0,0.00,0,anchor_realign_periodic
27,1780654805473,1780654805086,192.168.35.220:60968,4.25,-8.77,1780654805241,522219967.4,522613,529955,0,7.72,8.07,0.35,2.60,522219969.0,522219966.0,22,8,0,0,0.00,0,drift
28,1780654805972,1780654805590,192.168.35.220:60968,-9.39,-9.39,1780654805241,522219967.4,522613,554141,0,7.72,8.57,0.85,0.00,522219969.0,522219966.0,22,8,0,0,0.00,0,fallback
29,1780654806530,1780654806146,192.168.35.220:60968,-10.78,-10.78,1780654806248,522219967.4,570934,580885,0,6.42,9.13,2.71,0.00,522219969.0,522219966.0,22,8,0,0,0.00,0,fallback
30,1780654807017,1780654806651,192.168.35.220:60968,-10.77,-10.77,1780654806754,522219967.4,595216,605073,0,6.29,9.03,2.75,0.00,522219969.0,522219966.0,22,8,0,0,0.00,0,fallback
31,1780654807518,1780654807155,192.168.35.220:60968,-9.76,-9.76,1780654807260,522219967.4,619565,629299,0,7.58,8.75,1.17,0.00,522219969.0,522219966.0,22,8,0,0,0.00,0,fallback
32,1780654808013,1780654807662,192.168.35.220:60968,-9.77,-9.77,1780654807766,522219967.4,643862,653628,0,7.75,8.60,0.85,0.00,522219969.0,522219966.0,22,8,0,0,0.00,0,fallback
33,1780654808510,1780654808167,192.168.35.220:60968,-10.78,-10.78,1780654808274,522219967.4,668183,677820,0,6.42,8.60,2.18,0.00,522219969.0,522219966.0,22,8,0,0,0.00,0,fallback
34,1780654809087,1780654808672,192.168.35.220:60968,-10.76,-10.76,1780654808778,522219967.4,692402,702091,0,7.00,9.24,2.24,0.00,522219969.0,522219966.0,22,8,0,0,0.00,0,fallback
35,1780654809513,1780654809178,192.168.35.220:60968,-10.68,-10.68,1780654809284,522219967.4,716663,726367,0,6.43,8.90,2.47,0.00,522219969.0,522219966.0,22,8,0,0,0.00,0,fallback
36,1780654810029,1780654809682,192.168.35.220:60968,-10.63,-10.63,1780654809788,522219967.4,740867,750558,0,6.67,8.82,2.15,0.00,522219969.0,522219966.0,22,8,0,0,0.00,0,fallback
37,1780654810519,1780654810187,192.168.35.220:60968,-8.74,-8.74,1780654810293,522219967.4,765081,774800,0,7.16,8.00,0.85,0.00,522219969.0,522219966.0,22,8,0,0,0.00,0,fallback
38,1780654811185,1780654810792,192.168.35.220:60968,-14.90,-14.90,1780654810794,522219967.4,789159,803741,0,4.75,9.07,4.32,0.00,522219969.0,522219966.0,22,8,0,0,0.00,0,fallback
39,1780654811729,1780654811347,192.168.35.220:60968,-9.79,-9.79,1780654811300,522219967.4,813420,830510,0,6.19,8.64,2.45,0.00,522219969.0,522219966.0,22,8,0,0,0.00,0,fallback
40,1780654812275,1780654811850,192.168.35.220:60968,-10.33,-10.33,1780654811806,522219967.4,837712,854670,0,6.74,8.99,2.25,0.00,522219969.0,522219966.0,22,8,0,0,0.00,0,fallback
41,1780654812771,1780654812355,192.168.35.220:60968,-10.80,-10.80,1780654812310,522219967.4,861899,878878,0,6.16,9.31,3.15,0.00,522219969.0,522219966.0,22,8,0,0,0.00,0,fallback
42,1780654813321,1780654812860,192.168.35.220:60968,-9.78,-9.78,1780654812818,522219967.4,886326,903125,0,7.09,8.47,1.38,0.00,522219969.0,522219966.0,22,8,0,0,0.00,0,fallback
43,1780654813766,1780654813367,192.168.35.220:60968,-9.78,-9.78,1780654813323,522219967.4,910506,927434,0,6.82,8.89,2.07,0.00,522219969.0,522219966.0,22,8,0,0,0.00,0,fallback
44,1780654814316,1780654813872,192.168.35.220:60968,-9.76,-9.76,1780654813828,522219967.4,934816,951683,0,7.29,8.07,0.78,0.00,522219969.0,522219966.0,22,8,0,0,0.00,0,fallback
45,1780654814654,1780654814279,192.168.35.220:60968,2.23,0.00,1780654814333,522219967.2,958998,971195,0,0.00,0.00,0.00,0.00,522219969.0,522219966.0,13,8,0,0,0.00,0,anchor_realign_periodic
46,1780654814723,1780654814380,192.168.35.220:60968,-0.16,-15.39,1780654814333,522219967.2,958998,975774,0,7.08,8.73,1.65,1.50,522219969.0,522219966.0,13,8,0,0,0.00,0,drift
47,1780654815336,1780654814884,192.168.35.220:60968,2.35,-14.36,1780654814738,522219967.2,978515,999972,0,7.69,7.83,0.14,1.50,522219969.0,522219966.0,13,8,0,0,0.00,0,drift
48,1780654815763,1780654815389,192.168.35.220:60968,-1.01,-17.26,1780654815244,522219967.2,1002786,1024169,0,7.32,8.82,1.50,1.50,522219969.0,522219966.0,13,8,0,0,0.00,0,drift
49,1780654816391,1780654815941,192.168.35.220:60968,-0.68,-16.40,1780654815748,522219967.2,1027000,1050761,0,7.79,8.97,1.18,1.50,522219969.0,522219966.0,13,8,0,0,0.00,0,drift
50,1780654816872,1780654816447,192.168.35.220:60968,-1.68,-16.26,1780654816254,522219967.1,1051216,1074983,0,6.28,8.57,2.29,1.50,522219961.0,522219966.0,30,8,0,0,0.00,0,drift
51,1780654817387,1780654816952,192.168.35.220:60968,0.00,-15.27,1780654816759,522219967.1,1075447,1099229,0,7.10,8.72,1.62,1.50,522219961.0,522219966.0,30,8,0,0,0.00,0,drift
52,1780654817874,1780654817457,192.168.35.220:60968,-1.56,-16.27,1780654817264,522219967.1,1099725,1123486,0,6.87,9.05,2.18,1.50,522219961.0,522219966.0,30,8,0,0,0.00,0,drift
53,1780654818380,1780654817961,192.168.35.220:60968,0.04,-15.27,1780654817768,522219967.1,1123918,1147698,0,6.90,8.47,1.57,1.50,522219961.0,522219966.0,30,8,0,0,0.00,0,drift
54,1780654818852,1780654818465,192.168.35.220:60968,0.39,-15.17,1780654818273,522219967.0,1148147,1171867,0,7.67,9.01,1.33,1.50,522219967.0,522219966.0,11,8,0,0,0.00,0,drift
55,1780654819401,1780654818970,192.168.35.220:60968,-0.39,-16.14,1780654818778,522219967.0,1172440,1196103,0,7.80,8.92,1.12,1.50,522219967.0,522219966.0,11,8,0,0,0.00,0,drift
56,1780654819735,1780654819374,192.168.35.220:60968,1.97,0.00,1780654819283,522219967.0,1196623,1215468,0,0.00,0.00,0.00,0.00,522219967.0,522219966.0,11,8,0,0,0.00,0,anchor_realign_periodic
57,1780654819821,1780654819475,192.168.35.220:60968,-0.30,-14.16,1780654819283,522219967.0,1196623,1220378,0,7.58,8.64,1.06,-0.24,522219967.0,522219966.0,11,8,0,0,0.00,0,drift
58,1780654820363,1780654819980,192.168.35.220:60968,-1.69,-15.14,1780654819786,522219967.0,1220740,1244563,0,6.03,7.48,1.45,-0.24,522219967.0,522219966.0,11,8,0,0,0.00,0,drift
59,1780654820869,1780654820486,192.168.35.220:60968,-0.70,-15.05,1780654820294,522219966.9,1245194,1268878,0,7.49,8.05,0.56,-0.24,522219962.0,522219966.0,20,8,0,0,0.00,0,drift
60,1780654821402,1780654820991,192.168.35.220:60968,-1.10,-16.76,1780654820798,522219966.9,1269396,1293065,0,7.72,8.68,0.96,-0.24,522219962.0,522219966.0,20,8,0,0,0.00,0,drift
61,1780654821924,1780654821547,192.168.35.220:60968,-1.45,-16.03,1780654821810,522219966.9,1317961,1319746,0,7.50,7.81,0.31,-0.24,522219962.0,522219966.0,20,8,0,0,0.00,0,drift
62,1780654822414,1780654822053,192.168.35.220:60968,-1.04,-16.03,1780654821810,522219966.9,1317961,1344062,0,7.50,7.39,-0.10,-0.24,522219962.0,522219966.0,20,8,0,0,0.00,0,drift
63,1780654822976,1780654822557,192.168.35.220:60968,-6.06,-16.95,1780654822314,522219966.8,1342081,1368283,0,3.97,7.98,4.01,-0.24,522219959.0,522219966.0,28,8,0,0,0.00,0,drift
64,1780654823477,1780654823063,192.168.35.220:60968,-1.80,-14.96,1780654822820,522219966.8,1366386,1392575,0,6.34,8.09,1.75,-0.24,522219959.0,522219966.0,28,8,0,0,0.00,0,drift
65,1780654824042,1780654823567,192.168.35.220:60968,-3.37,-15.97,1780654823324,522219966.8,1390567,1416735,0,6.08,8.40,2.32,-0.24,522219959.0,522219966.0,28,8,0,0,0.00,0,drift
66,1780654824425,1780654824072,192.168.35.220:60968,-1.74,-14.96,1780654823831,522219966.8,1414892,1440982,0,6.86,8.55,1.69,-0.24,522219959.0,522219966.0,28,8,0,0,0.00,0,drift
67,1780654824768,1780654824375,192.168.35.220:60968,-2.08,0.00,1780654824334,522219966.7,1439071,1455582,0,0.00,0.00,0.00,0.00,522219966.0,522219966.0,9,8,0,0,0.00,0,anchor_realign_periodic
68,1780654824910,1780654824577,192.168.35.220:60968,0.69,-18.26,1780654824736,522219966.7,1458370,1465085,0,6.66,8.09,1.42,2.11,522219966.0,522219966.0,9,8,0,0,0.00,0,drift
69,1780654825478,1780654825082,192.168.35.220:60968,1.49,-18.25,1780654824736,522219966.7,1458370,1489287,0,6.66,7.29,0.62,2.11,522219966.0,522219966.0,9,8,0,0,0.00,0,drift
70,1780654825986,1780654825588,192.168.35.220:60968,0.14,-18.25,1780654825243,522219966.7,1482695,1513629,0,7.44,9.41,1.97,2.11,522219966.0,522219966.0,9,8,0,0,0.00,0,drift
71,1780654826528,1780654826144,192.168.35.220:60968,0.77,-18.26,1780654826253,522219966.7,1531204,1540315,0,8.04,9.38,1.34,2.11,522219966.0,522219966.0,9,8,0,0,0.00,0,drift
72,1780654827023,1780654826648,192.168.35.220:60968,-0.51,-18.27,1780654826756,522219966.7,1555303,1564523,0,6.08,8.70,2.62,2.11,522219966.0,522219966.0,9,8,0,0,0.00,0,drift
73,1780654827521,1780654827153,192.168.35.220:60968,-1.67,-19.24,1780654827258,522219966.7,1579422,1588747,0,6.58,9.36,2.78,2.11,522219966.0,522219966.0,9,8,0,0,0.00,0,drift
74,1780654828030,1780654827658,192.168.35.220:60968,-0.65,-19.24,1780654827764,522219966.7,1603698,1612926,0,6.32,8.09,1.76,2.11,522219966.0,522219966.0,9,8,0,0,0.00,0,drift
75,1780654828553,1780654828164,192.168.35.220:60968,1.10,-18.24,1780654828270,522219966.7,1628043,1637283,0,7.53,8.54,1.01,2.11,522219966.0,522219966.0,9,8,0,0,0.00,0,drift
76,1780654829021,1780654828668,192.168.35.220:60968,-0.12,-18.27,1780654828774,522219966.7,1652181,1661478,0,6.38,8.61,2.23,2.11,522219966.0,522219966.0,9,8,0,0,0.00,0,drift
77,1780654829512,1780654829174,192.168.35.220:60968,-19.25,-19.25,1780654829280,522219966.7,1676489,1685752,0,6.81,9.31,2.50,0.00,522219966.0,522219966.0,9,8,0,0,0.00,0,fallback
78,1780654830032,1780654829679,192.168.35.220:60968,-17.26,-17.26,1780654829789,522219966.7,1700889,1709952,0,7.15,7.48,0.34,0.00,522219966.0,522219966.0,9,8,0,0,0.00,0,fallback
79,1780654830515,1780654830185,192.168.35.220:60968,-19.22,-19.22,1780654830294,522219966.7,1725201,1734283,0,7.67,9.36,1.70,0.00,522219966.0,522219966.0,9,8,0,0,0.00,0,fallback
80,1780654831103,1780654830688,192.168.35.220:60968,-19.25,-19.25,1780654830796,522219966.7,1749264,1758472,0,6.96,9.31,2.35,0.00,522219966.0,522219966.0,9,8,0,0,0.00,0,fallback
81,1780654831613,1780654831244,192.168.35.220:60968,-18.24,-18.24,1780654831303,522219966.7,1773528,1785031,0,6.46,7.62,1.16,0.00,522219966.0,522219966.0,9,8,0,0,0.00,0,fallback
82,1780654832122,1780654831748,192.168.35.220:60968,-18.27,-18.27,1780654831809,522219966.7,1797849,1809245,0,7.12,8.08,0.96,0.00,522219966.0,522219966.0,9,8,0,0,0.00,0,fallback
83,1780654832624,1780654832252,192.168.35.220:60968,-18.26,-18.26,1780654832314,522219966.7,1822104,1833453,0,6.45,7.42,0.97,0.00,522219966.0,522219966.0,9,8,0,0,0.00,0,fallback
84,1780654833124,1780654832757,192.168.35.220:60968,-18.27,-18.27,1780654832820,522219966.7,1846387,1857747,0,6.34,9.54,3.20,0.00,522219966.0,522219966.0,9,8,0,0,0.00,0,fallback
85,1780654833627,1780654833261,192.168.35.220:60968,-17.24,-17.24,1780654833326,522219966.7,1870724,1881941,0,7.39,8.59,1.20,0.00,522219966.0,522219966.0,9,8,0,0,0.00,0,fallback
86,1780654834154,1780654833766,192.168.35.220:60968,-18.27,-18.27,1780654833830,522219966.7,1894903,1906195,0,7.09,8.88,1.79,0.00,522219966.0,522219966.0,9,8,0,0,0.00,0,fallback
87,1780654834555,1780654834170,192.168.35.220:60968,0.57,0.00,1780654834236,522219966.7,1914389,1925578,0,0.00,0.00,0.00,0.00,522219962.0,522219966.0,19,8,0,0,0.00,0,anchor_realign_periodic
88,1780654834622,1780654834271,192.168.35.220:60968,1.20,-23.29,1780654834236,522219966.7,1914389,1930123,0,7.05,7.48,0.42,1.61,522219962.0,522219966.0,19,8,0,0,0.00,0,drift
89,1780654835123,1780654834774,192.168.35.220:60968,-0.28,-24.30,1780654834744,522219966.7,1938729,1954245,0,6.13,7.03,0.90,1.61,522219962.0,522219966.0,19,8,0,0,0.00,0,drift
90,1780654835653,1780654835279,192.168.35.220:60968,-1.14,-24.28,1780654835248,522219966.7,1962999,1978558,0,7.78,9.54,1.76,1.61,522219962.0,522219966.0,19,8,0,0,0.00,0,drift
91,1780654836121,1780654835785,192.168.35.220:60968,-0.26,-23.29,1780654835753,522219966.7,1987179,2002839,0,7.51,9.39,1.88,1.61,522219962.0,522219966.0,19,8,0,0,0.00,0,drift
92,1780654836663,1780654836290,192.168.35.220:60968,-0.38,-23.58,1780654836256,522219966.7,2011310,2027058,0,6.23,8.23,2.00,1.61,522219962.0,522219966.0,19,8,0,0,0.00,0,drift
93,1780654837255,1780654836845,192.168.35.220:60968,-2.11,-24.28,1780654836760,522219966.7,2035515,2053712,0,6.51,9.24,2.73,1.61,522219962.0,522219966.0,19,8,0,0,0.00,0,drift
94,1780654837766,1780654837348,192.168.35.220:60968,-0.87,-24.25,1780654837266,522219966.6,2059850,2077845,0,7.46,9.02,1.56,1.61,522219962.0,522219966.0,24,8,0,0,0.00,0,drift
95,1780654838269,1780654837855,192.168.35.220:60968,0.75,-22.32,1780654837770,522219966.6,2083970,2102124,0,7.90,7.83,-0.07,1.61,522219962.0,522219966.0,24,8,0,0,0.00,0,drift
96,1780654838710,1780654838359,192.168.35.220:60968,1.03,-22.21,1780654838273,522219966.6,2108100,2126390,0,6.72,8.37,1.65,1.61,522219962.0,522219966.0,24,8,0,0,0.00,0,drift
97,1780654839300,1780654838864,192.168.35.220:60968,-0.94,-23.22,1780654838776,522219966.6,2132257,2150641,0,5.99,8.62,2.63,1.61,522219962.0,522219966.0,24,8,0,0,0.00,0,drift
98,1780654839738,1780654839367,192.168.35.220:60968,-23.23,-23.23,1780654839280,522219966.6,2156452,2174726,0,6.04,7.38,1.34,0.00,522219962.0,522219966.0,24,8,0,0,0.00,0,fallback
99,1780654840223,1780654839872,192.168.35.220:60968,-26.20,-26.20,1780654839786,522219966.6,2180786,2198985,0,5.00,8.76,3.76,0.00,522219962.0,522219966.0,24,8,0,0,0.00,0,fallback
100,1780654840839,1780654840377,192.168.35.220:60968,-24.16,-24.16,1780654840294,522219966.6,2205187,2223224,0,7.37,8.70,1.33,0.00,522219962.0,522219966.0,24,8,0,0,0.00,0,fallback
101,1780654841254,1780654840881,192.168.35.220:60968,-24.21,-24.21,1780654840798,522219966.6,2229331,2247410,0,6.36,8.63,2.27,0.00,522219962.0,522219966.0,24,8,0,0,0.00,0,fallback
102,1780654841774,1780654841387,192.168.35.220:60968,-23.15,-23.15,1780654841303,522219966.5,2253562,2271720,0,7.16,9.08,1.91,0.00,522219958.0,522219966.0,28,9,0,0,0.00,0,fallback
103,1780654842371,1780654841992,192.168.35.220:60968,-23.93,-23.93,1780654841810,522219966.5,2277910,2300754,0,6.42,8.73,2.31,0.00,522219958.0,522219966.0,28,9,0,0,0.00,0,fallback
104,1780654842916,1780654842548,192.168.35.220:60968,-22.17,-22.17,1780654842820,522219966.5,2326404,2327468,0,6.70,8.51,1.80,0.00,522219958.0,522219966.0,28,9,0,0,0.00,0,fallback
105,1780654843412,1780654843054,192.168.35.220:60968,-24.21,-24.21,1780654843326,522219966.5,2350743,2351688,0,7.72,8.08,0.37,0.00,522219958.0,522219966.0,28,9,0,0,0.00,0,fallback
106,1780654843910,1780654843559,192.168.35.220:60968,-23.16,-23.16,1780654843326,522219966.5,2350743,2375944,0,7.72,7.42,-0.30,0.00,522219962.0,522219966.0,24,9,0,0,0.00,0,fallback
107,1780654844522,1780654844065,192.168.35.220:60968,-24.11,-24.11,1780654843834,522219966.5,2375075,2400237,0,6.68,8.52,1.83,0.00,522219962.0,522219966.0,24,9,0,0,0.00,0,fallback
108,1780654844927,1780654844569,192.168.35.220:60968,-24.11,-24.11,1780654844240,522219966.5,2394563,2424464,0,6.68,9.25,2.57,0.00,522219962.0,522219966.0,24,9,0,0,0.00,0,fallback
109,1780654845424,1780654845074,192.168.35.220:60968,-24.11,-24.11,1780654844746,522219966.5,2418819,2448739,0,6.02,8.99,2.97,0.00,522219962.0,522219966.0,24,9,0,0,0.00,0,fallback
110,1780654845950,1780654845580,192.168.35.220:60968,-23.05,-23.05,1780654845250,522219966.4,2443048,2473009,0,6.79,8.59,1.81,0.00,522219959.0,522219966.0,29,9,0,0,0.00,0,fallback
111,1780654846426,1780654846085,192.168.35.220:60968,-24.05,-24.05,1780654845756,522219966.4,2467355,2497248,0,7.20,9.59,2.39,0.00,522219959.0,522219966.0,29,9,0,0,0.00,0,fallback
112,1780654846974,1780654846590,192.168.35.220:60968,-23.65,-23.65,1780654846260,522219966.4,2491496,2521458,0,6.13,8.59,2.47,0.00,522219964.0,522219966.0,21,9,0,0,0.00,0,fallback
113,1780654847508,1780654847148,192.168.35.220:60968,-22.02,-22.02,1780654847273,522219966.4,2540129,2548284,0,7.30,8.83,1.53,0.00,522219964.0,522219966.0,21,9,0,0,0.00,0,fallback
114,1780654848030,1780654847653,192.168.35.220:60968,-22.98,-22.98,1780654847778,522219966.4,2564417,2572497,0,7.33,8.25,0.92,0.00,522219964.0,522219966.0,21,9,0,0,0.00,0,fallback
115,1780654848524,1780654848157,192.168.35.220:60968,-23.04,-23.04,1780654848283,522219966.4,2588588,2596667,0,6.86,7.82,0.96,0.00,522219964.0,522219966.0,21,9,0,0,0.00,0,fallback
116,1780654849012,1780654848664,192.168.35.220:60968,-24.01,-24.01,1780654848786,522219966.4,2612815,2620958,0,7.60,7.87,0.26,0.00,522219964.0,522219966.0,21,9,0,0,0.00,0,fallback
117,1780654849535,1780654849167,192.168.35.220:60968,-22.03,-22.03,1780654849293,522219966.4,2637106,2645126,0,7.66,7.38,-0.28,0.00,522219964.0,522219966.0,21,9,0,0,0.00,0,fallback
118,1780654850050,1780654849672,192.168.35.220:60968,-24.02,-24.02,1780654849798,522219966.4,2661404,2669378,0,7.87,8.63,0.76,0.00,522219964.0,522219966.0,21,9,0,0,0.00,0,fallback
119,1780654850558,1780654850176,192.168.35.220:60968,-22.97,-22.97,1780654850300,522219966.4,2685410,2693567,0,6.02,7.54,1.51,0.00,522219964.0,522219966.0,21,9,0,0,0.00,0,fallback
120,1780654851069,1780654850682,192.168.35.220:60968,-24.00,-24.00,1780654850808,522219966.4,2709869,2717848,0,7.57,7.41,-0.16,0.00,522219964.0,522219966.0,21,9,0,0,0.00,0,fallback
121,1780654851513,1780654851186,192.168.35.220:60968,-23.02,-23.02,1780654851313,522219966.4,2734026,2742105,0,6.82,8.77,1.95,0.00,522219964.0,522219966.0,21,9,0,0,0.00,0,fallback
122,1780654852018,1780654851690,192.168.35.220:60968,-25.78,-25.78,1780654851818,522219966.4,2758292,2766258,0,4.38,8.72,4.34,0.00,522219964.0,522219966.0,21,9,0,0,0.00,0,fallback
123,1780654852511,1780654852144,192.168.35.220:60968,0.12,0.00,1780654852324,522219966.4,2782619,2788098,0,0.00,0.00,0.00,0.00,522219963.0,522219966.0,17,9,0,0,0.00,0,anchor_realign_periodic
124,1780654852611,1780654852245,192.168.35.220:60968,0.21,-49.98,1780654852324,522219966.4,2782619,2791594,0,7.15,7.76,0.61,1.81,522219963.0,522219966.0,17,9,0,0,0.00,0,drift
125,1780654853222,1780654852750,192.168.35.220:60968,-1.53,-49.99,1780654852828,522219966.4,2806804,2815910,0,7.02,9.36,2.34,1.81,522219963.0,522219966.0,17,9,0,0,0.00,0,drift
126,1780654853612,1780654853255,192.168.35.220:60968,2.09,-47.96,1780654853333,522219966.4,2831027,2840152,0,7.68,8.40,0.72,1.81,522219963.0,522219966.0,17,9,0,0,0.00,0,drift
127,1780654854115,1780654853761,192.168.35.220:60968,-4.21,-50.95,1780654853738,522219966.4,2850454,2864442,0,4.42,8.43,4.02,1.81,522219963.0,522219966.0,17,9,0,0,0.00,0,drift
128,1780654854615,1780654854266,192.168.35.220:60968,-1.76,-49.98,1780654854244,522219966.4,2874762,2888679,0,6.82,9.39,2.57,1.81,522219963.0,522219966.0,17,9,0,0,0.00,0,drift
129,1780654855110,1780654854770,192.168.35.220:60968,0.93,-48.98,1780654854748,522219966.4,2898936,2912820,0,6.45,7.33,0.88,1.81,522219963.0,522219966.0,17,9,0,0,0.00,0,drift
130,1780654855611,1780654855276,192.168.35.220:60968,-1.52,-49.95,1780654855254,522219966.4,2923227,2937182,0,6.53,8.86,2.33,1.81,522219963.0,522219966.0,17,9,0,0,0.00,0,drift
131,1780654856110,1780654855781,192.168.35.220:60968,0.14,-49.92,1780654855758,522219966.4,2947457,2961334,0,7.33,8.01,0.68,1.81,522219963.0,522219966.0,17,9,0,0,0.00,0,drift
132,1780654856613,1780654856285,192.168.35.220:60968,-0.14,-48.93,1780654856263,522219966.3,2971653,2985591,0,7.39,9.37,1.99,1.81,522219962.0,522219966.0,21,9,0,0,0.00,0,drift
133,1780654857215,1780654856790,192.168.35.220:60968,-1.58,-50.27,1780654856766,522219966.3,2995820,3009811,0,6.87,9.30,2.43,1.81,522219962.0,522219966.0,21,9,0,0,0.00,0,drift
134,1780654857728,1780654857344,192.168.35.220:60968,-50.78,-50.78,1780654857270,522219966.3,3019979,3036361,0,6.17,8.93,2.75,0.00,522219962.0,522219966.0,21,9,0,0,0.00,0,fallback
135,1780654858237,1780654857849,192.168.35.220:60968,-51.75,-51.75,1780654857774,522219966.3,3044190,3060536,0,6.59,8.56,1.98,0.00,522219962.0,522219966.0,21,9,0,0,0.00,0,fallback
136,1780654858521,1780654858152,192.168.35.220:60968,-1.91,0.00,1780654858280,522219966.3,3068469,3075108,0,0.00,0.00,0.00,0.00,522219964.0,522219966.0,14,9,0,0,0.00,0,anchor_realign_periodic
137,1780654858711,1780654858355,192.168.35.220:60968,0.24,-39.78,1780654858280,522219966.3,3068469,3085464,0,6.38,8.94,2.56,2.79,522219964.0,522219966.0,14,9,0,0,0.00,0,drift
138,1780654859225,1780654858859,192.168.35.220:60968,1.62,-39.77,1780654858784,522219966.3,3092720,3109649,0,7.61,8.79,1.18,2.79,522219964.0,522219966.0,14,9,0,0,0.00,0,drift
139,1780654859725,1780654859364,192.168.35.220:60968,0.46,-39.77,1780654859288,522219966.3,3116887,3133872,0,7.11,9.44,2.34,2.79,522219964.0,522219966.0,14,9,0,0,0.00,0,drift
140,1780654860221,1780654859868,192.168.35.220:60968,4.75,-37.77,1780654859793,522219966.3,3141078,3158001,0,7.08,7.13,0.05,2.79,522219964.0,522219966.0,14,9,0,0,0.00,0,drift
141,1780654860798,1780654860374,192.168.35.220:60968,-0.16,-39.75,1780654860298,522219966.3,3165335,3182351,0,6.45,9.41,2.96,2.79,522219964.0,522219966.0,14,9,0,0,0.00,0,drift
142,1780654861236,1780654860879,192.168.35.220:60968,1.94,-38.75,1780654860803,522219966.3,3189561,3206572,0,7.16,9.02,1.86,2.79,522219964.0,522219966.0,14,9,0,0,0.00,0,drift
143,1780654861723,1780654861384,192.168.35.220:60968,0.82,-38.76,1780654861308,522219966.3,3213794,3230858,0,6.00,8.97,2.98,2.79,522219964.0,522219966.0,14,9,0,0,0.00,0,drift
144,1780654862230,1780654861890,192.168.35.220:60968,2.72,-39.20,1780654861813,522219966.3,3238097,3255097,0,8.33,9.41,1.08,2.79,522219964.0,522219966.0,14,9,0,0,0.00,0,drift
145,1780654862856,1780654862447,192.168.35.220:60968,-3.27,-41.77,1780654862314,522219966.3,3262147,3281855,0,5.36,9.43,4.07,2.79,522219964.0,522219966.0,14,9,0,0,0.00,0,drift
146,1780654863357,1780654862951,192.168.35.220:60968,1.98,-37.75,1780654862820,522219966.3,3286369,3306066,0,7.99,8.80,0.82,2.79,522219964.0,522219966.0,14,9,0,0,0.00,0,drift
147,1780654863854,1780654863458,192.168.35.220:60968,-41.51,-41.51,1780654863324,522219966.3,3310584,3330243,0,6.45,9.23,2.79,0.00,522219964.0,522219966.0,14,9,0,0,0.00,0,fallback
148,1780654864325,1780654863963,192.168.35.220:60968,-42.49,-42.49,1780654863830,522219966.3,3334909,3354469,0,7.22,8.93,1.70,0.00,522219964.0,522219966.0,14,9,0,0,0.00,0,fallback
149,1780654864876,1780654864468,192.168.35.220:60968,-29.17,-29.17,1780654864334,522219966.3,3359127,3379364,0,7.79,9.28,1.49,0.00,522219964.0,522219966.0,14,9,0,0,0.00,0,fallback
150,1780654865377,1780654864973,192.168.35.220:60968,-28.51,-28.51,1780654864738,522219966.3,3378475,3403629,0,6.51,8.78,2.27,0.00,522219964.0,522219966.0,14,9,0,0,0.00,0,fallback
151,1780654865512,1780654865176,192.168.35.220:60968,3.10,0.00,1780654865243,522219966.4,3402732,3413326,0,0.00,0.00,0.00,0.00,522219967.0,522219967.0,7,7,0,0,0.00,0,anchor_realign_periodic
152,1780654865872,1780654865479,192.168.35.220:60968,-0.32,-16.15,1780654865243,522219966.4,3402732,3428467,0,8.18,9.13,0.94,0.63,522219967.0,522219967.0,7,7,0,0,0.00,0,drift
153,1780654866377,1780654865982,192.168.35.220:60968,0.23,-15.15,1780654865746,522219966.4,3426912,3452669,0,7.94,7.34,-0.60,0.63,522219967.0,522219967.0,7,7,0,0,0.00,0,drift
154,1780654866843,1780654866488,192.168.35.220:60968,-3.74,-17.20,1780654866250,522219966.4,3451006,3476951,0,5.92,9.21,3.30,0.63,522219967.0,522219967.0,11,7,0,0,0.00,0,drift
155,1780654867459,1780654867045,192.168.35.220:60968,-1.62,-16.19,1780654866754,522219966.4,3475227,3503663,0,6.52,8.70,2.18,0.63,522219967.0,522219967.0,11,7,0,0,0.00,0,drift
156,1780654867965,1780654867552,192.168.35.220:60968,-3.34,-17.20,1780654867258,522219966.4,3499412,3528026,0,6.36,9.26,2.90,0.63,522219967.0,522219967.0,11,7,0,0,0.00,0,drift
157,1780654868480,1780654868057,192.168.35.220:60968,-0.49,-16.22,1780654867760,522219966.4,3523496,3552164,0,6.11,7.16,1.05,0.63,522219967.0,522219967.0,11,7,0,0,0.00,0,drift
158,1780654868991,1780654868562,192.168.35.220:60968,-1.86,-17.21,1780654868264,522219966.4,3547694,3576380,0,6.24,7.66,1.42,0.63,522219967.0,522219967.0,11,7,0,0,0.00,0,drift
159,1780654869413,1780654869067,192.168.35.220:60968,0.35,-16.19,1780654869274,522219966.4,3596231,3600668,0,7.43,7.64,0.21,0.63,522219967.0,522219967.0,11,7,0,0,0.00,0,drift
160,1780654869914,1780654869572,192.168.35.220:60968,-0.76,-16.24,1780654869274,522219966.5,3596231,3624959,0,7.43,8.70,1.26,0.63,522219963.0,522219967.0,17,7,0,0,0.00,0,drift
161,1780654870423,1780654870077,192.168.35.220:60968,-0.71,-16.25,1780654869780,522219966.5,3620504,3649181,0,7.12,8.33,1.21,0.63,522219963.0,522219967.0,17,7,0,0,0.00,0,drift
162,1780654870512,1780654870177,192.168.35.220:60968,-3.09,0.00,1780654870288,522219966.5,3644846,3654002,0,0.00,0.00,0.00,0.00,522219964.0,522219967.0,14,7,0,0,0.00,0,anchor_realign_periodic
163,1780654870931,1780654870580,192.168.35.220:60968,0.84,-13.18,1780654870288,522219966.5,3644846,3673504,0,6.24,8.93,2.69,2.54,522219964.0,522219967.0,14,7,0,0,0.00,0,drift
164,1780654871429,1780654871086,192.168.35.220:60968,3.66,-12.17,1780654870793,522219966.5,3669103,3697770,0,7.59,8.46,0.87,2.54,522219964.0,522219967.0,14,7,0,0,0.00,0,drift
165,1780654871925,1780654871591,192.168.35.220:60968,1.56,-14.93,1780654871296,522219966.6,3693254,3721937,0,6.75,8.66,1.92,2.54,522219971.0,522219967.0,23,7,0,0,0.00,0,drift
166,1780654872518,1780654872146,192.168.35.220:60968,2.46,-13.24,1780654872310,522219966.6,3741966,3748655,0,7.56,8.58,1.02,2.54,522219971.0,522219967.0,23,7,0,0,0.00,0,drift
167,1780654873015,1780654872650,192.168.35.220:60968,1.64,-14.23,1780654872814,522219966.6,3766109,3772790,0,6.55,7.40,0.84,2.54,522219971.0,522219967.0,23,7,0,0,0.00,0,drift
168,1780654873554,1780654873155,192.168.35.220:60968,3.15,-13.28,1780654873318,522219966.6,3790328,3797030,0,7.11,7.40,0.29,2.54,522219965.0,522219967.0,16,7,0,0,0.00,0,drift
169,1780654874016,1780654873661,192.168.35.220:60968,0.91,-13.29,1780654873826,522219966.6,3814670,3821383,0,6.23,8.76,2.53,2.54,522219965.0,522219967.0,16,7,0,0,0.00,0,drift
170,1780654874511,1780654874165,192.168.35.220:60968,4.11,-12.26,1780654874331,522219966.6,3838945,3845554,0,7.98,8.31,0.33,2.54,522219965.0,522219967.0,16,7,0,0,0.00,0,drift
171,1780654875015,1780654874670,192.168.35.220:60968,-0.84,-14.29,1780654874836,522219966.6,3863150,3869803,0,6.23,9.51,3.27,2.54,522219965.0,522219967.0,16,7,0,0,0.00,0,drift
172,1780654875547,1780654875174,192.168.35.220:60968,3.88,-12.28,1780654875239,522219966.6,3882555,3894022,0,8.51,9.06,0.56,2.54,522219965.0,522219967.0,16,7,0,0,0.00,0,drift
173,1780654875645,1780654875275,192.168.35.220:60968,4.27,0.00,1780654875239,522219966.6,3882555,3898852,0,0.00,0.00,0.00,0.00,522219965.0,522219967.0,16,7,0,0,0.00,0,anchor_realign_periodic
174,1780654876030,1780654875679,192.168.35.220:60968,-0.03,-16.28,1780654875743,522219966.6,3906704,3918010,0,7.61,7.81,0.21,0.17,522219965.0,522219967.0,16,7,0,0,0.00,0,drift
175,1780654876518,1780654876186,192.168.35.220:60968,-1.82,-17.24,1780654876248,522219966.6,3931003,3942397,0,7.87,8.87,0.99,0.17,522219965.0,522219967.0,16,7,0,0,0.00,0,drift
176,1780654877130,1780654876744,192.168.35.220:60968,-5.15,-18.27,1780654876754,522219966.6,3955206,3969158,0,6.07,9.38,3.32,0.17,522219965.0,522219967.0,16,7,0,0,0.00,0,drift
177,1780654877695,1780654877250,192.168.35.220:60968,-4.73,-18.27,1780654877258,522219966.7,3979413,3993441,0,6.41,9.27,2.86,0.17,522219964.0,522219967.0,16,7,0,0,0.00,0,drift
178,1780654878127,1780654877755,192.168.35.220:60968,-4.48,-18.31,1780654877764,522219966.7,4003704,4017718,0,6.45,9.06,2.61,0.17,522219964.0,522219967.0,16,7,0,0,0.00,0,drift
179,1780654878615,1780654878260,192.168.35.220:60968,-3.73,-18.31,1780654878268,522219966.7,4027947,4041925,0,7.51,9.37,1.86,0.17,522219964.0,522219967.0,16,7,0,0,0.00,0,drift
180,1780654879143,1780654878766,192.168.35.220:60968,-5.26,-18.30,1780654878776,522219966.7,4052260,4066216,0,6.03,9.43,3.39,0.17,522219964.0,522219967.0,16,7,0,0,0.00,0,drift
181,1780654879744,1780654879270,192.168.35.220:60968,-2.45,-17.34,1780654879283,522219966.7,4076625,4090396,0,7.64,9.19,1.55,0.17,522219967.0,522219967.0,12,7,0,0,0.00,0,drift
182,1780654880123,1780654879775,192.168.35.220:60968,-7.15,-20.31,1780654879786,522219966.7,4100810,4114616,0,5.51,8.76,3.24,0.17,522219967.0,522219967.0,12,7,0,0,0.00,0,drift
183,1780654880624,1780654880280,192.168.35.220:60968,-1.54,-16.35,1780654880293,522219966.7,4125073,4138896,0,6.96,8.60,1.64,0.17,522219967.0,522219967.0,12,7,0,0,0.00,0,drift
184,1780654880625,1780654880280,192.168.35.220:60968,-1.54,0.00,1780654880293,522219966.7,4125073,4138896,0,0.00,0.00,0.00,0.00,522219967.0,522219967.0,12,7,0,0,0.00,0,anchor_realign_periodic
185,1780654881130,1780654880789,192.168.35.220:60968,-2.31,-15.32,1780654880796,522219966.7,4149279,4163454,0,7.28,9.22,1.94,1.64,522219967.0,522219967.0,12,7,0,0,0.00,0,drift
186,1780654881716,1780654881344,192.168.35.220:60968,-2.66,-15.36,1780654881300,522219966.7,4173440,4190126,0,6.60,8.89,2.29,1.64,522219967.0,522219967.0,12,7,0,0,0.00,0,drift
187,1780654882304,1780654881848,192.168.35.220:60968,-0.07,-14.35,1780654881806,522219966.7,4197764,4214278,0,7.38,8.08,0.70,1.64,522219967.0,522219967.0,12,7,0,0,0.00,0,drift
188,1780654882744,1780654882353,192.168.35.220:60968,-0.72,-14.35,1780654882310,522219966.7,4221954,4238548,0,7.34,8.67,1.33,1.64,522219964.0,522219967.0,15,7,0,0,0.00,0,drift
189,1780654883326,1780654882858,192.168.35.220:60968,-2.49,-15.38,1780654882816,522219966.7,4246224,4262805,0,6.95,9.05,2.09,1.64,522219964.0,522219967.0,15,7,0,0,0.00,0,drift
190,1780654883760,1780654883364,192.168.35.220:60968,-2.40,-15.35,1780654883324,522219966.7,4270628,4287062,0,7.39,9.40,2.01,1.64,522219964.0,522219967.0,15,7,0,0,0.00,0,drift
191,1780654884225,1780654883868,192.168.35.220:60968,-1.27,-14.35,1780654883828,522219966.7,4294783,4311259,0,6.61,8.49,1.88,1.64,522219964.0,522219967.0,15,7,0,0,0.00,0,drift
192,1780654884724,1780654884375,192.168.35.220:60968,-3.65,-15.37,1780654884334,522219966.7,4319040,4335581,0,5.95,9.21,3.25,1.64,522219964.0,522219967.0,15,7,0,0,0.00,0,drift
193,1780654885220,1780654884880,192.168.35.220:60968,-2.96,-15.39,1780654884738,522219966.7,4338436,4359791,0,6.02,8.59,2.56,1.64,522219964.0,522219967.0,15,7,0,0,0.00,0,drift
194,1780654885614,1780654885284,192.168.35.220:60968,-1.95,0.00,1780654885244,522219966.8,4362742,4379248,0,0.00,0.00,0.00,0.00,522219963.0,522219967.0,20,7,0,0,0.00,0,anchor_realign_periodic
195,1780654885765,1780654885385,192.168.35.220:60968,0.32,-10.02,1780654885244,522219966.8,4362742,4384243,0,6.41,7.62,1.21,2.53,522219963.0,522219967.0,20,7,0,0,0.00,0,drift
196,1780654886373,1780654885941,192.168.35.220:60968,2.17,-9.00,1780654885746,522219966.8,4386847,4410948,0,6.61,6.97,0.36,2.53,522219963.0,522219967.0,20,7,0,0,0.00,0,drift
197,1780654886875,1780654886445,192.168.35.220:60968,-4.53,-12.06,1780654886250,522219966.8,4411049,4435229,0,4.80,8.83,4.03,2.53,522219967.0,522219967.0,12,11,0,0,0.00,0,drift
198,1780654887380,1780654886951,192.168.35.220:60968,1.23,-9.05,1780654886754,522219966.8,4435213,4459453,0,6.21,7.49,1.28,2.53,522219967.0,522219967.0,12,11,0,0,0.00,0,drift
199,1780654887847,1780654887456,192.168.35.220:60968,2.76,-9.04,1780654887259,522219966.8,4459480,4483647,0,7.81,7.53,-0.28,2.53,522219966.0,522219967.0,15,12,0,0,0.00,0,drift
200,1780654888344,1780654887961,192.168.35.220:60968,-0.36,-10.08,1780654887764,522219966.8,4483742,4507961,0,7.25,9.09,1.84,2.53,522219966.0,522219967.0,15,12,0,0,0.00,0,drift
201,1780654888856,1780654888464,192.168.35.220:60968,1.07,-9.08,1780654888270,522219966.8,4508003,4532105,0,6.68,8.09,1.41,2.53,522219966.0,522219967.0,15,12,0,0,0.00,0,drift
202,1780654889368,1780654888968,192.168.35.220:60968,1.29,-9.05,1780654888776,522219966.8,4532314,4556311,0,7.19,8.38,1.19,2.53,522219966.0,522219967.0,15,12,0,0,0.00,0,drift
203,1780654889829,1780654889471,192.168.35.220:60968,2.30,-8.08,1780654889279,522219966.8,4556406,4580449,0,7.07,8.25,1.18,2.53,522219966.0,522219967.0,15,12,0,0,0.00,0,drift
204,1780654890371,1780654889977,192.168.35.220:60968,1.78,-9.05,1780654889786,522219966.8,4580814,4604740,0,7.61,8.31,0.71,2.53,522219966.0,522219967.0,15,12,0,0,0.00,0,drift
205,1780654890727,1780654890382,192.168.35.220:60968,1.45,0.00,1780654890290,522219966.8,4604957,4624145,0,0.00,0.00,0.00,0.00,522219967.0,522219967.0,13,12,0,0,0.00,0,anchor_realign_periodic
206,1780654890839,1780654890482,192.168.35.220:60968,-2.45,-11.38,1780654890290,522219966.8,4604957,4628952,0,6.57,9.02,2.45,1.01,522219967.0,522219967.0,13,12,0,0,0.00,0,drift
207,1780654891380,1780654890986,192.168.35.220:60968,-6.47,-13.37,1780654890794,522219966.8,4629131,4653079,0,4.20,8.67,4.47,1.01,522219967.0,522219967.0,13,12,0,0,0.00,0,drift
208,1780654891991,1780654891541,192.168.35.220:60968,-1.77,-11.42,1780654891304,522219966.8,4653641,4679713,0,6.79,8.54,1.75,1.01,522219964.0,522219967.0,25,12,0,0,0.00,0,drift
209,1780654892544,1780654892045,192.168.35.220:60968,-2.31,-11.41,1780654891806,522219966.8,4677726,4703921,0,6.57,8.87,2.30,1.01,522219964.0,522219967.0,25,12,0,0,0.00,0,drift
210,1780654892925,1780654892551,192.168.35.220:60968,-1.16,-10.40,1780654892314,522219966.8,4702106,4728198,0,6.51,8.66,2.14,1.01,522219964.0,522219967.0,25,12,0,0,0.00,0,drift
211,1780654893431,1780654893056,192.168.35.220:60968,-1.29,-11.39,1780654892820,522219966.8,4726410,4752413,0,6.86,8.13,1.28,1.01,522219964.0,522219967.0,25,12,0,0,0.00,0,drift
212,1780654893915,1780654893560,192.168.35.220:60968,-3.18,-11.42,1780654893328,522219966.9,4750762,4776662,0,6.16,9.31,3.15,1.01,522219962.0,522219967.0,18,12,0,0,0.00,0,drift
213,1780654894429,1780654894066,192.168.35.220:60968,0.06,-10.43,1780654893833,522219966.9,4775018,4800906,0,7.48,8.39,0.91,1.01,522219962.0,522219967.0,18,12,0,0,0.00,0,drift
214,1780654894931,1780654894572,192.168.35.220:60968,-2.74,-11.52,1780654894236,522219967.0,4794351,4825217,0,6.27,8.87,2.60,1.01,522219968.0,522219968.0,12,12,0,0,0.00,0,drift
215,1780654895411,1780654895076,192.168.35.220:60968,-1.17,-11.41,1780654894740,522219967.0,4818616,4849412,0,7.80,8.83,1.03,1.01,522219968.0,522219968.0,12,12,0,0,0.00,0,drift
216,1780654895871,1780654895481,192.168.35.220:60968,-3.16,0.00,1780654895246,522219967.0,4842827,4868864,0,0.00,0.00,0.00,0.00,522219968.0,522219968.0,12,12,0,0,0.00,0,anchor_realign_periodic
217,1780654895911,1780654895582,192.168.35.220:60968,1.68,-12.77,1780654895750,522219967.0,4867038,4873591,0,6.57,7.90,1.32,3.01,522219968.0,522219968.0,12,12,0,0,0.00,0,drift
218,1780654896538,1780654896087,192.168.35.220:60968,1.83,-11.77,1780654895750,522219967.0,4867038,4897920,0,6.57,8.75,2.18,3.01,522219968.0,522219968.0,12,12,0,0,0.00,0,drift
219,1780654897011,1780654896642,192.168.35.220:60968,1.71,-12.74,1780654896764,522219967.0,4915762,4924523,0,7.68,8.98,1.29,3.01,522219968.0,522219968.0,12,12,0,0,0.00,0,drift
220,1780654897509,1780654897146,192.168.35.220:60968,2.74,-11.76,1780654897268,522219967.0,4939953,4948760,0,7.65,8.92,1.27,3.01,522219968.0,522219968.0,12,12,0,0,0.00,0,drift
221,1780654898072,1780654897650,192.168.35.220:60968,-4.09,-14.77,1780654897770,522219967.0,4963968,4972958,0,3.95,9.05,5.10,3.01,522219968.0,522219968.0,12,12,0,0,0.00,0,drift
222,1780654898509,1780654898156,192.168.35.220:60968,0.32,-12.76,1780654898276,522219967.0,4988273,4997196,0,6.31,9.00,2.69,3.01,522219968.0,522219968.0,12,12,0,0,0.00,0,drift
223,1780654899096,1780654898661,192.168.35.220:60968,-0.03,-12.78,1780654898276,522219967.0,4988273,5021452,0,6.31,9.35,3.04,3.01,522219968.0,522219968.0,12,12,0,0,0.00,0,drift
224,1780654899542,1780654899165,192.168.35.220:60968,0.29,-12.68,1780654899288,522219966.9,5036856,5045640,0,6.45,9.26,2.81,3.01,522219966.0,522219966.0,12,12,0,0,0.00,0,drift
225,1780654900010,1780654899671,192.168.35.220:60968,0.99,-12.65,1780654899794,522219966.9,5061139,5069891,0,6.35,8.47,2.12,3.01,522219966.0,522219966.0,12,12,0,0,0.00,0,drift
226,1780654900511,1780654900174,192.168.35.220:60968,3.74,-11.65,1780654900300,522219966.9,5085463,5094035,0,7.11,7.47,0.36,3.01,522219966.0,522219966.0,12,12,0,0,0.00,0,drift
227,1780654900925,1780654900578,192.168.35.220:60968,2.29,0.00,1780654900300,522219966.9,5085463,5113496,0,0.00,0.00,0.00,0.00,522219966.0,522219966.0,12,12,0,0,0.00,0,anchor_realign_periodic
228,1780654901012,1780654900680,192.168.35.220:60968,-1.80,-16.06,1780654900804,522219966.9,5109637,5118202,0,6.71,9.33,2.62,1.82,522219966.0,522219966.0,12,12,0,0,0.00,0,drift
229,1780654901555,1780654901184,192.168.35.220:60968,-1.92,-16.01,1780654901306,522219966.9,5133731,5142400,0,6.71,9.45,2.74,1.82,522219966.0,522219966.0,12,12,0,0,0.00,0,drift
230,1780654902064,1780654901689,192.168.35.220:60968,-0.31,-16.48,1780654901810,522219966.9,5157903,5166568,0,6.26,7.40,1.13,1.82,522219966.0,522219966.0,12,12,0,0,0.00,0,drift
231,1780654902612,1780654902243,192.168.35.220:60968,-4.61,-18.05,1780654902314,522219966.9,5182098,5193198,0,4.31,7.74,3.43,1.82,522219966.0,522219966.0,12,12,0,0,0.00,0,drift
232,1780654903120,1780654902749,192.168.35.220:60968,0.17,-15.02,1780654902823,522219966.9,5206507,5217475,0,6.87,8.52,1.65,1.82,522219966.0,522219966.0,12,12,0,0,0.00,0,drift
233,1780654903708,1780654903254,192.168.35.220:60968,-1.14,-15.95,1780654903330,522219966.8,5230907,5241749,0,7.18,9.22,2.05,1.82,522219964.0,522219966.0,19,12,0,0,0.00,0,drift
234,1780654904145,1780654903760,192.168.35.220:60968,-0.95,-15.96,1780654903834,522219966.8,5255055,5265984,0,6.27,8.13,1.86,1.82,522219964.0,522219966.0,19,12,0,0,0.00,0,drift
235,1780654904647,1780654904265,192.168.35.220:60968,-2.08,-15.96,1780654904240,522219966.8,5274526,5290309,0,5.91,8.89,2.99,1.82,522219964.0,522219966.0,19,12,0,0,0.00,0,drift
236,1780654905166,1780654904772,192.168.35.220:60968,-1.25,-15.94,1780654904744,522219966.8,5298781,5314621,0,7.23,9.39,2.16,1.82,522219964.0,522219966.0,19,12,0,0,0.00,0,drift
237,1780654905612,1780654905275,192.168.35.220:60968,0.30,-14.96,1780654905248,522219966.8,5322937,5338750,0,6.46,8.07,1.61,1.82,522219964.0,522219966.0,19,12,0,0,0.00,0,drift
238,1780654905909,1780654905578,192.168.35.220:60968,-0.91,0.00,1780654905756,522219966.8,5347378,5353314,0,0.00,0.00,0.00,0.00,522219964.0,522219966.0,19,12,0,0,0.00,0,anchor_realign_periodic
239,1780654906123,1780654905780,192.168.35.220:60968,0.01,-13.45,1780654905756,522219966.8,5347378,5363129,0,7.68,9.50,1.82,1.82,522219964.0,522219966.0,19,12,0,0,0.00,0,drift
240,1780654906609,1780654906286,192.168.35.220:60968,2.17,-12.48,1780654906260,522219966.8,5371577,5387415,0,7.80,8.45,0.66,1.82,522219964.0,522219966.0,19,12,0,0,0.00,0,drift
241,1780654907229,1780654906842,192.168.35.220:60968,-1.74,-13.47,1780654906766,522219966.8,5395790,5414120,0,6.24,9.81,3.57,1.82,522219964.0,522219966.0,19,12,0,0,0.00,0,drift
242,1780654907761,1780654907344,192.168.35.220:60968,3.57,-11.50,1780654907274,522219966.8,5420211,5438141,0,7.00,7.26,0.25,1.82,522219964.0,522219966.0,19,12,0,0,0.00,0,drift
243,1780654908277,1780654907849,192.168.35.220:60968,-0.44,-13.48,1780654907778,522219966.8,5444370,5462397,0,6.33,8.59,2.26,1.82,522219964.0,522219966.0,19,12,0,0,0.00,0,drift
244,1780654908826,1780654908354,192.168.35.220:60968,3.23,-11.38,1780654908283,522219966.7,5468658,5486706,0,8.35,9.03,0.68,1.82,522219963.0,522219966.0,16,12,0,0,0.00,0,drift
245,1780654909233,1780654908861,192.168.35.220:60968,2.65,-12.37,1780654908786,522219966.7,5492826,5510998,0,7.84,8.09,0.25,1.82,522219963.0,522219966.0,16,12,0,0,0.00,0,drift
246,1780654909745,1780654909366,192.168.35.220:60968,-3.18,-14.34,1780654909290,522219966.6,5516955,5535265,0,4.51,8.67,4.16,1.82,522219965.0,522219966.0,15,12,0,0,0.00,0,drift
247,1780654910229,1780654909872,192.168.35.220:60968,-0.87,-13.31,1780654909796,522219966.6,5541233,5559529,0,6.33,9.17,2.84,1.82,522219965.0,522219966.0,15,12,0,0,0.00,0,drift
248,1780654910723,1780654910376,192.168.35.220:60968,0.15,-12.32,1780654910304,522219966.6,5565618,5583769,0,6.32,9.15,2.83,1.82,522219965.0,522219966.0,15,12,0,0,0.00,0,drift
249,1780654910910,1780654910579,192.168.35.220:60968,-0.73,0.00,1780654910810,522219966.6,5589909,5593460,0,0.00,0.00,0.00,0.00,522219965.0,522219966.0,15,12,0,0,0.00,0,anchor_realign_periodic
250,1780654911283,1780654910882,192.168.35.220:60968,2.63,-7.89,1780654910810,522219966.6,5589909,5608188,0,6.38,7.45,1.07,2.71,522219965.0,522219966.0,15,12,0,0,0.00,0,drift
251,1780654911715,1780654911388,192.168.35.220:60968,0.42,-8.87,1780654911316,522219966.6,5614189,5632479,0,6.24,8.51,2.27,2.71,522219965.0,522219966.0,15,12,0,0,0.00,0,drift
252,1780654912391,1780654911943,192.168.35.220:60968,2.99,-7.86,1780654911820,522219966.6,5638397,5659108,0,6.56,7.27,0.71,2.71,522219965.0,522219966.0,15,12,0,0,0.00,0,drift
253,1780654912872,1780654912450,192.168.35.220:60968,1.36,-8.85,1780654912326,522219966.6,5662747,5683489,0,7.87,9.21,1.34,2.71,522219965.0,522219966.0,15,12,0,0,0.00,0,drift
254,1780654913376,1780654912954,192.168.35.220:60968,1.10,-7.88,1780654912834,522219966.6,5687086,5707695,0,6.91,9.51,2.60,2.71,522219965.0,522219966.0,15,12,0,0,0.00,0,drift
255,1780654913873,1780654913459,192.168.35.220:60968,2.06,-8.85,1780654913236,522219966.6,5706428,5731888,0,7.89,8.52,0.64,2.71,522219965.0,522219966.0,15,12,0,0,0.00,0,drift
256,1780654914352,1780654913963,192.168.35.220:60968,1.79,-8.86,1780654913740,522219966.6,5730608,5756081,0,7.63,8.54,0.91,2.71,522219965.0,522219966.0,15,12,0,0,0.00,0,drift
257,1780654914852,1780654914467,192.168.35.220:60968,-7.89,-7.89,1780654914248,522219966.6,5754957,5780322,0,6.88,8.57,1.69,0.00,522219965.0,522219966.0,15,12,0,0,0.00,0,fallback
258,1780654915382,1780654914972,192.168.35.220:60968,-8.84,-8.84,1780654914750,522219966.6,5779081,5804483,0,7.50,7.91,0.41,0.00,522219965.0,522219966.0,15,12,0,0,0.00,0,fallback
259,1780654915870,1780654915476,192.168.35.220:60968,2.70,-7.72,1780654915256,522219966.6,5803350,5828738,0,7.07,8.13,1.06,2.71,522219962.0,522219966.0,18,12,0,0,0.00,0,drift
260,1780654916052,1780654915678,192.168.35.220:60968,-0.52,0.00,1780654915760,522219966.6,5827499,5838447,0,0.00,0.00,0.00,0.00,522219962.0,522219966.0,18,12,0,0,0.00,0,anchor_realign_periodic
261,1780654916373,1780654915980,192.168.35.220:60968,3.35,-14.49,1780654915760,522219966.6,5827499,5852555,0,6.19,7.12,0.92,3.28,522219962.0,522219966.0,18,12,0,0,0.00,0,drift
262,1780654916708,0,host,0.00,0.00,1780654916568,0.0,5866289,0,0,0.00,0.00,0.00,0.00,0.0,0.0,0,0,0,0,0.00,0,host_pause
263,1780654916845,1780654916485,192.168.35.220:60968,-2.76,-17.48,1780654916266,522219966.6,5851796,5876858,0,4.37,8.40,4.03,3.28,522219962.0,522219966.0,18,12,0,0,0.00,0,drift
264,1780654916853,1780654916485,192.168.35.220:60968,-2.76,0.00,1780654916568,522219966.6,5866289,5876858,0,0.00,0.00,0.00,0.00,522219962.0,522219966.0,18,12,0,0,0.00,0,guest_stop
