seq,wall_ms,guest_wall,guest_id,drift_ms,vf_diff_ms,host_obs_wall,offset_ms,host_vf,guest_vf,seek_count,event
0,1777355724465,0,host,0.00,0.00,1777355724365,0.0,0,0,0,host_state_sync_sent
1,1777355724467,0,host,0.00,0.00,1777355724365,0.0,0,0,0,host_play
2,1777355753694,1777355751748,192.168.35.78:48666,0.00,0.00,1777355753454,1849.0,1277184,0,0,guest_start
3,1777355753697,1777355751751,192.168.35.78:48666,-29080.35,-29080.35,1777355753454,1849.0,1277184,96,0,fallback
4,1777355754116,1777355752254,192.168.35.78:48666,8.40,8.40,1777355753955,1851.8,1299200,1305702,0,fallback
5,1777355754771,1777355752800,192.168.35.78:48666,61.32,61.32,1777355754451,1854.3,1321216,1332294,0,fallback
6,1777355755220,1777355753352,192.168.35.78:48666,-105.47,-105.47,1777355754952,1854.3,1343232,1349094,0,fallback
7,1777355756752,1777355753857,192.168.35.78:48666,-114.25,-114.25,1777355755454,1854.2,1365504,1371078,0,fallback
8,1777355756968,1777355754413,192.168.35.78:48666,57.31,57.31,1777355755454,1854.2,1365504,1403149,0,fallback
9,1777355756972,1777355754918,192.168.35.78:48666,47.19,47.19,1777355756451,1854.2,1409536,1425229,0,fallback
10,1777355757317,1777355755423,192.168.35.78:48666,8.32,8.32,1777355756952,1854.1,1431552,1445588,0,fallback
11,1777355757859,1777355755928,192.168.35.78:48666,8.44,8.44,1777355757454,1854.0,1453568,1467668,0,fallback
12,1777355758319,1777355756431,192.168.35.78:48666,-0.80,-0.80,1777355757950,1854.0,1475584,1489748,0,fallback
13,1777355759208,1777355756936,192.168.35.78:48666,-4.99,-4.99,1777355758451,1854.0,1497600,1511732,0,fallback
14,1777355759316,1777355757441,192.168.35.78:48666,-12.51,-12.51,1777355758952,1853.9,1519872,1533812,0,fallback
15,1777355759619,1777355757744,192.168.35.78:48666,0.00,0.00,1777355759455,1853.8,1541632,1547060,0,anchor_set
16,1777355759850,1777355757945,192.168.35.78:48666,0.06,-7.11,1777355759455,1853.8,1541632,1556018,0,drift
17,1777355760318,1777355758450,192.168.35.78:48666,4.05,-10.72,1777355759955,1853.8,1563904,1578098,0,drift
18,1777355760854,1777355758954,192.168.35.78:48666,-1.08,-18.38,1777355760456,1853.7,1585920,1600082,0,drift
19,1777355761317,1777355759460,192.168.35.78:48666,1.17,-23.43,1777355760953,1853.7,1607936,1622162,0,drift
20,1777355761927,1777355760015,192.168.35.78:48666,2.43,23.53,1777355761454,1853.6,1629952,1648562,0,drift
21,1777355762419,1777355760520,192.168.35.78:48666,0.85,17.84,1777355761854,1853.6,1647616,1670642,0,drift
22,1777355762974,1777355761025,192.168.35.78:48666,1.48,10.65,1777355762355,1853.6,1669888,1692722,0,drift
23,1777355763263,0,host,0.00,0.00,1777355763256,0.0,1709568,0,0,host_state_sync_sent
24,1777355763265,0,host,0.00,0.00,1777355763256,0.0,1709568,0,0,host_pause
25,1777355763279,1777355761329,192.168.35.78:48666,-2.78,0.00,1777355763256,1853.6,1709568,1705970,0,host_state_sync_recv
26,1777355763358,1777355761329,192.168.35.78:48666,-2.78,0.00,1777355763256,1853.6,1709568,1705970,0,guest_stop
27,1777355764862,0,host,0.00,0.00,1777355764757,0.0,1709568,0,0,host_state_sync_sent
28,1777355764863,0,host,0.00,0.00,1777355764757,0.0,1709568,0,0,host_play
29,1777355764878,1777355762958,192.168.35.78:48666,-2.78,0.00,1777355764757,1853.6,1709568,1709568,0,host_state_sync_recv
30,1777355764945,1777355762958,192.168.35.78:48666,0.00,0.00,1777355764757,1853.6,1709568,1709568,0,guest_start
31,1777355764947,1777355763059,192.168.35.78:48666,-155.65,-155.65,1777355764757,1853.6,1709568,1709568,0,fallback
32,1777355765420,1777355763551,192.168.35.78:48666,0.00,0.00,1777355765353,1853.6,1731840,1738128,0,anchor_set
33,1777355765525,1777355763656,192.168.35.78:48666,0.20,-6.84,1777355765353,1853.6,1731840,1737794,0,drift
34,1777355766119,1777355764218,192.168.35.78:48666,1.80,27.59,1777355765854,1853.7,1754112,1764194,0,drift
35,1777355766619,1777355764720,192.168.35.78:48666,-2.34,24.92,1777355766350,1853.7,1775872,1786274,0,drift
36,1777355767125,1777355765224,192.168.35.78:48666,-0.89,26.11,1777355766851,1853.7,1797888,1808450,0,drift
37,1777355767615,1777355765729,192.168.35.78:48666,0.92,15.42,1777355767352,1853.7,1820160,1830338,0,drift
38,1777355767891,0,host,0.00,0.00,1777355767864,0.0,2058323,46674,0,host_seek
39,1777355767977,1777355766031,192.168.35.78:48666,-1.57,0.00,1777355767752,1853.7,1837824,1843682,0,anchor_reset_seek_notify
40,1777355768087,0,host,0.00,0.00,1777355768051,0.0,2281646,51738,0,host_seek
41,1777355768102,1777355766133,192.168.35.78:48666,-1.57,0.00,1777355767864,1853.7,1842688,2060531,0,anchor_reset_seek_notify
42,1777355768440,0,host,0.00,0.00,1777355768403,0.0,9950636,225638,0,host_seek
43,1777355768453,1777355766537,192.168.35.78:48666,-1.57,0.00,1777355768296,1853.7,2290862,2295758,0,anchor_reset_seek_notify
44,1777355768858,0,host,0.00,0.00,1777355768782,0.0,9457245,214450,0,host_seek
45,1777355768872,1777355766940,192.168.35.78:48666,-1.57,0.00,1777355768403,1853.8,2295726,9966860,0,anchor_reset_seek_notify
46,1777355769043,0,host,0.00,0.00,1777355768872,0.0,6282486,142460,0,host_seek
47,1777355769116,1777355767143,192.168.35.78:48666,-1.57,0.00,1777355768782,1853.8,9965996,9463773,0,anchor_reset_seek_notify
48,1777355769260,0,host,0.00,0.00,1777355769246,0.0,5478058,124219,0,host_seek
49,1777355769420,0,host,0.00,0.00,1777355769352,0.0,5252839,119112,0,host_seek
50,1777355769494,1777355767344,192.168.35.78:48666,-1.57,0.00,1777355768872,1853.8,9461085,6289686,0,anchor_reset_seek_notify
51,1777355769627,0,host,0.00,0.00,1777355769475,0.0,6915277,156809,0,host_seek
52,1777355769781,0,host,0.00,0.00,1777355769699,0.0,7891342,178942,0,host_seek
53,1777355769850,1777355767547,192.168.35.78:48666,-1.57,0.00,1777355769352,1853.8,5482154,5484490,0,anchor_reset_seek_notify
54,1777355769857,1777355767951,192.168.35.78:48666,-1.57,0.00,1777355769352,1853.8,5482154,5266663,0,anchor_reset_seek_notify
55,1777355770001,1777355767951,192.168.35.78:48666,-1.57,0.00,1777355769352,1853.8,5482154,5266663,0,anchor_reset_seek_notify
56,1777355770021,0,host,0.00,0.00,1777355769869,0.0,5445909,123490,0,host_seek
57,1777355770139,1777355768153,192.168.35.78:48666,-1.57,0.00,1777355769779,1853.8,7891598,7898158,0,anchor_reset_seek_notify
58,1777355770150,0,host,0.00,0.00,1777355770147,0.0,4137374,93818,0,host_seek
59,1777355770261,1777355768254,192.168.35.78:48666,-1.57,0.00,1777355769869,1853.8,7895438,5449653,0,anchor_reset_seek_notify
60,1777355770280,0,host,0.00,0.00,1777355770152,0.0,3483106,78982,0,host_seek
61,1777355770415,1777355768356,192.168.35.78:48666,-1.57,0.00,1777355770147,1853.8,5452053,4139774,0,anchor_reset_seek_notify
62,1777355770540,0,host,0.00,0.00,1777355770419,0.0,4073032,92359,0,host_seek
63,1777355770553,1777355768659,192.168.35.78:48666,-1.57,0.00,1777355770280,1853.8,3483874,3492418,0,anchor_reset_seek_notify
64,1777355770658,0,host,0.00,0.00,1777355770552,0.0,6636433,150486,0,host_seek
65,1777355770673,1777355768759,192.168.35.78:48666,-1.57,0.00,1777355770419,1853.8,3490018,4075912,0,anchor_reset_seek_notify
66,1777355770773,0,host,0.00,0.00,1777355770669,0.0,8459791,191832,0,host_seek
67,1777355770855,1777355768912,192.168.35.78:48666,-1.57,0.00,1777355770552,1853.8,4078408,6642865,0,anchor_reset_seek_notify
68,1777355770969,0,host,0.00,0.00,1777355770851,0.0,9510871,215666,0,host_seek
69,1777355771029,1777355769013,192.168.35.78:48666,-1.57,0.00,1777355770851,1853.8,8463375,8462287,0,anchor_reset_seek_notify
70,1777355771192,0,host,0.00,0.00,1777355771182,0.0,7580261,171888,0,host_seek
71,1777355771250,1777355769216,192.168.35.78:48666,-1.57,0.00,1777355770851,1853.8,8463375,9515383,0,anchor_reset_seek_notify
72,1777355771429,0,host,0.00,0.00,1777355771352,0.0,5006144,113518,0,host_seek
73,1777355771436,1777355769518,192.168.35.78:48666,-1.57,0.00,1777355771352,1853.8,7587685,7589669,0,anchor_reset_seek_notify
74,1777355771508,0,host,0.00,0.00,1777355771502,0.0,4062272,92115,0,host_seek
75,1777355771518,1777355769619,192.168.35.78:48666,-1.57,0.00,1777355771352,1853.8,7587685,5009696,0,anchor_reset_seek_notify
76,1777355772617,1777355770730,192.168.35.78:48666,-1.57,0.00,1777355772355,1853.8,4099648,4110560,0,anchor_set
77,1777355772716,1777355770831,192.168.35.78:48666,-1.59,-6.88,1777355772355,1853.8,4099648,4113362,0,drift
78,1777355773218,1777355771335,192.168.35.78:48666,0.56,-9.35,1777355772851,1853.8,4121664,4135538,0,drift
79,1777355773719,1777355771840,192.168.35.78:48666,1.75,-12.09,1777355773352,1853.7,4143680,4157522,0,drift
80,1777355774220,1777355772346,192.168.35.78:48666,2.99,-14.40,1777355773806,1853.7,4163648,4179602,0,drift
81,1777355774759,1777355772850,192.168.35.78:48666,-1.59,-21.26,1777355774355,1853.5,4187712,4201586,0,drift
82,1777355775233,1777355773355,192.168.35.78:48666,0.32,-28.08,1777355774856,1853.5,4209984,4223666,0,drift
83,1777355775719,1777355773860,192.168.35.78:48666,1.93,-33.50,1777355775353,1853.3,4232000,4245746,0,drift
84,1777355776321,1777355774415,192.168.35.78:48666,2.56,14.56,1777355775800,1853.3,4251712,4272242,0,drift
85,1777355776820,1777355774919,192.168.35.78:48666,0.62,8.34,1777355776254,1853.2,4271680,4294226,0,drift
86,1777355777319,1777355775425,192.168.35.78:48666,-1.63,2.07,1777355776755,1853.2,4293696,4316306,0,drift
87,1777355777957,1777355775930,192.168.35.78:48666,1.55,-5.13,1777355777252,1853.1,4315712,4338290,0,drift
88,1777355778320,1777355776434,192.168.35.78:48666,4.18,-5.09,1777355777854,1853.1,4342336,4360466,0,drift
89,1777355778821,1777355776939,192.168.35.78:48666,2.13,-12.88,1777355778254,1853.0,4360000,4382450,0,drift
90,1777355779319,1777355777445,192.168.35.78:48666,-1.17,-19.83,1777355778750,1853.0,4381760,4404530,0,drift
91,1777355779818,1777355777951,192.168.35.78:48666,0.34,-28.09,1777355779251,1853.1,4404032,4426610,0,drift
92,1777355780320,1777355778456,192.168.35.78:48666,2.41,-30.72,1777355779752,1853.1,4426048,4448594,0,drift
93,1777355780955,1777355779012,192.168.35.78:48666,-0.42,13.80,1777355780851,1853.2,4474432,4475090,0,drift
94,1777355781418,1777355779517,192.168.35.78:48666,1.59,5.40,1777355781352,1853.2,4496704,4497074,0,drift
95,1777355781961,1777355780021,192.168.35.78:48666,1.82,4.79,1777355781854,1853.3,4518720,4519154,0,drift
96,1777355782410,0,host,0.00,0.00,1777355782350,0.0,4540480,0,0,host_state_sync_sent
97,1777355782411,0,host,0.00,0.00,1777355782350,0.0,4540480,0,0,host_pause
98,1777355782420,1777355780524,192.168.35.78:48666,-0.10,1.11,1777355782350,1853.3,4540480,4541138,0,drift
99,1777355782422,1777355780524,192.168.35.78:48666,-0.10,0.00,1777355782350,1853.3,4540480,4541138,0,host_state_sync_recv
100,1777355782488,1777355780524,192.168.35.78:48666,-0.10,0.00,1777355782350,1853.3,4540480,4541138,0,guest_stop
101,1777355784207,0,host,0.00,0.00,1777355784154,0.0,4542784,0,0,host_state_sync_sent
102,1777355784208,0,host,0.00,0.00,1777355784154,0.0,4542784,0,0,host_play
103,1777355784281,1777355782358,192.168.35.78:48666,-0.10,0.00,1777355784154,1853.2,4542784,4541714,0,host_state_sync_recv
104,1777355784357,1777355782358,192.168.35.78:48666,0.00,0.00,1777355784154,1853.2,4542784,4541714,0,guest_start
105,1777355785417,1777355783531,192.168.35.78:48666,0.00,0.00,1777355785155,1853.2,4585536,4595817,0,anchor_set
106,1777355785515,1777355783632,192.168.35.78:48666,0.73,-2.29,1777355785155,1853.2,4585536,4599287,0,drift
107,1777355786052,1777355784138,192.168.35.78:48666,-1.84,-7.73,1777355785651,1853.2,4607296,4621367,0,drift
108,1777355786524,1777355784643,192.168.35.78:48666,-0.01,-7.67,1777355786153,1853.2,4629568,4643735,0,drift
109,1777355787055,1777355785148,192.168.35.78:48666,1.46,-18.22,1777355786654,1853.2,4651584,4665431,0,drift
110,1777355787423,0,host,0.00,0.00,1777355787363,0.0,7859149,178212,0,host_seek
111,1777355787550,1777355785551,192.168.35.78:48666,0.74,0.00,1777355787156,1853.2,4673600,4683191,0,anchor_reset_seek_notify
112,1777355787665,0,host,0.00,0.00,1777355787651,0.0,6250293,141730,0,host_seek
113,1777355787782,1777355785752,192.168.35.78:48666,0.74,0.00,1777355787363,1853.1,4682816,7867213,0,anchor_reset_seek_notify
114,1777355787857,0,host,0.00,0.00,1777355787779,0.0,5134828,116436,0,host_seek
115,1777355787917,1777355785954,192.168.35.78:48666,0.74,0.00,1777355787651,1853.1,7869645,6256533,0,anchor_reset_seek_notify
116,1777355788045,0,host,0.00,0.00,1777355788035,0.0,3890678,88224,0,host_seek
117,1777355788101,1777355786156,192.168.35.78:48666,0.74,0.00,1777355787779,1853.1,6255413,5141260,0,anchor_reset_seek_notify
118,1777355788279,0,host,0.00,0.00,1777355788216,0.0,3011192,68281,0,host_seek
119,1777355788288,1777355786358,192.168.35.78:48666,0.74,0.00,1777355788104,1853.1,3893494,3897686,0,anchor_reset_seek_notify
120,1777355788413,0,host,0.00,0.00,1777355788403,0.0,2217480,50283,0,host_seek
121,1777355788667,1777355786509,192.168.35.78:48666,0.74,0.00,1777355788216,1853.1,3898358,3016856,0,anchor_reset_seek_notify
122,1777355788796,0,host,0.00,0.00,1777355788670,0.0,4620004,104762,0,host_seek
123,1777355788859,1777355786813,192.168.35.78:48666,0.74,0.00,1777355788670,1853.1,2229000,2230440,0,anchor_reset_seek_notify
124,1777355788970,0,host,0.00,0.00,1777355788861,0.0,5832005,132245,0,host_seek
125,1777355789083,1777355787115,192.168.35.78:48666,0.74,0.00,1777355788670,1853.1,2229000,4629220,0,anchor_reset_seek_notify
126,1777355789209,0,host,0.00,0.00,1777355789203,0.0,6893844,156323,0,host_seek
127,1777355789350,1777355787417,192.168.35.78:48666,0.74,0.00,1777355789203,1853.1,5842501,5843333,0,anchor_reset_seek_notify
128,1777355790416,1777355788527,192.168.35.78:48666,0.74,0.00,1777355790153,1853.1,6935828,6940692,0,anchor_set
129,1777355790526,1777355788628,192.168.35.78:48666,1.03,-3.00,1777355790153,1853.1,6935828,6949528,0,drift
130,1777355791050,1777355789133,192.168.35.78:48666,2.31,-3.62,1777355790654,1853.1,6957844,6971608,0,drift
131,1777355791516,1777355789637,192.168.35.78:48666,-1.33,-7.65,1777355791150,1853.1,6979604,6993688,0,drift
132,1777355791919,1777355789940,192.168.35.78:48666,88.37,88.37,1777355791657,1853.1,7001876,7010669,1,corrective_seek_small
133,1777355792152,1777355790243,192.168.35.78:48666,-64.91,-95.24,1777355791657,1853.1,7001876,7016525,1,drift
134,1777355792617,1777355790747,192.168.35.78:48666,-62.27,-99.86,1777355792153,1853.1,7023892,7038605,1,drift
135,1777355793286,1777355791354,192.168.35.78:48666,-178.18,-160.58,1777355792691,1853.1,7047700,7065101,1,drift
136,1777355793817,1777355791918,192.168.35.78:48666,-120.71,-135.78,1777355793652,1853.1,7089940,7088525,1,drift
137,1777355794420,1777355792514,192.168.35.78:48666,-120.04,-134.16,1777355794152,1853.1,7112212,7114925,1,drift
138,1777355794826,1777355792966,192.168.35.78:48666,-173.26,-173.26,1777355794654,1853.1,7134228,7134789,2,corrective_seek_small
139,1777355794963,1777355793016,192.168.35.78:48666,-125.31,-97.40,1777355794654,1853.1,7134228,7138725,2,drift
140,1777355795416,1777355793523,192.168.35.78:48666,-124.71,-102.22,1777355795155,1853.1,7156244,7160709,2,drift
141,1777355795915,1777355794029,192.168.35.78:48666,-131.18,-115.44,1777355795651,1853.1,7178260,7182789,2,drift
142,1777355796424,1777355794533,192.168.35.78:48666,-127.55,-114.77,1777355796152,1853.1,7200276,7204869,2,drift
143,1777355796916,1777355795038,192.168.35.78:48666,-127.45,-123.71,1777355796654,1853.1,7222548,7226853,2,drift
144,1777355797455,1777355795540,192.168.35.78:48666,-127.68,-125.59,1777355797150,1853.1,7244308,7248837,2,drift
145,1777355797916,1777355796045,192.168.35.78:48666,-127.92,-127.07,1777355797651,1853.0,7266324,7271013,2,drift
146,1777355798005,1777355796045,192.168.35.78:48666,-128.40,-127.07,1777355797651,1853.0,7266324,7272241,3,corrective_seek_small
147,1777355798417,1777355796551,192.168.35.78:48666,-127.68,-111.63,1777355798152,1853.0,7288596,7294129,3,drift
148,1777355798953,1777355797056,192.168.35.78:48666,-124.42,-113.25,1777355798654,1853.0,7310612,7316113,3,drift
149,1777355799552,1777355797612,192.168.35.78:48666,-130.66,-66.69,1777355799155,1853.0,7332628,7342801,3,drift
150,1777355800058,1777355798116,192.168.35.78:48666,-128.21,-76.81,1777355799651,1853.0,7354644,7364689,3,drift
151,1777355800133,0,host,0.00,0.00,1777355800062,0.0,3461674,78496,0,host_seek
152,1777355800163,1777355798218,192.168.35.78:48666,-129.37,0.00,1777355799651,1853.0,7354644,7369009,3,anchor_reset_seek_notify
153,1777355800937,0,host,0.00,0.00,1777355800862,0.0,8717203,197669,0,host_seek
154,1777355800951,1777355799025,192.168.35.78:48666,-129.37,0.00,1777355800659,1853.0,3485226,3494794,3,anchor_reset_seek_notify
155,1777355801190,0,host,0.00,0.00,1777355801182,0.0,7902059,179185,0,host_seek
156,1777355801236,1777355799227,192.168.35.78:48666,-129.37,0.00,1777355800862,1853.0,3494186,8724403,3,anchor_reset_seek_notify
157,1777355801356,0,host,0.00,0.00,1777355801347,0.0,6529181,148054,0,host_seek
158,1777355801409,1777355799429,192.168.35.78:48666,-129.37,0.00,1777355801182,1853.0,8728467,7907723,3,anchor_reset_seek_notify
159,1777355801524,0,host,0.00,0.00,1777355801406,0.0,5070486,114977,0,host_seek
160,1777355801577,1777355799632,192.168.35.78:48666,-129.37,0.00,1777355801347,1853.0,7908971,6536093,3,anchor_reset_seek_notify
161,1777355801689,0,host,0.00,0.00,1777355801587,0.0,3890678,88224,0,host_seek
162,1777355801740,1777355799735,192.168.35.78:48666,-129.37,0.00,1777355801406,1853.0,6531485,5074230,3,anchor_reset_seek_notify
163,1777355801917,0,host,0.00,0.00,1777355801848,0.0,2785929,63173,0,host_seek
164,1777355801922,1777355800037,192.168.35.78:48666,-129.37,0.00,1777355801587,1853.0,5073302,3900470,3,anchor_reset_seek_notify
165,1777355801998,0,host,0.00,0.00,1777355801992,0.0,2067320,46878,0,host_seek
166,1777355802179,1777355800241,192.168.35.78:48666,-129.37,0.00,1777355801848,1853.0,3897846,2794377,3,anchor_reset_seek_notify
167,1777355803251,1777355801349,192.168.35.78:48666,-129.37,0.00,1777355802654,1853.0,2096504,2113976,3,anchor_set
168,1777355803337,1777355801455,192.168.35.78:48666,-1.34,-12.95,1777355803150,1853.0,2118520,2124388,3,drift
169,1777355803916,1777355802055,192.168.35.78:48666,-1.90,-8.12,1777355803651,1853.1,2140536,2150980,3,drift
170,1777355804516,1777355802610,192.168.35.78:48666,-0.09,39.65,1777355804152,1853.1,2162552,2177380,3,drift
171,1777355805061,1777355803117,192.168.35.78:48666,0.91,31.84,1777355804152,1853.1,2162552,2199364,3,drift
172,1777355805521,1777355803621,192.168.35.78:48666,-2.07,30.66,1777355805156,1853.2,2206584,2221444,3,drift
173,1777355806016,1777355804126,192.168.35.78:48666,-1.04,16.92,1777355805651,1853.3,2228856,2243524,3,drift
174,1777355806518,1777355804630,192.168.35.78:48666,0.92,15.52,1777355806152,1853.3,2250872,2265508,3,drift
175,1777355807033,1777355805135,192.168.35.78:48666,-0.24,11.92,1777355806659,1853.4,2273144,2287588,3,drift
176,1777355807110,0,host,0.00,0.00,1777355807011,0.0,2288760,0,0,host_state_sync_sent
177,1777355807111,0,host,0.00,0.00,1777355807011,0.0,2288760,0,0,host_pause
178,1777355807123,1777355805237,192.168.35.78:48666,-1.35,0.00,1777355807011,1853.4,2288760,2292004,3,host_state_sync_recv
179,1777355807256,1777355805237,192.168.35.78:48666,-1.35,0.00,1777355807011,1853.4,2288760,2292004,3,guest_stop
180,1777355807398,0,host,0.00,0.00,1777355807319,0.0,2290296,0,0,host_state_sync_sent
181,1777355807399,0,host,0.00,0.00,1777355807319,0.0,2290296,0,0,host_play
182,1777355807618,0,host,0.00,0.00,1777355807555,0.0,2298232,0,0,host_state_sync_sent
183,1777355807619,0,host,0.00,0.00,1777355807555,0.0,2298232,0,0,host_pause
184,1777355807721,1777355805858,192.168.35.78:48666,-1.35,0.00,1777355807319,1853.4,2290296,2292388,3,host_state_sync_recv
185,1777355807822,1777355805858,192.168.35.78:48666,0.00,0.00,1777355807319,1853.4,2290296,2292388,3,guest_start
186,1777355807823,1777355805858,192.168.35.78:48666,0.00,0.00,1777355807319,1853.4,2290296,2292388,3,host_state_sync_recv
187,1777355807824,1777355805858,192.168.35.78:48666,0.00,0.00,1777355807319,1853.4,2290296,2292388,3,guest_stop
188,1777355807966,0,host,0.00,0.00,1777355807894,0.0,2301048,0,0,host_state_sync_sent
189,1777355807967,0,host,0.00,0.00,1777355807894,0.0,2301048,0,0,host_play
190,1777355808034,1777355806062,192.168.35.78:48666,0.00,0.00,1777355807894,1853.4,2301048,2298232,3,host_state_sync_recv
191,1777355808122,1777355806158,192.168.35.78:48666,0.00,0.00,1777355807894,1853.4,2301048,2298232,3,guest_start
192,1777355808202,0,host,0.00,0.00,1777355808195,0.0,2311800,0,0,host_state_sync_sent
193,1777355808203,0,host,0.00,0.00,1777355808195,0.0,2311800,0,0,host_pause
194,1777355808357,1777355806460,192.168.35.78:48666,0.00,0.00,1777355808195,1853.4,2311800,2316122,3,host_state_sync_recv
195,1777355808385,1777355806460,192.168.35.78:48666,0.00,0.00,1777355808195,1853.4,2311800,2316122,3,guest_stop
196,1777355808622,0,host,0.00,0.00,1777355808562,0.0,2311800,0,0,host_state_sync_sent
197,1777355808623,0,host,0.00,0.00,1777355808562,0.0,2311800,0,0,host_play
198,1777355808711,1777355806758,192.168.35.78:48666,0.00,0.00,1777355808562,1853.5,2311800,2311800,3,host_state_sync_recv
199,1777355808717,1777355806758,192.168.35.78:48666,0.00,0.00,1777355808562,1853.5,2311800,2311800,3,guest_start
200,1777355808729,1777355806861,192.168.35.78:48666,-152.48,-152.48,1777355808562,1853.5,2311800,2311800,3,fallback
201,1777355808876,0,host,0.00,0.00,1777355808851,0.0,2322808,0,0,host_state_sync_sent
202,1777355808877,0,host,0.00,0.00,1777355808851,0.0,2322808,0,0,host_pause
203,1777355808943,1777355807057,192.168.35.78:48666,0.00,0.00,1777355808851,1853.5,2322808,2325245,3,host_state_sync_recv
204,1777355809036,1777355807057,192.168.35.78:48666,0.00,0.00,1777355808851,1853.5,2322808,2325245,3,guest_stop
205,1777355809228,0,host,0.00,0.00,1777355809181,0.0,2323576,0,0,host_state_sync_sent
206,1777355809229,0,host,0.00,0.00,1777355809181,0.0,2323576,0,0,host_play
207,1777355809300,1777355807358,192.168.35.78:48666,0.00,0.00,1777355809181,1853.5,2323576,2326301,3,host_state_sync_recv
208,1777355809445,0,host,0.00,0.00,1777355809390,0.0,2331512,0,0,host_state_sync_sent
209,1777355809446,0,host,0.00,0.00,1777355809390,0.0,2331512,0,0,host_pause
210,1777355809458,1777355807358,192.168.35.78:48666,0.00,0.00,1777355809181,1853.5,2323576,2326301,3,guest_start
211,1777355809459,1777355807476,192.168.35.78:48666,-86.69,-86.69,1777355809181,1853.5,2323576,2326301,3,fallback
212,1777355809460,1777355807557,192.168.35.78:48666,0.00,0.00,1777355809390,1853.5,2331512,2333196,3,host_state_sync_recv
213,1777355809528,1777355807557,192.168.35.78:48666,0.00,0.00,1777355809390,1853.5,2331512,2333196,3,guest_stop
214,1777355809803,0,host,0.00,0.00,1777355809700,0.0,2333560,0,0,host_state_sync_sent
215,1777355809804,0,host,0.00,0.00,1777355809700,0.0,2333560,0,0,host_play
216,1777355809823,1777355807958,192.168.35.78:48666,0.00,0.00,1777355809700,1853.5,2333560,2335308,3,host_state_sync_recv
217,1777355809953,1777355807958,192.168.35.78:48666,0.00,0.00,1777355809700,1853.5,2333560,2335308,3,guest_start
218,1777355810074,0,host,0.00,0.00,1777355810030,0.0,2344568,0,0,host_state_sync_sent
219,1777355810075,0,host,0.00,0.00,1777355810030,0.0,2344568,0,0,host_pause
220,1777355810187,1777355808253,192.168.35.78:48666,0.00,0.00,1777355810030,1853.5,2344568,2344044,3,host_state_sync_recv
221,1777355810188,1777355808253,192.168.35.78:48666,0.00,0.00,1777355810030,1853.5,2344568,2344044,3,guest_stop
222,1777355810377,0,host,0.00,0.00,1777355810285,0.0,2346104,0,0,host_state_sync_sent
223,1777355810378,0,host,0.00,0.00,1777355810285,0.0,2346104,0,0,host_play
224,1777355810442,1777355808558,192.168.35.78:48666,0.00,0.00,1777355810285,1853.5,2346104,2344908,3,host_state_sync_recv
225,1777355810552,1777355808558,192.168.35.78:48666,0.00,0.00,1777355810285,1853.5,2346104,2344908,3,guest_start
226,1777355810553,1777355808664,192.168.35.78:48666,-259.66,-259.66,1777355810285,1853.5,2346104,2344908,3,fallback
227,1777355810659,0,host,0.00,0.00,1777355810632,0.0,2358648,0,0,host_state_sync_sent
228,1777355810660,0,host,0.00,0.00,1777355810632,0.0,2358648,0,0,host_pause
229,1777355810687,1777355808755,192.168.35.78:48666,0.00,0.00,1777355810632,1853.6,2358648,2360007,3,host_state_sync_recv
230,1777355810857,1777355808755,192.168.35.78:48666,0.00,0.00,1777355810632,1853.6,2358648,2360007,3,guest_stop
231,1777355811002,0,host,0.00,0.00,1777355810959,0.0,2358904,0,0,host_state_sync_sent
232,1777355811003,0,host,0.00,0.00,1777355810959,0.0,2358904,0,0,host_play
233,1777355811048,1777355809158,192.168.35.78:48666,0.00,0.00,1777355810959,1853.6,2358904,2363271,3,host_state_sync_recv
234,1777355811101,1777355809158,192.168.35.78:48666,0.00,0.00,1777355810959,1853.6,2358904,2363271,3,guest_start
235,1777355811515,1777355809657,192.168.35.78:48666,0.00,0.00,1777355811454,1853.6,2379384,2382087,3,anchor_set
236,1777355811617,1777355809751,192.168.35.78:48666,1.33,5.35,1777355811454,1853.6,2379384,2385567,3,drift
237,1777355812254,1777355810334,192.168.35.78:48666,-1.57,27.55,1777355811955,1853.6,2401144,2412063,3,drift
238,1777355812788,1777355810839,192.168.35.78:48666,-0.83,18.91,1777355812451,1853.7,2423160,2434047,3,drift
239,1777355813250,1777355811343,192.168.35.78:48666,2.10,14.06,1777355812953,1853.7,2445432,2456127,3,drift
240,1777355813600,0,host,0.00,0.00,1777355813565,0.0,2688204,60957,0,host_seek
241,1777355813610,1777355811597,192.168.35.78:48666,0.33,0.00,1777355813459,1853.7,2467704,2469375,3,anchor_reset_seek_notify
242,1777355813871,0,host,0.00,0.00,1777355813859,0.0,2915627,66114,0,host_seek
243,1777355813880,1777355811951,192.168.35.78:48666,0.33,0.00,1777355813565,1853.6,2472312,2694732,3,anchor_reset_seek_notify
244,1777355814050,0,host,0.00,0.00,1777355813955,0.0,2920214,66218,0,host_seek
245,1777355814070,1777355812151,192.168.35.78:48666,0.33,0.00,1777355813955,1853.6,2919467,2921675,3,anchor_reset_seek_notify
246,1777355814158,0,host,0.00,0.00,1777355814067,0.0,3139964,71201,0,host_seek
247,1777355814166,1777355812257,192.168.35.78:48666,0.33,0.00,1777355813955,1853.6,2919467,2922806,3,anchor_reset_seek_notify
248,1777355814327,0,host,0.00,0.00,1777355814264,0.0,3360729,76207,0,host_seek
249,1777355814359,1777355812454,192.168.35.78:48666,0.33,0.00,1777355814067,1853.6,2921494,3146492,3,anchor_reset_seek_notify
250,1777355814440,0,host,0.00,0.00,1777355814360,0.0,3365580,76317,0,host_seek
251,1777355814458,1777355812555,192.168.35.78:48666,0.33,0.00,1777355814264,1853.6,3145084,3363897,3,anchor_reset_seek_notify
252,1777355814633,0,host,0.00,0.00,1777355814558,0.0,3587094,81340,0,host_seek
253,1777355814650,1777355812756,192.168.35.78:48666,0.33,0.00,1777355814456,1853.5,3366604,3372876,3,anchor_reset_seek_notify
254,1777355814735,0,host,0.00,0.00,1777355814696,0.0,3591460,81439,0,host_seek
255,1777355814745,1777355812858,192.168.35.78:48666,0.33,0.00,1777355814558,1853.5,3370956,3590358,3,anchor_reset_seek_notify
256,1777355815033,0,host,0.00,0.00,1777355814969,0.0,3817605,86567,0,host_seek
257,1777355815067,1777355813110,192.168.35.78:48666,0.33,0.00,1777355814969,1853.5,3601956,3603460,3,anchor_reset_seek_notify
258,1777355815159,0,host,0.00,0.00,1777355815064,0.0,3822456,86677,0,host_seek
259,1777355815166,1777355813261,192.168.35.78:48666,0.33,0.00,1777355814969,1853.5,3601956,3820965,3,anchor_reset_seek_notify
260,1777355815430,0,host,0.00,0.00,1777355815358,0.0,4049086,91816,0,host_seek
261,1777355815459,1777355813514,192.168.35.78:48666,0.33,0.00,1777355815064,1853.5,3819397,3833592,3,anchor_reset_seek_notify
262,1777355815630,0,host,0.00,0.00,1777355815560,0.0,4271129,96851,0,host_seek
263,1777355815746,0,host,0.00,0.00,1777355815656,0.0,4275495,96950,0,host_seek
264,1777355815834,1777355813816,192.168.35.78:48666,0.33,0.00,1777355815459,1853.5,4050622,3846744,3,anchor_reset_seek_notify
265,1777355815895,1777355813816,192.168.35.78:48666,0.33,0.00,1777355815459,1853.5,4050622,3846744,3,anchor_reset_seek_notify
266,1777355816915,1777355815031,192.168.35.78:48666,0.33,0.00,1777355816451,1853.4,4307239,4325127,3,anchor_set
267,1777355817021,1777355815129,192.168.35.78:48666,-1.51,0.57,1777355816451,1853.4,4307239,4330136,3,drift
268,1777355817515,1777355815632,192.168.35.78:48666,1.08,-2.93,1777355817454,1853.4,4351527,4352120,3,drift
269,1777355818023,1777355816138,192.168.35.78:48666,-2.84,-14.67,1777355817950,1853.4,4373543,4374200,3,drift
270,1777355818519,1777355816643,192.168.35.78:48666,-1.81,-18.87,1777355818451,1853.4,4395559,4396184,3,drift
271,1777355819034,1777355817151,192.168.35.78:48666,4.05,-20.20,1777355818958,1853.4,4417831,4418264,3,drift
272,1777355819151,0,host,0.00,0.00,1777355819097,0.0,3826337,86765,0,host_seek
273,1777355819161,1777355817248,192.168.35.78:48666,3.88,0.00,1777355818958,1853.4,4417831,4422680,3,anchor_reset_seek_notify
274,1777355819263,0,host,0.00,0.00,1777355819251,0.0,5381523,122030,0,host_seek
275,1777355819331,1777355817350,192.168.35.78:48666,3.88,0.00,1777355819097,1853.4,4423975,3828833,3,anchor_reset_seek_notify
276,1777355819450,0,host,0.00,0.00,1777355819438,0.0,6507705,147567,0,host_seek
277,1777355819496,1777355817554,192.168.35.78:48666,3.88,0.00,1777355819251,1853.4,3832993,5387859,3,anchor_reset_seek_notify
278,1777355819649,0,host,0.00,0.00,1777355819587,0.0,7172689,162646,0,host_seek
279,1777355819659,1777355817755,192.168.35.78:48666,3.88,0.00,1777355819496,1853.3,6509753,6514521,3,anchor_reset_seek_notify
280,1777355819816,0,host,0.00,0.00,1777355819758,0.0,8041459,182346,0,host_seek
281,1777355819828,1777355817957,192.168.35.78:48666,3.88,0.00,1777355819587,1853.3,6513849,7179793,3,anchor_reset_seek_notify
282,1777355820149,0,host,0.00,0.00,1777355820067,0.0,8920989,202290,0,host_seek
283,1777355820157,1777355818259,192.168.35.78:48666,3.88,0.00,1777355819971,1853.3,8048627,8054323,3,anchor_reset_seek_notify
284,1777355820591,0,host,0.00,0.00,1777355820574,0.0,3043341,69010,0,host_seek
285,1777355820619,1777355818612,192.168.35.78:48666,3.88,0.00,1777355820472,1853.3,8935581,8936829,3,anchor_reset_seek_notify
286,1777355820791,0,host,0.00,0.00,1777355820776,0.0,8899512,201803,0,host_seek
287,1777355820796,1777355818815,192.168.35.78:48666,3.88,0.00,1777355820574,1853.3,8940189,3048429,3,anchor_reset_seek_notify
288,1777355821032,0,host,0.00,0.00,1777355820974,0.0,6926037,157053,0,host_seek
289,1777355821087,1777355819117,192.168.35.78:48666,3.88,0.00,1777355820974,1853.3,8907960,8909016,3,anchor_reset_seek_notify
290,1777355821319,0,host,0.00,0.00,1777355821256,0.0,4158806,94304,0,host_seek
291,1777355821377,1777355819421,192.168.35.78:48666,3.88,0.00,1777355820974,1853.3,8907960,6938229,3,anchor_reset_seek_notify
292,1777355821657,0,host,0.00,0.00,1777355821587,0.0,5145588,116680,0,host_seek
293,1777355821669,1777355819724,192.168.35.78:48666,3.88,0.00,1777355821475,1853.7,4166486,4170230,3,anchor_reset_seek_notify
294,1777355821849,0,host,0.00,0.00,1777355821774,0.0,8180903,185508,0,host_seek
295,1777355821900,1777355819926,192.168.35.78:48666,3.88,0.00,1777355821587,1853.7,4171350,5152212,3,anchor_reset_seek_notify
296,1777355822125,0,host,0.00,0.00,1777355822056,0.0,9843385,223206,0,host_seek
297,1777355822173,1777355820228,192.168.35.78:48666,3.88,0.00,1777355821992,1853.7,8187815,8192327,3,anchor_reset_seek_notify
298,1777355822357,0,host,0.00,0.00,1777355822285,0.0,10540517,239014,0,host_seek
299,1777355822427,1777355820430,192.168.35.78:48666,3.88,0.00,1777355822056,1853.7,8190631,9851353,3,anchor_reset_seek_notify
300,1777355822587,0,host,0.00,0.00,1777355822568,0.0,3547448,80441,0,host_seek
301,1777355822840,1777355820632,192.168.35.78:48666,3.88,0.00,1777355822366,1853.7,10541029,10547141,3,anchor_reset_seek_notify
302,1777355822957,0,host,0.00,0.00,1777355822952,0.0,4180283,94791,0,host_seek
303,1777355823003,1777355821037,192.168.35.78:48666,3.88,0.00,1777355822568,1854.0,10549989,3561368,3,anchor_reset_seek_notify
304,1777355823118,0,host,0.00,0.00,1777355822958,0.0,4384069,99412,0,host_seek
305,1777355823172,1777355821239,192.168.35.78:48666,3.88,0.00,1777355822958,1854.0,4180283,4186907,3,anchor_reset_seek_notify
306,1777355823333,0,host,0.00,0.00,1777355823267,0.0,4190999,95034,0,host_seek
307,1777355823384,1777355821442,192.168.35.78:48666,3.88,0.00,1777355822958,1854.0,4180283,4392421,3,anchor_reset_seek_notify
308,1777355823397,0,host,0.00,0.00,1777355823384,0.0,3879962,87981,0,host_seek
309,1777355823661,1777355821442,192.168.35.78:48666,3.88,0.00,1777355823267,1854.0,4390981,4392421,3,anchor_reset_seek_notify
310,1777355823679,0,host,0.00,0.00,1777355823662,0.0,9403619,213234,0,host_seek
311,1777355823723,1777355821845,192.168.35.78:48666,3.88,0.00,1777355823491,1854.3,3884058,3893594,3,anchor_reset_seek_notify
312,1777355824051,0,host,0.00,0.00,1777355823982,0.0,9489438,215180,0,host_seek
313,1777355824102,1777355822147,192.168.35.78:48666,3.88,0.00,1777355823982,1854.3,9417443,9416483,3,anchor_reset_seek_notify
314,1777355824271,0,host,0.00,0.00,1777355824211,0.0,3794144,86035,0,host_seek
315,1777355824279,1777355822350,192.168.35.78:48666,3.88,0.00,1777355823982,1854.3,9417443,9495294,3,anchor_reset_seek_notify
316,1777355824592,0,host,0.00,0.00,1777355824451,0.0,4855983,110113,0,host_seek
317,1777355824636,1777355822654,192.168.35.78:48666,3.88,0.00,1777355824451,1854.3,3804384,3804608,3,anchor_reset_seek_notify
318,1777355824743,0,host,0.00,0.00,1777355824734,0.0,5435149,123246,0,host_seek
319,1777355824748,1777355822853,192.168.35.78:48666,3.88,0.00,1777355824451,1854.6,3804384,4861071,3,anchor_reset_seek_notify
320,1777355824975,0,host,0.00,0.00,1777355824963,0.0,6722251,152432,0,host_seek
321,1777355825024,1777355823055,192.168.35.78:48666,3.88,0.00,1777355824734,1854.6,4862639,5442349,3,anchor_reset_seek_notify
322,1777355825177,0,host,0.00,0.00,1777355825118,0.0,8020026,181860,0,host_seek
323,1777355825185,1777355823257,192.168.35.78:48666,3.88,0.00,1777355824963,1854.6,5445133,6728299,3,anchor_reset_seek_notify
324,1777355825324,0,host,0.00,0.00,1777355825262,0.0,9414336,213477,0,host_seek
325,1777355825329,1777355823459,192.168.35.78:48666,3.88,0.00,1777355825118,1854.6,6728651,8025786,3,anchor_reset_seek_notify
326,1777355825492,0,host,0.00,0.00,1777355825480,0.0,9929203,225152,0,host_seek
327,1777355825622,0,host,0.00,0.00,1777355825566,0.0,9800475,222233,0,host_seek
328,1777355825767,1777355823510,192.168.35.78:48666,3.88,0.00,1777355825262,1854.6,8024122,9418080,3,anchor_reset_seek_notify
329,1777355825769,1777355823812,192.168.35.78:48666,3.88,0.00,1777355825480,1854.6,9421760,9938611,3,anchor_reset_seek_notify
330,1777355825930,0,host,0.00,0.00,1777355825865,0.0,9510871,215666,0,host_seek
331,1777355825977,1777355824013,192.168.35.78:48666,3.88,0.00,1777355825566,1854.8,9932787,9808539,3,anchor_reset_seek_notify
332,1777355826073,0,host,0.00,0.00,1777355825981,0.0,2957567,67065,0,host_seek
333,1777355826116,1777355824115,192.168.35.78:48666,3.88,0.00,1777355825981,1854.8,9513431,9514231,3,anchor_reset_seek_notify
334,1777355826179,0,host,0.00,0.00,1777355826163,0.0,2871748,65119,0,host_seek
335,1777355826186,1777355824215,192.168.35.78:48666,3.88,0.00,1777355825981,1854.8,9513431,2959103,3,anchor_reset_seek_notify
336,1777355827315,1777355825428,192.168.35.78:48666,3.88,0.00,1777355826953,1855.0,2906052,2921476,3,anchor_set
337,1777355827537,1777355825529,192.168.35.78:48666,-0.06,-3.10,1777355826953,1855.0,2906052,2924307,3,drift
338,1777355827917,1777355826034,192.168.35.78:48666,1.11,-13.98,1777355827454,1855.2,2928324,2946291,3,drift
339,1777355828487,1777355826540,192.168.35.78:48666,-0.40,-16.98,1777355827998,1855.2,2952132,2968371,3,drift
340,1777355828928,1777355827046,192.168.35.78:48666,0.90,-24.71,1777355828451,1855.5,2972356,2990547,3,drift
341,1777355829431,1777355827551,192.168.35.78:48666,2.51,-24.56,1777355828996,1855.5,2996164,3012531,3,drift
342,1777355829924,1777355828054,192.168.35.78:48666,-0.49,-31.52,1777355829352,1855.8,3012036,3034611,3,drift
343,1777355830483,1777355828557,192.168.35.78:48666,-0.31,-33.80,1777355829992,1855.8,3040196,3056595,3,drift
344,1777355831023,1777355829112,192.168.35.78:48666,-0.41,13.06,1777355830952,1856.0,3082436,3083091,3,drift
345,1777355831564,1777355829617,192.168.35.78:48666,-2.55,7.66,1777355830952,1856.0,3082436,3105171,3,drift
346,1777355832028,1777355830121,192.168.35.78:48666,-4.15,0.20,1777355831950,1856.2,3126468,3127155,3,drift
347,1777355832577,1777355830627,192.168.35.78:48666,-3.97,-5.92,1777355831950,1856.2,3126468,3149235,3,drift
348,1777355833023,1777355831132,192.168.35.78:48666,1.67,-3.56,1777355832953,1856.4,3170756,3171507,3,drift
349,1777355833589,1777355831636,192.168.35.78:48666,0.59,-14.33,1777355832953,1856.4,3170756,3193299,3,drift
350,1777355834014,1777355832143,192.168.35.78:48666,-4.07,-19.59,1777355833955,1856.5,3214788,3215379,3,drift
351,1777355834554,1777355832647,192.168.35.78:48666,-3.11,-24.83,1777355833955,1856.5,3214788,3237363,3,drift
352,1777355835017,1777355833152,192.168.35.78:48666,0.61,-33.54,1777355834953,1856.7,3259076,3259443,3,drift
353,1777355835570,1777355833657,192.168.35.78:48666,0.73,-37.28,1777355834953,1856.7,3259076,3281523,3,drift
354,1777355836116,1777355834214,192.168.35.78:48666,-4.20,10.92,1777355835955,1856.8,3302852,3307923,3,drift
355,1777355836628,1777355834718,192.168.35.78:48666,-1.15,-0.04,1777355836451,1856.8,3325124,3330003,3,drift
356,1777355837115,1777355835224,192.168.35.78:48666,-0.69,-1.40,1777355836953,1856.9,3347140,3352083,3,drift
357,1777355837647,1777355835728,192.168.35.78:48666,0.20,-4.27,1777355837454,1856.9,3369156,3374067,3,drift
358,1777355838116,1777355836232,192.168.35.78:48666,-2.26,-13.38,1777355837950,1857.4,3391172,3396147,3,drift
359,1777355838657,1777355836738,192.168.35.78:48666,-1.17,-15.48,1777355838452,1857.4,3413188,3418227,3,drift
360,1777355839117,1777355837242,192.168.35.78:48666,-1.50,-24.95,1777355838952,1857.9,3435460,3440211,3,drift
361,1777355839669,1777355837747,192.168.35.78:48666,-1.98,-26.59,1777355839454,1857.9,3457476,3462291,3,drift
362,1777355840115,1777355838253,192.168.35.78:48666,-5.30,-33.12,1777355839950,1858.3,3479236,3484371,3,drift
363,1777355840661,1777355838758,192.168.35.78:48666,-3.07,-40.47,1777355840451,1858.3,3501508,3506451,3,drift
364,1777355841216,1777355839314,192.168.35.78:48666,-1.26,5.91,1777355840952,1858.9,3523524,3532851,3,drift
365,1777355841748,1777355839819,192.168.35.78:48666,-1.37,-0.18,1777355841454,1858.9,3545796,3554931,3,drift
366,1777355842215,1777355840323,192.168.35.78:48666,-5.67,-5.29,1777355841950,1859.4,3567556,3577011,3,drift
367,1777355842743,1777355840830,192.168.35.78:48666,-4.33,-11.27,1777355842451,1859.8,3589572,3598995,3,drift
368,1777355843217,1777355841334,192.168.35.78:48666,-3.42,-17.35,1777355842953,1859.8,3611844,3621075,3,drift
369,1777355843753,1777355841839,192.168.35.78:48666,-2.89,0.00,1777355843454,1860.3,3633860,3643155,3,anchor_reset_offset_drift
370,1777355843831,1777355841940,192.168.35.78:48666,-2.89,0.00,1777355843454,1860.3,3633860,3647571,3,anchor_set
371,1777355843919,1777355842041,192.168.35.78:48666,1.22,-6.13,1777355843454,1860.3,3633860,3652606,3,drift
372,1777355844417,1777355842546,192.168.35.78:48666,0.01,-12.43,1777355843966,1860.3,3656388,3674686,3,drift
373,1777355844918,1777355843052,192.168.35.78:48666,1.19,-13.73,1777355844488,1860.6,3679428,3696862,3,drift
374,1777355845417,1777355843558,192.168.35.78:48666,0.02,-22.85,1777355844974,1860.6,3700932,3718846,3,drift
375,1777355846021,1777355844113,192.168.35.78:48666,-3.11,22.97,1777355845955,1861.0,3743940,3745246,3,drift
376,1777355846521,1777355844617,192.168.35.78:48666,-1.05,17.44,1777355846451,1861.0,3765956,3767326,3,drift
377,1777355847017,1777355845123,192.168.35.78:48666,-0.61,9.44,1777355846953,1862.2,3788228,3789406,3,drift
378,1777355847520,1777355845627,192.168.35.78:48666,0.79,8.39,1777355847454,1862.2,3810244,3811486,3,drift
379,1777355848016,1777355846133,192.168.35.78:48666,8.32,8.32,1777355847955,1859.4,3832260,3833470,3,fallback
380,1777355848517,1777355846638,192.168.35.78:48666,-5.22,-5.22,1777355848451,1859.4,3854276,3855550,3,fallback
381,1777355849243,1777355847142,192.168.35.78:48666,-8.25,-8.25,1777355848974,1859.4,3877316,3877534,3,fallback
382,1777355849519,1777355847648,192.168.35.78:48666,-9.28,-9.28,1777355849454,1856.8,3898564,3899710,3,fallback
383,1777355850019,1777355848152,192.168.35.78:48666,-8.90,-8.90,1777355849955,1854.5,3920324,3921694,3,fallback
384,1777355850517,1777355848656,192.168.35.78:48666,-15.62,-15.62,1777355850451,1854.5,3942340,3943678,3,fallback
385,1777355851119,1777355849262,192.168.35.78:48666,-44.76,-44.76,1777355850953,1852.3,3964612,3969214,3,fallback
386,1777355851756,1777355849819,192.168.35.78:48666,1.69,1.69,1777355851454,1852.5,3986628,3995614,3,fallback
387,1777355852218,1777355850324,192.168.35.78:48666,-6.23,-6.23,1777355851955,1852.5,4008900,4017598,3,fallback
388,1777355852754,1777355850829,192.168.35.78:48666,-11.85,-11.85,1777355852451,1852.4,4030660,4039678,3,fallback
389,1777355853218,1777355851334,192.168.35.78:48666,-12.13,-12.13,1777355852952,1852.4,4052676,4061854,3,fallback
390,1777355853723,1777355851839,192.168.35.78:48666,-22.06,-22.06,1777355853454,1852.4,4074948,4083742,3,fallback
391,1777355854218,1777355852344,192.168.35.78:48666,-21.82,-21.82,1777355853955,1852.4,4096708,4105918,3,fallback
392,1777355854754,1777355852849,192.168.35.78:48666,9.79,9.79,1777355854451,1852.4,4118980,4129849,3,fallback
393,1777355855219,1777355853355,192.168.35.78:48666,6.58,6.58,1777355854952,1852.4,4140996,4151929,3,fallback
394,1777355855617,1777355853759,192.168.35.78:48666,1.48,0.00,1777355855454,1852.5,4163012,4169497,3,anchor_reset_offset_drift
395,1777355855753,1777355853860,192.168.35.78:48666,1.48,0.00,1777355855454,1852.5,4163012,4173913,3,anchor_set
396,1777355855827,1777355853960,192.168.35.78:48666,1.87,-1.14,1777355855454,1852.5,4163012,4178059,3,drift
397,1777355856419,1777355854516,192.168.35.78:48666,-1.17,41.63,1777355855955,1852.5,4185028,4204555,3,drift
398,1777355856918,1777355855023,192.168.35.78:48666,0.66,34.67,1777355856499,1852.5,4209092,4226539,3,drift
399,1777355857418,1777355855528,192.168.35.78:48666,-0.30,24.68,1777355856990,1852.5,4230852,4248619,3,drift
400,1777355857919,1777355856034,192.168.35.78:48666,1.95,24.42,1777355857486,1852.7,4252612,4270699,3,drift
401,1777355858417,1777355856539,192.168.35.78:48666,1.89,14.03,1777355857982,1852.7,4274628,4292587,3,drift
402,1777355859009,1777355857045,192.168.35.78:48666,1.90,12.50,1777355858494,1852.8,4297156,4314763,3,drift
403,1777355859522,1777355857499,192.168.35.78:48666,159.22,159.22,1777355859454,1852.8,4339396,4339855,4,corrective_seek_small
404,1777355860039,1777355857667,192.168.35.78:48666,-159.42,-71.68,1777355859454,1852.8,4339396,4339951,4,drift
405,1777355860135,1777355858256,192.168.35.78:48666,-129.19,-167.63,1777355859951,1852.9,4361412,4360495,4,drift
406,1777355860771,1777355858814,192.168.35.78:48666,-125.88,-123.51,1777355860451,1853.0,4383428,4386895,4,drift
407,1777355861217,1777355859317,192.168.35.78:48666,-127.76,-124.04,1777355860952,1853.0,4405444,4408975,4,drift
408,1777355861794,1777355859822,192.168.35.78:48666,-124.93,-129.26,1777355861454,1853.1,4427716,4431055,4,drift
409,1777355862218,1777355860325,192.168.35.78:48666,-130.19,-135.16,1777355861950,1853.1,4449476,4453039,4,drift
410,1777355862416,1777355860526,192.168.35.78:48666,-136.49,-136.49,1777355861950,1853.1,4449476,4463075,5,corrective_seek_small
411,1777355862756,1777355860830,192.168.35.78:48666,-126.26,-110.82,1777355862478,1853.1,4472772,4476227,5,drift
412,1777355863216,1777355861335,192.168.35.78:48666,-128.13,-118.52,1777355862952,1853.2,4493764,4498307,5,drift
413,1777355863717,1777355861840,192.168.35.78:48666,-126.83,-120.71,1777355863454,1853.3,4515780,4520291,5,drift
414,1777355864217,1777355862344,192.168.35.78:48666,-130.50,-125.78,1777355863955,1853.3,4537796,4542371,5,drift
415,1777355864768,1777355862850,192.168.35.78:48666,-128.32,-133.59,1777355864451,1853.3,4559812,4564451,5,drift
416,1777355865248,1777355863355,192.168.35.78:48666,-127.00,-142.64,1777355864952,1853.3,4582084,4586435,5,drift
417,1777355865443,1777355863558,192.168.35.78:48666,-145.16,-145.16,1777355864952,1853.3,4582084,4596547,6,corrective_seek_small
418,1777355865831,1777355863911,192.168.35.78:48666,-127.35,-65.46,1777355865352,1853.2,4599492,4614115,6,drift
419,1777355866318,1777355864417,192.168.35.78:48666,-127.62,-69.99,1777355865955,1853.2,4626116,4636195,6,drift
420,1777355866850,1777355864921,192.168.35.78:48666,-129.30,-79.53,1777355866451,1853.2,4648132,4658275,6,drift
421,1777355867317,1777355865425,192.168.35.78:48666,-127.24,-80.14,1777355866953,1853.2,4670148,4680259,6,drift
422,1777355867863,1777355865931,192.168.35.78:48666,-129.20,-85.14,1777355867454,1853.2,4692164,4702339,6,drift
423,1777355868317,1777355866436,192.168.35.78:48666,-129.86,-96.89,1777355867950,1853.2,4714180,4724323,6,drift
424,1777355868522,1777355866639,192.168.35.78:48666,-129.50,-93.74,1777355868451,1853.2,4736196,4734585,7,corrective_seek_small
425,1777355869022,1777355866942,192.168.35.78:48666,-127.10,-70.46,1777355868451,1853.2,4736196,4747641,7,drift
426,1777355869317,1777355867446,192.168.35.78:48666,-127.94,-78.02,1777355868952,1853.2,4758468,4769721,7,drift
427,1777355870189,1777355867949,192.168.35.78:48666,-126.10,-77.74,1777355869454,1853.2,4780484,4791705,7,drift
428,1777355870318,1777355868454,192.168.35.78:48666,-130.27,-83.49,1777355869950,1853.2,4802244,4813785,7,drift
429,1777355871045,1777355868959,192.168.35.78:48666,-128.44,-90.10,1777355870451,1853.1,4824516,4835865,7,drift
430,1777355871420,1777355869515,192.168.35.78:48666,-127.48,-44.68,1777355870952,1853.1,4846532,4862265,7,drift
431,1777355871638,1777355869717,192.168.35.78:48666,-127.67,-47.06,1777355871497,1853.1,4870596,4872223,8,corrective_seek_small
432,1777355871959,1777355870021,192.168.35.78:48666,-125.23,-24.88,1777355871497,1853.1,4870596,4885375,8,drift
433,1777355872422,1777355870526,192.168.35.78:48666,-130.23,-28.52,1777355871955,1853.1,4890564,4907455,8,drift
434,1777355872983,1777355871031,192.168.35.78:48666,-130.62,-35.79,1777355872484,1853.1,4913860,4929439,8,drift
435,1777355873421,1777355871533,192.168.35.78:48666,-127.51,-41.67,1777355872952,1853.1,4934852,4951519,8,drift
436,1777355873959,1777355872039,192.168.35.78:48666,-128.29,-43.66,1777355873486,1853.1,4958148,4973599,8,drift
437,1777355874430,1777355872542,192.168.35.78:48666,-124.18,-42.07,1777355873955,1853.1,4978884,4995679,8,drift
438,1777355874623,1777355872744,192.168.35.78:48666,-128.35,-49.86,1777355874350,1853.1,4996292,5005739,9,corrective_seek_small
439,1777355874925,1777355873047,192.168.35.78:48666,-128.32,-26.83,1777355874350,1853.1,4996292,5018795,9,drift
440,1777355875418,1777355873555,192.168.35.78:48666,-127.35,-38.51,1777355874990,1853.1,5024708,5040779,9,drift
441,1777355875952,1777355874057,192.168.35.78:48666,-128.59,-37.54,1777355875481,1853.3,5046212,5062859,9,drift
442,1777355876421,1777355874561,192.168.35.78:48666,-131.09,-45.17,1777355875955,1853.3,5067204,5084939,9,drift
443,1777355877050,1777355875116,192.168.35.78:48666,-126.48,4.12,1777355876355,1853.5,5084868,5111435,9,drift
444,1777355877519,1777355875623,192.168.35.78:48666,-127.39,-1.20,1777355877454,1853.5,5133252,5133515,9,drift
445,1777355877721,1777355875825,192.168.35.78:48666,-127.63,-4.51,1777355877454,1853.6,5133252,5143473,10,corrective_seek_small
446,1777355878054,1777355876128,192.168.35.78:48666,-127.06,16.50,1777355877454,1853.6,5133252,5156529,10,drift
447,1777355878520,1777355876631,192.168.35.78:48666,-129.52,11.78,1777355878451,1853.6,5177284,5178705,10,drift
448,1777355879019,1777355877138,192.168.35.78:48666,-128.27,4.09,1777355878451,1853.7,5177284,5200689,10,drift
449,1777355879516,1777355877641,192.168.35.78:48666,-128.69,-3.19,1777355879454,1853.7,5221572,5222577,10,drift
450,1777355880051,1777355878145,192.168.35.78:48666,-127.27,-5.59,1777355879454,1853.7,5221572,5244657,10,drift
451,1777355880518,1777355878650,192.168.35.78:48666,-130.52,-8.13,1777355880451,1853.7,5265348,5266737,10,drift
452,1777355880717,1777355878853,192.168.35.78:48666,-129.75,-10.44,1777355880451,1853.6,5265348,5276809,11,corrective_seek_small
453,1777355881060,1777355879155,192.168.35.78:48666,-127.86,12.59,1777355880451,1853.6,5265348,5289865,11,drift
454,1777355881618,1777355879713,192.168.35.78:48666,-126.88,57.32,1777355881454,1853.5,5309636,5316457,11,drift
455,1777355882159,1777355880219,192.168.35.78:48666,-131.24,46.05,1777355881950,1853.5,5331652,5338537,11,drift
456,1777355882880,1777355880725,192.168.35.78:48666,-131.02,38.08,1777355882451,1853.5,5353668,5360425,11,drift
457,1777355883190,1777355881229,192.168.35.78:48666,-125.68,41.56,1777355882953,1853.5,5375684,5382505,11,drift
458,1777355883616,1777355881735,192.168.35.78:48666,-127.78,31.68,1777355883454,1853.4,5397956,5404585,11,drift
459,1777355883820,1777355881937,192.168.35.78:48666,-127.47,30.46,1777355883454,1853.4,5397956,5414637,12,corrective_seek_small
460,1777355884151,1777355882239,192.168.35.78:48666,-130.54,56.15,1777355883955,1853.4,5419716,5427693,12,drift
461,1777355884617,1777355882743,192.168.35.78:48666,-130.20,48.10,1777355884451,1853.4,5441732,5449677,12,drift
462,1777355885142,1777355883249,192.168.35.78:48666,-129.14,39.72,1777355884952,1853.4,5464004,5471757,12,drift
463,1777355885616,1777355883754,192.168.35.78:48666,-126.25,39.74,1777355885454,1853.4,5486020,5493837,12,drift
464,1777355886123,1777355884260,192.168.35.78:48666,-133.12,29.34,1777355885955,1853.4,5508036,5515821,12,drift
465,1777355886717,1777355884816,192.168.35.78:48666,-129.28,73.26,1777355886451,1853.3,5530052,5542317,12,drift
466,1777355886917,1777355885017,192.168.35.78:48666,-129.11,73.19,1777355886451,1853.3,5530052,5552384,13,corrective_seek_small
467,1777355887216,1777355885321,192.168.35.78:48666,-129.40,94.80,1777355886974,1853.3,5553092,5565536,13,drift
468,1777355887719,1777355885826,192.168.35.78:48666,-125.05,90.23,1777355887454,1853.3,5574340,5587520,13,drift
469,1777355888217,1777355886333,192.168.35.78:48666,-128.26,87.04,1777355887955,1853.3,5596356,5609696,13,drift
470,1777355888748,1777355886835,192.168.35.78:48666,-129.48,78.75,1777355888452,1853.3,5618372,5631680,13,drift
471,1777355889235,1777355887340,192.168.35.78:48666,-128.98,75.78,1777355888952,1853.3,5640388,5653760,13,drift
472,1777355889721,1777355887845,192.168.35.78:48666,-125.97,74.98,1777355889454,1853.2,5662404,5675744,13,drift
473,1777355889966,1777355888049,192.168.35.78:48666,-128.60,72.42,1777355889454,1853.2,5662404,5685902,14,corrective_seek_small
474,1777355890221,1777355888351,192.168.35.78:48666,-131.40,89.59,1777355889950,1853.2,5684420,5699054,14,drift
475,1777355890716,1777355888857,192.168.35.78:48666,-129.13,83.46,1777355890451,1853.2,5706436,5720942,14,drift
476,1777355891219,1777355889361,192.168.35.78:48666,-127.11,85.64,1777355890953,1853.2,5728452,5743118,14,drift
477,1777355892009,1777355889917,192.168.35.78:48666,-125.87,128.91,1777355891454,1853.2,5750724,5769614,14,drift
478,1777355892318,1777355890422,192.168.35.78:48666,-129.40,120.81,1777355891950,1853.2,5772484,5791598,14,drift
479,1777355892967,1777355890928,192.168.35.78:48666,-127.12,113.47,1777355892451,1853.2,5794756,5813678,14,drift
480,1777355893065,1777355891130,192.168.35.78:48666,-128.32,111.79,1777355892451,1853.2,5794756,5823738,15,corrective_seek_small
481,1777355893320,1777355891432,192.168.35.78:48666,-127.21,135.89,1777355892952,1853.2,5816772,5836794,15,drift
482,1777355893821,1777355891937,192.168.35.78:48666,-126.99,133.63,1777355893454,1853.2,5838788,5858778,15,drift
483,1777355894324,1777355892441,192.168.35.78:48666,-130.85,128.10,1777355893955,1853.2,5860804,5880858,15,drift
484,1777355894823,1777355892947,192.168.35.78:48666,-128.12,122.52,1777355894452,1853.1,5882820,5902938,15,drift
485,1777355895343,1777355893452,192.168.35.78:48666,-127.65,117.31,1777355894952,1853.1,5904836,5924922,15,drift
486,1777355895821,1777355893957,192.168.35.78:48666,-126.40,111.56,1777355895454,1853.1,5927108,5947002,15,drift
487,1777355896064,1777355894159,192.168.35.78:48666,-127.05,113.93,1777355895955,1853.1,5949124,5957147,16,corrective_seek_small
488,1777355896321,1777355894461,192.168.35.78:48666,-128.77,134.47,1777355895955,1853.1,5949124,5970203,16,drift
489,1777355896924,1777355895016,192.168.35.78:48666,-129.68,172.95,1777355896451,1853.1,5971140,5996603,16,drift
490,1777355897419,1777355895522,192.168.35.78:48666,-127.04,169.39,1777355896984,1853.1,5994692,6018683,16,drift
491,1777355897921,1777355896027,192.168.35.78:48666,-130.02,164.64,1777355897491,1853.1,6016964,6040763,16,drift
492,1777355898420,1777355896531,192.168.35.78:48666,-127.15,165.41,1777355897982,1853.1,6038468,6062843,16,drift
493,1777355898953,1777355897036,192.168.35.78:48666,-130.34,155.78,1777355898499,1853.1,6061252,6084827,16,drift
494,1777355899127,1777355897240,192.168.35.78:48666,156.56,156.56,1777355898958,1853.1,6081476,6092374,17,corrective_seek_small
495,1777355899421,1777355897542,192.168.35.78:48666,-124.62,122.77,1777355898958,1853.1,6081476,6105430,17,drift
496,1777355899919,1777355898047,192.168.35.78:48666,-129.16,109.47,1777355899475,1853.1,6104516,6127510,17,drift
497,1777355900419,1777355898553,192.168.35.78:48666,-126.40,105.65,1777355899982,1853.1,6126788,6149494,17,drift
498,1777355900917,1777355899058,192.168.35.78:48666,-126.93,103.63,1777355900489,1853.1,6149060,6171574,17,drift
499,1777355901861,1777355899615,192.168.35.78:48666,-129.07,150.96,1777355901454,1853.1,6191556,6198166,17,drift
500,1777355902072,1777355900120,192.168.35.78:48666,-128.57,143.12,1777355901454,1853.1,6191556,6220054,17,drift
501,1777355902915,1777355900322,192.168.35.78:48666,134.93,134.93,1777355901950,1853.1,6213572,6227792,18,corrective_seek_small
502,1777355902919,1777355900624,192.168.35.78:48666,-128.72,107.12,1777355902451,1853.1,6235588,6240848,18,drift
503,1777355903065,1777355901129,192.168.35.78:48666,-129.44,102.38,1777355902451,1853.1,6235588,6262928,18,drift
504,1777355903519,1777355901635,192.168.35.78:48666,-127.91,95.94,1777355903454,1853.1,6279876,6284912,18,drift
505,1777355904066,1777355902139,192.168.35.78:48666,-127.24,93.01,1777355903454,1853.1,6279876,6306992,18,drift
506,1777355904521,1777355902644,192.168.35.78:48666,-131.23,84.49,1777355904451,1853.1,6323908,6329072,18,drift
507,1777355905021,1777355903149,192.168.35.78:48666,-129.28,76.26,1777355904995,1852.9,6347972,6351056,18,drift
508,1777355905248,1777355903350,192.168.35.78:48666,-129.45,75.72,1777355904995,1852.9,6347972,6361126,19,corrective_seek_small
509,1777355905566,1777355903653,192.168.35.78:48666,-127.16,97.56,1777355905454,1852.9,6368196,6374086,19,drift
510,1777355906015,1777355904158,192.168.35.78:48666,-131.53,91.14,1777355905950,1852.9,6389956,6396166,19,drift
511,1777355906621,1777355904714,192.168.35.78:48666,-127.80,141.99,1777355906451,1852.8,6411972,6422758,19,drift
512,1777355907186,1777355905219,192.168.35.78:48666,-128.17,132.47,1777355906952,1852.8,6434244,6444742,19,drift
513,1777355907619,1777355905724,192.168.35.78:48666,-124.89,134.03,1777355907455,1852.7,6456260,6466822,19,drift
514,1777355908192,1777355906229,192.168.35.78:48666,-130.15,129.97,1777355907955,1852.7,6478020,6488806,19,drift
515,1777355908333,1777355906431,192.168.35.78:48666,-127.09,127.48,1777355907955,1852.7,6478020,6498855,20,corrective_seek_small
516,1777355908621,1777355906734,192.168.35.78:48666,-126.29,142.61,1777355908457,1852.6,6500548,6511911,20,drift
517,1777355909184,1777355907238,192.168.35.78:48666,-126.31,139.37,1777355908952,1852.6,6522308,6533895,20,drift
518,1777355909614,1777355907744,192.168.35.78:48666,-125.47,131.66,1777355909454,1852.6,6544580,6555975,20,drift
519,1777355910166,1777355908249,192.168.35.78:48666,-130.78,131.34,1777355909955,1852.6,6566340,6578055,20,drift
520,1777355910849,1777355908753,192.168.35.78:48666,-126.88,124.70,1777355910451,1852.5,6588356,6600039,20,drift
521,1777355911178,1777355909257,192.168.35.78:48666,-126.72,121.50,1777355910953,1852.5,6610628,6622215,20,drift
522,1777355911324,1777355909459,192.168.35.78:48666,-126.90,118.84,1777355910953,1852.5,6610628,6632262,21,corrective_seek_small
523,1777355911619,1777355909761,192.168.35.78:48666,-129.95,140.43,1777355911454,1852.5,6632644,6645318,21,drift
524,1777355912277,1777355910316,192.168.35.78:48666,-129.63,187.61,1777355911955,1852.5,6654660,6671814,21,drift
525,1777355912782,1777355910821,192.168.35.78:48666,-126.61,181.80,1777355912451,1852.4,6676676,6693894,21,drift
526,1777355913285,1777355911325,192.168.35.78:48666,-125.56,179.76,1777355912952,1852.4,6698692,6715878,21,drift
527,1777355913719,1777355911830,192.168.35.78:48666,-124.20,174.32,1777355913454,1852.4,6720964,6737958,21,drift
528,1777355914267,1777355912335,192.168.35.78:48666,-126.50,171.89,1777355913955,1852.4,6742980,6760038,21,drift
529,1777355914421,1777355912535,192.168.35.78:48666,170.07,170.07,1777355913955,1852.4,6742980,6767370,22,corrective_seek_small
530,1777355914719,1777355912838,192.168.35.78:48666,-129.99,130.69,1777355914478,1852.4,6766020,6780522,22,drift
531,1777355915281,1777355913344,192.168.35.78:48666,-130.05,122.96,1777355914952,1852.4,6787012,6802602,22,drift
532,1777355915747,1777355913850,192.168.35.78:48666,-126.39,120.63,1777355915454,1852.5,6809028,6824586,22,drift
533,1777355916269,1777355914356,192.168.35.78:48666,-125.49,112.41,1777355915955,1852.5,6831300,6846666,22,drift
534,1777355916872,1777355914912,192.168.35.78:48666,-130.21,153.97,1777355916451,1852.5,6853060,6873066,22,drift
535,1777355917373,1777355915417,192.168.35.78:48666,-127.01,155.65,1777355916952,1852.5,6875076,6895242,22,drift
536,1777355917522,1777355915619,192.168.35.78:48666,151.80,151.80,1777355917454,1852.5,6897348,6902831,23,corrective_seek_small
537,1777355917828,1777355915924,192.168.35.78:48666,-125.93,114.61,1777355917454,1852.6,6897348,6915887,23,drift
538,1777355918333,1777355916429,192.168.35.78:48666,-129.55,108.50,1777355917950,1852.6,6919108,6937967,23,drift
539,1777355918838,1777355916933,192.168.35.78:48666,-125.85,109.60,1777355918462,1852.6,6941636,6960047,23,drift
540,1777355919345,1777355917436,192.168.35.78:48666,-126.48,101.83,1777355918952,1852.6,6963396,6982031,23,drift
541,1777355919820,1777355917941,192.168.35.78:48666,-125.78,101.53,1777355919454,1852.7,6985412,7004111,23,drift
542,1777355920391,1777355918446,192.168.35.78:48666,-128.99,95.00,1777355919955,1852.7,7007428,7026191,23,drift
543,1777355920549,1777355918648,192.168.35.78:48666,-129.00,88.70,1777355920468,1852.7,7030212,7036257,24,corrective_seek_small
544,1777355920825,1777355918951,192.168.35.78:48666,-127.36,110.73,1777355920468,1852.7,7030212,7049313,24,drift
545,1777355921389,1777355919456,192.168.35.78:48666,-126.89,108.86,1777355920952,1852.7,7051460,7071297,24,drift
546,1777355921821,1777355919960,192.168.35.78:48666,-130.64,103.81,1777355921459,1852.7,7073732,7093377,24,drift
547,1777355922441,1777355920517,192.168.35.78:48666,-129.03,150.39,1777355921955,1852.7,7095492,7119873,24,drift
548,1777355922920,1777355921021,192.168.35.78:48666,-127.15,139.66,1777355922350,1852.8,7113156,7141857,24,drift
549,1777355923443,1777355921525,192.168.35.78:48666,-123.84,142.48,1777355922984,1852.8,7141060,7163937,24,drift
550,1777355923835,1777355921727,192.168.35.78:48666,137.16,137.16,1777355923454,1852.8,7161796,7171655,25,corrective_seek_small
551,1777355923926,1777355922030,192.168.35.78:48666,-127.25,105.42,1777355923454,1852.8,7161796,7184711,25,drift
552,1777355924454,1777355922535,192.168.35.78:48666,-127.21,101.77,1777355923966,1852.8,7184324,7206695,25,drift
553,1777355924920,1777355923040,192.168.35.78:48666,-129.24,96.54,1777355924462,1852.8,7206084,7228775,25,drift
554,1777355925484,1777355923544,192.168.35.78:48666,-128.52,87.69,1777355924979,1852.8,7229124,7250855,25,drift
555,1777355925919,1777355924049,192.168.35.78:48666,-124.94,83.77,1777355925454,1852.8,7250116,7272839,25,drift
556,1777355926480,1777355924554,192.168.35.78:48666,-127.63,78.57,1777355925982,1852.8,7273412,7294919,25,drift
557,1777355926622,1777355924756,192.168.35.78:48666,-126.58,74.01,1777355926451,1852.8,7294148,7304963,26,corrective_seek_small
558,1777355926919,1777355925060,192.168.35.78:48666,-129.92,92.77,1777355926451,1852.8,7294148,7318019,26,drift
559,1777355927534,1777355925616,192.168.35.78:48666,-127.99,142.34,1777355927454,1852.8,7338180,7344419,26,drift
560,1777355928366,1777355926120,192.168.35.78:48666,-128.49,137.49,1777355927955,1852.9,7360452,7366595,26,drift
561,1777355928519,1777355926624,192.168.35.78:48666,-129.62,133.22,1777355928451,1852.9,7382212,7388579,26,drift
562,1777355929366,1777355927129,192.168.35.78:48666,-130.68,121.67,1777355928952,1852.8,7404484,7410563,26,drift
563,1777355929518,1777355927633,192.168.35.78:48666,-125.72,124.23,1777355929454,1852.8,7426500,7432643,26,drift
564,1777355929722,1777355927835,192.168.35.78:48666,-127.94,122.54,1777355929454,1852.7,7426500,7442699,27,corrective_seek_small
565,1777355930019,1777355928138,192.168.35.78:48666,-125.28,146.49,1777355929955,1852.7,7448516,7455755,27,drift
566,1777355930561,1777355928643,192.168.35.78:48666,-131.06,131.52,1777355930451,1852.7,7470532,7477739,27,drift
567,1777355931037,1777355929147,192.168.35.78:48666,-128.86,129.13,1777355930952,1852.6,7492548,7499723,27,drift
568,1777355931524,1777355929651,192.168.35.78:48666,-127.45,129.39,1777355931454,1852.6,7514564,7521803,27,drift
