seq,wall_ms,guest_wall,guest_id,drift_ms,vf_diff_ms,host_obs_wall,offset_ms,host_vf,guest_vf,seek_count,out_lat_host_raw,out_lat_guest_raw,out_lat_delta_current,out_lat_delta_anchored,raw_offset_ms,win_min_raw_offset_ms,last_rtt_ms,win_min_rtt_ms,event
0,1777716405023,0,host,0.00,0.00,1777716404685,0.0,0,0,0,0.00,0.00,0.00,0.00,0.0,0.0,0,0,host_play
1,1777716405134,1777716405754,192.168.35.43:51808,0.00,0.00,1777716404685,-767.5,0,0,0,0.00,0.00,0.00,0.00,-754.0,-764.0,29,11,guest_start
2,1777716405172,1777716405899,192.168.35.43:51808,-434.90,-434.90,1777716404685,-767.5,0,512,0,0.00,0.00,0.00,0.00,-754.0,-764.0,29,11,fallback
3,1777716405700,1777716406452,192.168.35.43:51808,271.30,271.30,1777716405465,-767.2,19872,42219,0,8.38,24.06,15.68,0.00,-765.0,-765.0,9,9,fallback
4,1777716406199,1777716406953,192.168.35.43:51808,268.47,268.47,1777716405967,-767.2,42048,64235,0,9.50,25.38,15.88,0.00,-765.0,-765.0,9,9,fallback
5,1777716406706,1777716407450,192.168.35.43:51808,0.00,0.00,1777716406425,-767.0,64128,73455,0,0.00,0.00,0.00,0.00,-765.0,-765.0,7,7,anchor_set
6,1777716407360,1777716407551,192.168.35.43:51808,-1.80,-15.58,1777716406425,-767.0,64128,79898,0,8.95,23.14,14.19,12.53,-765.0,-765.0,7,7,drift
7,1777716407362,1777716408052,192.168.35.43:51808,-2.46,-18.35,1777716406425,-767.0,64128,101914,0,8.95,24.14,15.19,12.53,-765.0,-765.0,7,7,drift
8,1777716407795,1777716408554,192.168.35.43:51808,-5.51,-6.63,1777716407435,-766.8,108192,124186,0,7.97,25.09,17.12,12.53,-756.0,-765.0,23,7,drift
9,1777716408394,1777716409151,192.168.35.43:51808,-1.95,5.14,1777716407942,-766.8,130176,150554,0,8.05,22.82,14.77,12.53,-756.0,-765.0,23,7,drift
10,1777716408894,1777716409652,192.168.35.43:51808,-2.82,7.10,1777716408447,-766.6,152256,172570,0,8.92,24.09,15.17,12.53,-763.0,-765.0,10,7,drift
11,1777716409495,1777716410250,192.168.35.43:51808,-1.99,13.41,1777716408952,-766.6,174336,198938,0,7.93,21.02,13.09,12.53,-763.0,-765.0,10,7,drift
12,1777716409997,1777716410751,192.168.35.43:51808,-3.77,15.44,1777716409456,-766.5,196320,220954,0,7.95,22.57,14.62,12.53,-774.0,-765.0,26,7,drift
13,1777716410499,1777716411252,192.168.35.43:51808,-3.21,19.91,1777716409962,-766.5,218304,242970,0,8.09,23.97,15.88,12.53,-774.0,-765.0,26,7,drift
14,1777716410995,1777716411753,192.168.35.43:51808,-4.13,27.44,1777716410467,-766.3,240384,265242,0,8.68,25.23,16.56,12.53,-761.0,-765.0,25,7,drift
15,1777716411597,1777716412351,192.168.35.43:51808,-3.04,-9.06,1777716411427,-766.3,284448,291610,0,7.79,21.58,13.79,12.53,-761.0,-765.0,25,7,drift
16,1777716412103,1777716412852,192.168.35.43:51808,-5.35,-13.44,1777716411427,-766.3,284448,313626,0,7.79,24.18,16.39,12.53,-761.0,-765.0,25,7,drift
17,1777716412616,1777716413354,192.168.35.43:51808,-1.43,-8.72,1777716411933,-766.3,306624,335642,0,8.31,20.36,12.05,12.53,-761.0,-765.0,25,7,drift
18,1777716413195,1777716413951,192.168.35.43:51808,-3.39,1.58,1777716412945,-766.1,350688,362010,0,8.07,23.30,15.22,12.53,-748.0,-765.0,42,7,drift
19,1777716413706,1777716414452,192.168.35.43:51808,-3.45,8.98,1777716413449,-766.0,372768,384282,0,9.06,24.14,15.07,12.53,-763.0,-765.0,10,7,drift
20,1777716414200,1777716414954,192.168.35.43:51808,-4.27,11.00,1777716413953,-766.0,394752,406298,0,8.91,24.68,15.78,12.53,-763.0,-765.0,10,7,drift
21,1777716415042,1777716415551,192.168.35.43:51808,-3.11,14.38,1777716414457,-766.0,416928,432666,0,8.27,22.72,14.46,12.53,-763.0,-765.0,10,7,drift
22,1777716415295,1777716416052,192.168.35.43:51808,-4.02,18.82,1777716414963,-765.9,438912,454682,0,7.98,23.62,15.65,12.53,-967.0,-765.0,416,7,drift
23,1777716415796,1777716416553,192.168.35.43:51808,-5.67,26.19,1777716415469,-765.8,460992,476954,0,7.75,25.29,17.54,12.53,-763.0,-765.0,11,7,drift
24,1777716416398,1777716417151,192.168.35.43:51808,-4.04,-16.23,1777716415924,-765.8,483072,503322,0,7.74,21.93,14.19,12.53,-763.0,-765.0,11,7,drift
25,1777716416894,1777716417652,192.168.35.43:51808,-5.96,-12.80,1777716416430,-765.5,505056,525338,0,7.57,23.78,16.21,12.53,-763.0,-763.0,11,10,drift
26,1777716417562,1777716418266,192.168.35.43:51808,-5.11,-5.95,1777716416935,-765.5,527136,552474,0,7.66,22.66,15.01,12.53,-763.0,-763.0,11,10,drift
27,1777716418094,1777716418852,192.168.35.43:51808,-6.49,4.52,1777716417946,-765.3,571200,578330,0,7.70,24.11,16.41,12.53,-755.0,-763.0,32,10,drift
28,1777716418596,1777716419354,192.168.35.43:51808,-0.45,5.34,1777716418451,-765.3,593280,600090,0,8.70,20.03,11.33,12.53,-755.0,-763.0,32,10,drift
29,1777716419194,1777716419951,192.168.35.43:51808,-3.98,12.17,1777716418955,-765.0,615360,626714,0,8.36,22.68,14.32,12.53,-754.0,-763.0,31,10,drift
30,1777716419697,1777716420452,192.168.35.43:51808,-5.48,16.00,1777716419461,-764.8,637344,648730,0,7.99,24.00,16.01,12.53,-748.0,-763.0,41,10,drift
31,1777716420194,1777716420954,192.168.35.43:51808,-1.96,20.38,1777716419965,-764.8,659424,670746,0,8.08,20.26,12.18,12.53,-748.0,-763.0,41,10,drift
32,1777716420794,1777716421551,192.168.35.43:51808,-4.52,28.89,1777716420470,-764.6,681504,697370,0,8.10,22.63,14.53,12.53,-794.0,-763.0,102,10,drift
33,1777716421296,1777716422052,192.168.35.43:51808,-5.45,-18.09,1777716420925,-764.6,703488,719386,0,7.98,24.22,16.23,12.53,-794.0,-763.0,102,10,drift
34,1777716421822,1777716422553,192.168.35.43:51808,-7.20,-17.35,1777716421429,-764.5,725568,741402,0,8.68,25.55,16.87,12.53,-763.0,-763.0,10,10,drift
35,1777716422394,1777716423151,192.168.35.43:51808,-4.80,-6.72,1777716421936,-764.5,747552,767770,0,7.77,22.43,14.66,12.53,-763.0,-763.0,10,10,drift
36,1777716422895,1777716423652,192.168.35.43:51808,-5.58,-1.65,1777716422441,-764.3,769728,790042,0,8.43,24.04,15.61,12.53,-760.0,-763.0,24,10,drift
37,1777716423395,1777716424153,192.168.35.43:51808,-6.54,2.72,1777716422947,-764.3,791712,812058,0,8.51,25.49,16.98,12.53,-760.0,-763.0,24,10,drift
38,1777716423996,1777716424751,192.168.35.43:51808,-5.04,9.20,1777716423452,-764.2,813792,838426,0,8.21,22.79,14.59,12.53,-749.0,-763.0,41,10,drift
39,1777716424494,1777716425252,192.168.35.43:51808,-5.67,11.75,1777716423958,-764.2,835872,860442,0,8.45,24.03,15.59,12.53,-749.0,-763.0,41,10,drift
40,1777716425098,1777716425850,192.168.35.43:51808,-5.93,23.49,1777716424968,-764.1,879936,886810,0,7.11,21.57,14.46,12.53,-755.0,-763.0,29,10,drift
41,1777716425596,1777716426351,192.168.35.43:51808,-4.99,26.85,1777716425472,-764.1,901920,908826,0,7.98,22.81,14.83,12.53,-755.0,-763.0,29,10,drift
42,1777716426094,1777716426852,192.168.35.43:51808,-6.46,-15.04,1777716425926,-764.0,923904,931098,0,7.67,23.82,16.14,12.53,-748.0,-763.0,41,10,drift
43,1777716426595,1777716427353,192.168.35.43:51808,-7.83,-14.20,1777716426431,-764.0,945984,953114,0,7.56,25.40,17.84,12.53,-748.0,-763.0,41,10,drift
44,1777716427196,1777716427951,192.168.35.43:51808,-7.74,-10.14,1777716426934,-763.9,968064,979482,0,7.08,23.01,15.93,12.53,-748.0,-763.0,42,10,drift
45,1777716427695,1777716428453,192.168.35.43:51808,-6.93,-5.58,1777716427440,-763.8,990048,1001498,0,7.99,24.00,16.00,12.53,-751.0,-763.0,41,10,drift
46,1777716428194,1777716428954,192.168.35.43:51808,-2.73,-1.29,1777716427943,-763.8,1012128,1023514,0,7.70,19.96,12.26,12.53,-751.0,-763.0,41,10,drift
47,1777716428795,1777716429550,192.168.35.43:51808,-5.65,7.31,1777716428448,-763.7,1034208,1050138,0,7.50,23.13,15.63,12.53,-756.0,-763.0,26,10,drift
48,1777716429294,1777716430052,192.168.35.43:51808,-7.08,8.05,1777716428953,-763.7,1056288,1072154,0,8.04,24.47,16.43,12.53,-756.0,-763.0,26,10,drift
49,1777716429794,1777716430554,192.168.35.43:51808,-4.28,15.89,1777716429458,-763.6,1078272,1094170,0,7.74,19.99,12.24,12.53,-749.0,-763.0,43,10,drift
50,1777716430395,1777716431151,192.168.35.43:51808,-5.21,18.18,1777716429962,-763.6,1100352,1120538,0,8.52,22.71,14.19,12.53,-749.0,-763.0,43,10,drift
51,1777716430897,1777716431652,192.168.35.43:51808,-7.13,25.13,1777716430469,-763.6,1122528,1142810,0,8.41,23.76,15.36,12.53,-746.0,-763.0,45,10,drift
52,1777716431399,1777716432154,192.168.35.43:51808,-2.15,-22.16,1777716430925,-763.6,1144512,1164570,0,8.05,19.61,11.56,12.53,-746.0,-763.0,45,10,drift
53,1777716431896,1777716432655,192.168.35.43:51808,-4.05,-16.35,1777716431429,-763.2,1166592,1186842,0,7.37,20.12,12.75,12.53,-750.0,-760.0,46,24,drift
54,1777716432496,1777716433252,192.168.35.43:51808,-6.17,-13.46,1777716431934,-763.2,1188672,1213210,0,8.14,23.24,15.10,12.53,-750.0,-760.0,46,24,drift
55,1777716432996,1777716433753,192.168.35.43:51808,-8.00,-6.06,1777716432438,-762.5,1210656,1235482,0,8.21,24.71,16.50,12.53,-747.0,-756.0,48,26,drift
56,1777716433599,1777716434351,192.168.35.43:51808,-5.73,4.39,1777716433447,-762.5,1254816,1261850,0,7.89,21.49,13.60,12.53,-747.0,-756.0,48,26,drift
57,1777716433699,1777716434453,192.168.35.43:51808,-5.73,0.00,1777716433447,-761.8,1254816,1266202,0,0.00,0.00,0.00,0.00,-742.0,-756.0,63,26,anchor_reset_offset_drift
58,1777716433799,1777716434554,192.168.35.43:51808,-5.73,0.00,1777716433447,-761.8,1254816,1270810,0,0.00,0.00,0.00,0.00,-742.0,-756.0,63,26,anchor_set
59,1777716434096,1777716434852,192.168.35.43:51808,1.86,4.63,1777716433951,-761.8,1276800,1283786,0,8.82,23.44,14.63,15.71,-742.0,-756.0,63,26,drift
60,1777716434597,1777716435353,192.168.35.43:51808,-1.22,6.14,1777716434457,-761.8,1298880,1305802,0,7.90,24.57,16.67,15.71,-742.0,-756.0,63,26,drift
61,1777716435096,1777716435855,192.168.35.43:51808,1.85,13.31,1777716434964,-761.3,1320960,1327818,0,8.04,20.51,12.46,15.71,-740.0,-756.0,59,26,drift
62,1777716435703,1777716436453,192.168.35.43:51808,2.08,23.49,1777716435470,-760.7,1343040,1354442,0,9.60,22.39,12.79,15.71,-740.0,-756.0,60,26,drift
63,1777716436198,1777716436954,192.168.35.43:51808,-0.06,-25.52,1777716435924,-760.7,1365024,1376458,0,8.49,24.02,15.53,15.71,-740.0,-756.0,60,26,drift
64,1777716436798,1777716437551,192.168.35.43:51808,0.97,-15.44,1777716436430,-760.3,1387008,1402826,0,8.13,21.52,13.39,15.71,-741.0,-756.0,58,26,drift
65,1777716437298,1777716438052,192.168.35.43:51808,-0.03,-14.40,1777716436935,-760.3,1409088,1424842,0,7.97,22.87,14.90,15.71,-741.0,-756.0,58,26,drift
66,1777716437796,1777716438553,192.168.35.43:51808,-1.60,-6.63,1777716437439,-759.8,1431072,1447114,0,8.45,24.68,16.23,15.71,-743.0,-756.0,64,26,drift
67,1777716438297,1777716439055,192.168.35.43:51808,-3.84,-5.51,1777716437945,-759.8,1453152,1469130,0,7.73,25.39,17.66,15.71,-743.0,-756.0,64,26,drift
68,1777716438898,1777716439652,192.168.35.43:51808,-0.13,2.03,1777716438449,-759.5,1475232,1495498,0,8.84,22.81,13.96,15.71,-756.0,-756.0,40,40,drift
69,1777716439398,1777716440153,192.168.35.43:51808,-3.58,4.97,1777716438955,-759.5,1497216,1517514,0,7.51,24.26,16.75,15.71,-756.0,-756.0,40,40,drift
70,1777716440000,1777716440751,192.168.35.43:51808,-1.67,11.78,1777716439461,-758.4,1519296,1543882,0,7.88,22.01,14.13,15.71,-749.0,-749.0,38,38,drift
71,1777716440496,1777716441252,192.168.35.43:51808,-2.60,12.85,1777716439966,-758.4,1541376,1565898,0,7.76,23.37,15.61,15.71,-749.0,-749.0,38,38,drift
72,1777716440997,1777716441753,192.168.35.43:51808,-4.64,19.36,1777716440469,-757.5,1563360,1588170,0,7.66,24.35,16.69,15.71,-745.0,-749.0,49,38,drift
73,1777716441597,1777716442351,192.168.35.43:51808,-2.25,-18.12,1777716441430,-757.5,1607520,1614538,0,7.78,21.50,13.72,15.71,-745.0,-749.0,49,38,drift
74,1777716442098,1777716442852,192.168.35.43:51808,-4.53,-19.19,1777716441934,-756.9,1629600,1636554,0,7.90,23.70,15.80,15.71,-752.0,-752.0,36,36,drift
75,1777716442598,1777716443353,192.168.35.43:51808,-4.07,-18.55,1777716442437,-756.9,1651680,1658570,0,8.60,24.31,15.71,15.71,-752.0,-752.0,36,36,drift
76,1777716442698,1777716443455,192.168.35.43:51808,-4.07,0.00,1777716442437,-756.4,1651680,1662922,0,0.00,0.00,0.00,0.00,-749.0,-752.0,41,36,anchor_reset_offset_drift
77,1777716442799,1777716443551,192.168.35.43:51808,-4.07,0.00,1777716442437,-756.4,1651680,1667274,0,0.00,0.00,0.00,0.00,-749.0,-752.0,41,36,anchor_set
78,1777716443198,1777716443951,192.168.35.43:51808,-1.27,0.28,1777716442942,-756.4,1673664,1685463,0,7.25,21.95,14.70,13.74,-749.0,-752.0,41,36,drift
79,1777716443697,1777716444452,192.168.35.43:51808,-1.02,8.58,1777716443447,-756.0,1695744,1707735,0,8.20,22.50,14.31,13.74,-750.0,-752.0,41,36,drift
80,1777716444203,1777716444953,192.168.35.43:51808,-3.91,8.93,1777716443950,-756.0,1717728,1729751,0,7.57,24.26,16.68,13.74,-750.0,-752.0,41,36,drift
81,1777716444798,1777716445551,192.168.35.43:51808,-1.11,14.36,1777716444456,-755.6,1739904,1756119,0,7.79,21.70,13.91,13.74,-798.0,-752.0,143,36,drift
82,1777716445296,1777716446052,192.168.35.43:51808,-1.20,19.62,1777716444962,-755.6,1761888,1778135,0,8.65,23.02,14.38,13.74,-798.0,-752.0,143,36,drift
83,1777716445798,1777716446554,192.168.35.43:51808,-2.20,27.39,1777716445466,-756.5,1783872,1800407,0,8.14,24.22,16.08,13.74,-765.0,-765.0,9,9,drift
84,1777716446396,1777716447151,192.168.35.43:51808,-0.58,35.41,1777716445972,-756.5,1805952,1826775,0,7.70,22.00,14.30,13.74,-765.0,-765.0,9,9,drift
85,1777716446895,1777716447652,192.168.35.43:51808,0.12,-14.93,1777716446426,-757.4,1828128,1848791,0,8.55,23.41,14.85,13.74,-775.0,-765.0,28,9,drift
86,1777716447397,1777716448153,192.168.35.43:51808,-1.63,-9.85,1777716446931,-757.4,1850016,1870807,0,7.67,24.34,16.68,13.74,-775.0,-765.0,28,9,drift
87,1777716447997,1777716448751,192.168.35.43:51808,1.14,-3.33,1777716447437,-758.1,1872192,1897175,0,8.04,22.01,13.97,13.74,-773.0,-765.0,26,9,drift
88,1777716448498,1777716449252,192.168.35.43:51808,1.09,5.26,1777716447943,-758.1,1894272,1919447,0,8.49,23.22,14.73,13.74,-773.0,-765.0,26,9,drift
89,1777716448997,1777716449754,192.168.35.43:51808,-0.39,12.13,1777716448450,-758.8,1916160,1941463,0,7.74,24.19,16.46,13.74,-769.0,-765.0,29,9,drift
90,1777716449496,1777716450255,192.168.35.43:51808,4.56,13.59,1777716448957,-758.8,1938336,1963223,0,8.65,20.22,11.57,13.74,-769.0,-765.0,29,9,drift
91,1777716450095,1777716450852,192.168.35.43:51808,2.86,28.26,1777716449966,-759.4,1982400,1989847,0,9.35,23.39,14.04,13.74,-755.0,-765.0,26,9,drift
92,1777716450597,1777716451353,192.168.35.43:51808,-0.20,33.23,1777716450470,-759.4,2004480,2012119,0,7.75,24.19,16.44,13.74,-755.0,-765.0,26,9,drift
93,1777716451101,1777716451855,192.168.35.43:51808,4.70,-15.36,1777716450926,-760.0,2026560,2033879,0,8.08,20.40,12.32,13.74,-753.0,-765.0,36,9,drift
94,1777716451698,1777716452452,192.168.35.43:51808,3.28,-4.04,1777716451431,-760.5,2048544,2060503,0,7.93,22.64,14.72,13.74,-765.0,-765.0,10,9,drift
95,1777716452197,1777716452954,192.168.35.43:51808,0.80,-3.53,1777716451937,-760.5,2070624,2082519,0,7.92,24.68,16.76,13.74,-765.0,-765.0,10,9,drift
96,1777716452699,1777716453455,192.168.35.43:51808,5.59,2.85,1777716452441,-760.9,2092704,2104535,0,8.07,20.44,12.37,13.74,-764.0,-765.0,10,9,drift
97,1777716453296,1777716454053,192.168.35.43:51808,3.63,6.38,1777716452945,-760.9,2114688,2130903,0,9.19,23.44,14.25,13.74,-764.0,-765.0,10,9,drift
98,1777716453803,1777716454553,192.168.35.43:51808,1.26,12.58,1777716453449,-761.4,2136768,2153175,0,7.68,24.49,16.81,13.74,-765.0,-765.0,17,9,drift
99,1777716454395,1777716455151,192.168.35.43:51808,3.41,20.76,1777716453955,-761.4,2158848,2179543,0,8.12,21.99,13.87,13.74,-765.0,-765.0,17,9,drift
100,1777716454697,1777716455449,192.168.35.43:51808,3.73,0.00,1777716454459,-761.7,2180928,2192599,0,0.00,0.00,0.00,0.00,-764.0,-765.0,12,9,anchor_reset_offset_drift
101,1777716454798,1777716455551,192.168.35.43:51808,3.73,0.00,1777716454459,-761.7,2180928,2197207,0,0.00,0.00,0.00,0.00,-764.0,-765.0,12,9,anchor_set
102,1777716454896,1777716455652,192.168.35.43:51808,-0.65,-9.49,1777716454459,-761.7,2180928,2200174,0,8.65,23.27,14.62,13.26,-764.0,-765.0,12,9,drift
103,1777716455401,1777716456154,192.168.35.43:51808,-1.69,-6.80,1777716454964,-761.7,2202912,2222190,0,8.39,24.06,15.66,13.26,-764.0,-765.0,12,9,drift
104,1777716455997,1777716456751,192.168.35.43:51808,-0.13,1.58,1777716455470,-761.9,2224992,2248558,0,8.20,21.94,13.74,13.26,-763.0,-764.0,13,10,drift
105,1777716456495,1777716457252,192.168.35.43:51808,-1.18,-42.41,1777716455924,-761.9,2247072,2270830,0,8.34,23.43,15.09,13.26,-763.0,-764.0,13,10,drift
106,1777716456996,1777716457754,192.168.35.43:51808,4.18,-38.51,1777716456430,-762.2,2269056,2292590,0,8.73,19.04,10.32,13.26,-764.0,-764.0,12,10,drift
107,1777716457498,1777716458255,192.168.35.43:51808,1.73,-32.93,1777716456934,-762.2,2291136,2314862,0,8.34,20.42,12.09,13.26,-764.0,-764.0,12,10,drift
108,1777716458097,1777716458852,192.168.35.43:51808,-0.24,-22.39,1777716457945,-762.3,2335200,2341230,0,8.49,22.95,14.46,13.26,-764.0,-764.0,12,10,drift
109,1777716458599,1777716459353,192.168.35.43:51808,-1.52,-16.83,1777716458449,-762.3,2357280,2363502,0,7.99,24.25,16.26,13.26,-764.0,-764.0,12,10,drift
110,1777716459194,1777716459951,192.168.35.43:51808,0.85,-10.36,1777716458953,-762.5,2379360,2389870,0,9.15,22.34,13.19,13.26,-757.0,-764.0,25,10,drift
111,1777716459695,1777716460452,192.168.35.43:51808,-0.74,-5.99,1777716459460,-762.7,2401344,2411886,0,7.57,23.26,15.69,13.26,-763.0,-764.0,12,10,drift
112,1777716460195,1777716460954,192.168.35.43:51808,3.61,-5.90,1777716459965,-762.7,2423424,2433646,0,8.03,19.37,11.34,13.26,-763.0,-764.0,12,10,drift
113,1777716460796,1777716461551,192.168.35.43:51808,1.44,4.15,1777716460471,-762.8,2445504,2460270,0,8.39,21.85,13.46,13.26,-764.0,-764.0,11,10,drift
114,1777716461305,1777716462052,192.168.35.43:51808,0.13,-37.52,1777716460925,-762.8,2467488,2482542,0,8.28,22.95,14.67,13.26,-764.0,-764.0,11,10,drift
115,1777716461958,1777716462554,192.168.35.43:51808,-2.80,-33.42,1777716461432,-762.8,2489472,2504558,0,7.85,24.15,16.30,13.26,-764.0,-764.0,11,10,drift
116,1777716462397,1777716463151,192.168.35.43:51808,1.95,4.48,1777716461988,-762.9,2512512,2530926,0,8.75,21.73,12.98,13.26,-926.0,-764.0,353,10,drift
117,1777716462898,1777716463653,192.168.35.43:51808,-0.74,-24.38,1777716462442,-763.0,2533632,2552942,0,7.44,21.71,14.27,13.26,-771.0,-764.0,21,11,drift
118,1777716463397,1777716464154,192.168.35.43:51808,-2.39,-15.51,1777716462948,-763.0,2555616,2575214,0,7.59,24.52,16.93,13.26,-771.0,-764.0,21,11,drift
119,1777716463901,1777716464655,192.168.35.43:51808,0.68,-13.93,1777716463452,-763.1,2577792,2597230,0,8.59,23.41,14.82,13.26,-773.0,-764.0,24,11,drift
120,1777716464498,1777716465253,192.168.35.43:51808,0.34,-9.17,1777716463957,-763.1,2599872,2623598,0,8.54,22.83,14.29,13.26,-773.0,-764.0,24,11,drift
121,1777716464997,1777716465753,192.168.35.43:51808,-1.39,-3.94,1777716464461,-763.2,2621760,2645614,0,8.09,24.14,16.05,13.26,-772.0,-764.0,23,11,drift
122,1777716465597,1777716466351,192.168.35.43:51808,1.82,5.11,1777716464968,-763.2,2643840,2671982,0,8.40,21.63,13.23,13.26,-772.0,-764.0,23,11,drift
123,1777716466102,1777716466852,192.168.35.43:51808,0.52,-45.05,1777716465422,-763.3,2665920,2693998,0,8.16,23.18,15.02,13.26,-760.0,-764.0,20,11,drift
124,1777716466597,1777716467353,192.168.35.43:51808,-1.07,-34.12,1777716466432,-763.3,2710080,2716270,0,7.37,24.14,16.77,13.26,-760.0,-764.0,20,11,drift
125,1777716467100,1777716467855,192.168.35.43:51808,0.66,-35.91,1777716466936,-763.4,2732160,2738030,0,7.15,20.52,13.37,13.26,-764.0,-764.0,12,11,drift
126,1777716467700,1777716468452,192.168.35.43:51808,1.66,-23.34,1777716467441,-763.4,2754144,2764654,0,7.82,21.91,14.08,13.26,-764.0,-764.0,12,11,drift
127,1777716468198,1777716468953,192.168.35.43:51808,-1.00,-21.38,1777716467946,-763.4,2776128,2786670,0,7.57,24.42,16.85,13.26,-764.0,-764.0,12,11,drift
128,1777716468795,1777716469551,192.168.35.43:51808,1.67,-16.76,1777716468450,-763.5,2798304,2813038,0,8.78,22.12,13.34,13.26,-766.0,-764.0,12,11,drift
129,1777716469296,1777716470053,192.168.35.43:51808,0.33,-8.64,1777716468955,-763.5,2820288,2835310,0,8.35,23.11,14.75,13.26,-766.0,-764.0,12,11,drift
130,1777716469796,1777716470553,192.168.35.43:51808,-0.99,-8.21,1777716469459,-763.7,2842368,2857326,0,7.15,24.27,17.12,13.26,-766.0,-766.0,10,10,drift
131,1777716470297,1777716471055,192.168.35.43:51808,1.81,-3.96,1777716469963,-763.7,2864448,2879342,0,7.31,20.74,13.43,13.26,-766.0,-766.0,10,10,drift
132,1777716470896,1777716471652,192.168.35.43:51808,0.82,0.94,1777716470467,-764.0,2886432,2905710,0,8.16,23.32,15.16,13.26,-762.0,-766.0,13,10,drift
133,1777716471399,1777716472154,192.168.35.43:51808,-0.48,8.19,1777716470971,-764.0,2908416,2927982,0,8.10,24.54,16.44,13.26,-762.0,-766.0,13,10,drift
134,1777716471897,1777716472655,192.168.35.43:51808,4.06,-38.58,1777716471428,-764.2,2930496,2949742,0,7.77,19.93,12.16,13.26,-764.0,-766.0,12,10,drift
135,1777716472498,1777716473252,192.168.35.43:51808,1.21,-31.25,1777716471932,-764.2,2952576,2976366,0,8.08,22.94,14.87,13.26,-764.0,-766.0,12,10,drift
136,1777716472997,1777716473753,192.168.35.43:51808,-0.00,-29.38,1777716472437,-764.3,2974656,2998382,0,8.40,24.13,15.73,13.26,-769.0,-766.0,15,10,drift
137,1777716473496,1777716474255,192.168.35.43:51808,3.15,-23.03,1777716472942,-764.3,2996640,3020398,0,7.19,20.30,13.11,13.26,-769.0,-766.0,15,10,drift
138,1777716474103,1777716474853,192.168.35.43:51808,0.80,-7.83,1777716473955,-764.4,3040800,3047022,0,7.50,22.83,15.33,13.26,-765.0,-765.0,9,9,drift
139,1777716474596,1777716475354,192.168.35.43:51808,-0.73,-8.65,1777716474458,-764.4,3062880,3069038,0,7.71,24.41,16.70,13.26,-765.0,-765.0,9,9,drift
140,1777716475098,1777716475855,192.168.35.43:51808,3.91,-8.46,1777716474962,-764.5,3084960,3090798,0,8.08,20.38,12.31,13.26,-749.0,-765.0,39,9,drift
141,1777716475697,1777716476452,192.168.35.43:51808,2.77,2.28,1777716475466,-764.5,3106944,3117422,0,9.29,23.13,13.84,13.26,-771.0,-765.0,24,9,drift
142,1777716476197,1777716476953,192.168.35.43:51808,0.84,10.38,1777716475973,-764.5,3129024,3139694,0,8.64,24.73,16.10,13.26,-771.0,-765.0,24,9,drift
143,1777716476696,1777716477455,192.168.35.43:51808,3.22,-40.08,1777716476428,-764.6,3151104,3161454,0,7.85,20.20,12.34,13.26,-773.0,-765.0,27,9,drift
144,1777716477310,1777716478052,192.168.35.43:51808,1.56,-27.55,1777716476935,-764.6,3173088,3188078,0,8.33,23.36,15.03,13.26,-773.0,-765.0,27,9,drift
145,1777716477798,1777716478553,192.168.35.43:51808,1.67,-26.21,1777716477439,-764.6,3195168,3210094,0,8.79,24.07,15.28,13.26,-772.0,-765.0,22,9,drift
146,1777716478397,1777716479151,192.168.35.43:51808,2.12,-16.70,1777716477946,-764.6,3217152,3236462,0,7.65,21.83,14.18,13.26,-772.0,-765.0,22,9,drift
147,1777716478896,1777716479653,192.168.35.43:51808,2.03,-18.18,1777716478450,-764.7,3239328,3258478,0,8.92,22.99,14.07,13.26,-759.0,-765.0,22,9,drift
148,1777716479395,1777716480154,192.168.35.43:51808,-0.43,-8.04,1777716478955,-764.7,3261216,3280750,0,8.15,24.79,16.64,13.26,-759.0,-765.0,22,9,drift
149,1777716479898,1777716480655,192.168.35.43:51808,-0.95,-5.09,1777716479461,-764.7,3283296,3302766,0,8.21,25.48,17.27,13.26,-766.0,-765.0,14,9,drift
150,1777716480496,1777716481252,192.168.35.43:51808,1.71,2.47,1777716479966,-764.7,3305376,3329134,0,7.96,22.91,14.94,13.26,-766.0,-765.0,14,9,drift
151,1777716480997,1777716481753,192.168.35.43:51808,1.68,4.61,1777716480471,-764.7,3327456,3351150,0,9.00,24.38,15.38,13.26,-766.0,-765.0,10,9,drift
152,1777716481601,1777716482356,192.168.35.43:51808,0.48,-33.04,1777716481432,-764.7,3371520,3377774,0,7.38,22.96,15.58,13.26,-766.0,-765.0,10,9,drift
153,1777716482196,1777716482953,192.168.35.43:51808,0.58,-27.59,1777716481938,-764.7,3393600,3404142,0,7.87,24.26,16.39,13.26,-756.0,-765.0,28,9,drift
154,1777716482696,1777716483455,192.168.35.43:51808,4.70,-17.49,1777716482445,-764.8,3415584,3426158,0,8.21,20.24,12.03,13.26,-758.0,-765.0,24,9,drift
155,1777716483298,1777716484053,192.168.35.43:51808,1.34,-17.11,1777716482949,-764.8,3437664,3452526,0,8.17,23.05,14.89,13.26,-758.0,-765.0,24,9,drift
156,1777716483796,1777716484553,192.168.35.43:51808,1.24,-6.60,1777716483454,-764.9,3459648,3474798,0,8.56,24.59,16.03,13.26,-761.0,-766.0,16,10,drift
157,1777716484296,1777716485055,192.168.35.43:51808,5.17,-5.45,1777716483960,-764.9,3481728,3496558,0,8.53,20.16,11.63,13.26,-761.0,-766.0,16,10,drift
158,1777716484899,1777716485653,192.168.35.43:51808,1.26,2.02,1777716484466,-764.8,3503808,3523182,0,7.92,23.03,15.11,13.26,-764.0,-764.0,10,10,drift
159,1777716485398,1777716486153,192.168.35.43:51808,1.11,4.62,1777716484971,-764.8,3525888,3545198,0,8.00,24.06,16.06,13.26,-764.0,-764.0,10,10,drift
160,1777716485996,1777716486751,192.168.35.43:51808,2.53,-38.07,1777716485425,-764.8,3547872,3571566,0,7.64,21.81,14.17,13.26,-765.0,-765.0,7,7,drift
161,1777716486498,1777716487252,192.168.35.43:51808,0.49,-34.92,1777716485928,-764.8,3570048,3593838,0,7.84,23.04,15.20,13.26,-765.0,-765.0,7,7,drift
162,1777716486997,1777716487753,192.168.35.43:51808,0.39,-29.85,1777716486435,-764.8,3592032,3615854,0,7.37,24.24,16.88,13.26,-764.0,-765.0,11,7,drift
163,1777716487498,1777716488255,192.168.35.43:51808,4.45,-29.33,1777716486940,-764.8,3614112,3637614,0,8.26,20.35,12.09,13.26,-764.0,-765.0,11,7,drift
164,1777716488160,1777716488852,192.168.35.43:51808,3.27,-15.45,1777716487950,-764.9,3658272,3664238,0,9.30,22.89,13.59,13.26,-778.0,-765.0,50,7,drift
165,1777716488848,1777716489354,192.168.35.43:51808,1.72,-5.35,1777716488457,-764.9,3680256,3686510,0,9.23,24.25,15.02,13.26,-778.0,-765.0,50,7,drift
166,1777716489196,1777716489951,192.168.35.43:51808,2.57,3.63,1777716488963,-764.9,3702240,3712878,0,7.58,22.05,14.47,13.26,-646.0,-765.0,247,7,drift
167,1777716489704,1777716490457,192.168.35.43:51808,0.32,3.39,1777716489468,-764.9,3724416,3735150,0,7.54,23.44,15.90,13.26,-774.0,-765.0,27,7,drift
168,1777716490298,1777716491049,192.168.35.43:51808,4.63,-34.46,1777716489923,-764.9,3746304,3761262,0,7.83,20.35,12.53,13.26,-774.0,-765.0,27,7,drift
169,1777716490800,1777716491552,192.168.35.43:51808,2.95,-35.79,1777716490427,-764.9,3768384,3783278,0,7.70,21.12,13.42,13.26,-774.0,-765.0,26,7,drift
170,1777716491301,1777716492052,192.168.35.43:51808,3.28,-32.03,1777716490931,-764.9,3790656,3805550,0,9.17,22.83,13.66,13.26,-774.0,-765.0,26,7,drift
171,1777716491795,1777716492554,192.168.35.43:51808,4.69,-30.15,1777716491435,-764.9,3812544,3827310,0,8.51,19.39,10.89,13.26,-763.0,-765.0,11,7,drift
172,1777716492296,1777716493055,192.168.35.43:51808,5.27,-27.98,1777716491940,-764.9,3834624,3849326,0,9.21,20.48,11.27,13.26,-763.0,-765.0,11,7,drift
173,1777716492896,1777716493653,192.168.35.43:51808,1.72,-20.47,1777716492446,-764.9,3856704,3875950,0,8.27,23.08,14.80,13.26,-764.0,-765.0,10,7,drift
174,1777716493398,1777716494154,192.168.35.43:51808,1.17,-10.59,1777716492951,-764.9,3878688,3898222,0,8.21,23.67,15.46,13.26,-764.0,-765.0,10,7,drift
175,1777716493996,1777716494751,192.168.35.43:51808,4.41,-9.03,1777716493455,-764.9,3900768,3924334,0,9.40,21.73,12.33,13.26,-763.0,-765.0,15,7,drift
176,1777716494499,1777716495252,192.168.35.43:51808,2.51,-1.81,1777716493961,-764.9,3922848,3946606,0,8.23,22.70,14.47,13.26,-763.0,-765.0,15,7,drift
177,1777716494997,1777716495754,192.168.35.43:51808,-0.63,-2.50,1777716494466,-764.9,3944928,3968622,0,7.61,24.32,16.71,13.26,-763.0,-765.0,11,7,drift
178,1777716495497,1777716496255,192.168.35.43:51808,4.19,6.44,1777716494971,-764.9,3966912,3990638,0,8.03,20.53,12.49,13.26,-763.0,-765.0,11,7,drift
179,1777716496097,1777716496853,192.168.35.43:51808,1.55,-40.41,1777716495928,-764.8,4011072,4017006,0,8.06,22.87,14.81,13.26,-905.0,-764.0,295,10,drift
180,1777716496600,1777716497354,192.168.35.43:51808,-0.23,-32.10,1777716496432,-764.8,4033056,4039278,0,7.65,23.68,16.03,13.26,-905.0,-764.0,295,10,drift
181,1777716497261,1777716497951,192.168.35.43:51808,3.86,-23.89,1777716496937,-764.8,4055136,4065646,0,9.26,22.23,12.97,13.26,-759.0,-764.0,22,10,drift
182,1777716497696,1777716498452,192.168.35.43:51808,1.69,-23.74,1777716497442,-764.7,4077216,4087662,0,8.37,23.66,15.29,13.26,-765.0,-764.0,12,10,drift
183,1777716498198,1777716498953,192.168.35.43:51808,1.08,-20.74,1777716497946,-764.7,4099200,4109678,0,8.27,24.29,16.02,13.26,-765.0,-764.0,12,10,drift
184,1777716498697,1777716499455,192.168.35.43:51808,4.39,-16.16,1777716498450,-764.6,4121280,4131694,0,8.27,20.19,11.92,13.26,-764.0,-764.0,12,10,drift
185,1777716499298,1777716500052,192.168.35.43:51808,2.28,-8.70,1777716498954,-764.6,4143360,4158318,0,8.26,22.75,14.50,13.26,-764.0,-764.0,12,10,drift
186,1777716499798,1777716500553,192.168.35.43:51808,0.16,-3.12,1777716499460,-764.6,4165248,4180334,0,7.85,24.61,16.76,13.26,-764.0,-764.0,9,9,drift
187,1777716500296,1777716501055,192.168.35.43:51808,4.60,-3.47,1777716499966,-764.6,4187424,4202094,0,8.73,20.40,11.67,13.26,-764.0,-764.0,9,9,drift
188,1777716500896,1777716501652,192.168.35.43:51808,1.47,5.29,1777716500470,-764.5,4209408,4228718,0,7.95,23.02,15.07,13.26,-774.0,-764.0,24,9,drift
189,1777716501397,1777716502154,192.168.35.43:51808,0.14,-38.36,1777716500925,-764.5,4231488,4250990,0,8.14,24.21,16.07,13.26,-774.0,-764.0,24,9,drift
190,1777716501897,1777716502655,192.168.35.43:51808,3.37,-39.66,1777716501428,-764.4,4253568,4272750,0,7.94,20.01,12.07,13.26,-769.0,-764.0,25,9,drift
191,1777716502501,1777716503253,192.168.35.43:51808,2.43,-29.31,1777716501933,-764.4,4275552,4299374,0,8.97,22.91,13.94,13.26,-769.0,-764.0,25,9,drift
192,1777716502996,1777716503754,192.168.35.43:51808,-0.01,-29.79,1777716502437,-764.4,4297632,4321390,0,8.13,24.05,15.92,13.26,-772.0,-764.0,26,9,drift
193,1777716503497,1777716504255,192.168.35.43:51808,5.52,-19.12,1777716502943,-764.4,4319616,4343406,0,8.96,19.94,10.97,13.26,-772.0,-764.0,26,9,drift
194,1777716504100,1777716504858,192.168.35.43:51808,1.93,-9.94,1777716503956,-764.4,4363776,4370030,0,9.11,23.22,14.11,13.26,-777.0,-764.0,30,9,drift
195,1777716504695,1777716505450,192.168.35.43:51808,4.52,-0.93,1777716504461,-764.3,4385760,4396142,0,8.88,20.56,11.68,13.26,-771.0,-764.0,26,9,drift
196,1777716505196,1777716505951,192.168.35.43:51808,1.28,6.51,1777716504967,-764.3,4407840,4418414,0,7.96,21.55,13.59,13.26,-771.0,-764.0,26,9,drift
197,1777716505695,1777716506453,192.168.35.43:51808,0.89,6.70,1777716505472,-764.3,4429920,4440430,0,8.46,23.37,14.91,13.26,-768.0,-764.0,12,9,drift
198,1777716506195,1777716506953,192.168.35.43:51808,0.64,-32.93,1777716505927,-764.3,4451904,4462702,0,8.52,24.59,16.07,13.26,-768.0,-764.0,12,9,drift
199,1777716506697,1777716507455,192.168.35.43:51808,3.90,-33.60,1777716506431,-764.5,4473984,4484462,0,8.37,20.03,11.66,13.26,-766.0,-766.0,8,8,drift
200,1777716507296,1777716508052,192.168.35.43:51808,1.99,-25.44,1777716506936,-764.5,4496064,4511086,0,8.80,23.34,14.54,13.26,-766.0,-766.0,8,8,drift
201,1777716507799,1777716508553,192.168.35.43:51808,1.42,-19.48,1777716507443,-764.6,4518048,4533102,0,8.64,24.09,15.46,13.26,-765.0,-766.0,9,8,drift
202,1777716508398,1777716509151,192.168.35.43:51808,4.16,-14.38,1777716507946,-764.6,4540128,4559470,0,8.96,21.55,12.59,13.26,-765.0,-766.0,9,8,drift
203,1777716508895,1777716509653,192.168.35.43:51808,1.95,-13.41,1777716508452,-764.8,4562208,4581486,0,8.83,23.14,14.31,13.26,-767.0,-766.0,10,8,drift
204,1777716509396,1777716510154,192.168.35.43:51808,6.75,-4.76,1777716508959,-764.8,4584288,4603502,0,8.89,19.09,10.20,13.26,-767.0,-766.0,10,8,drift
205,1777716509897,1777716510655,192.168.35.43:51808,0.26,-7.75,1777716509463,-764.9,4606560,4625774,0,8.89,25.22,16.33,13.26,-766.0,-766.0,9,8,drift
206,1777716510496,1777716511252,192.168.35.43:51808,1.58,5.06,1777716509968,-764.9,4628352,4652142,0,7.67,22.94,15.27,13.26,-766.0,-766.0,9,8,drift
207,1777716510995,1777716511753,192.168.35.43:51808,0.26,4.74,1777716510474,-765.0,4650528,4674158,0,7.55,24.64,17.08,13.26,-764.0,-766.0,12,8,drift
208,1777716511503,1777716512255,192.168.35.43:51808,5.07,-36.03,1777716510929,-765.0,4672512,4696174,0,8.56,20.13,11.57,13.26,-764.0,-766.0,12,8,drift
209,1777716512097,1777716512852,192.168.35.43:51808,1.90,-24.40,1777716511939,-765.1,4716672,4722798,0,7.70,23.10,15.40,13.26,-764.0,-766.0,12,8,drift
210,1777716512596,1777716513353,192.168.35.43:51808,1.72,-20.07,1777716512444,-765.1,4738656,4744814,0,8.51,24.30,15.79,13.26,-764.0,-766.0,12,8,drift
211,1777716513199,1777716513951,192.168.35.43:51808,4.11,-12.54,1777716512949,-765.2,4760736,4771182,0,9.06,21.66,12.60,13.26,-657.0,-766.0,231,8,drift
212,1777716513696,1777716514453,192.168.35.43:51808,2.42,-12.78,1777716513454,-765.3,4782816,4793198,0,8.57,23.04,14.47,13.26,-775.0,-766.0,30,8,drift
213,1777716514196,1777716514954,192.168.35.43:51808,0.20,-3.55,1777716513960,-765.3,4804800,4815470,0,7.58,24.35,16.77,13.26,-775.0,-766.0,30,8,drift
214,1777716514913,1777716515551,192.168.35.43:51808,1.25,3.89,1777716514465,-765.3,4826880,4841838,0,7.24,21.80,14.56,13.26,-775.0,-766.0,30,8,drift
215,1777716515299,1777716516052,192.168.35.43:51808,3.48,8.09,1777716514971,-765.3,4848960,4863854,0,9.00,22.98,13.98,13.26,-919.0,-766.0,316,8,drift
216,1777716515804,1777716516554,192.168.35.43:51808,0.45,-39.72,1777716515427,-765.4,4870944,4885870,0,7.45,24.03,16.58,13.26,-774.0,-766.0,26,8,drift
217,1777716516396,1777716517151,192.168.35.43:51808,4.59,-31.25,1777716515931,-765.4,4893024,4912238,0,9.11,21.46,12.35,13.26,-774.0,-766.0,26,8,drift
218,1777716516900,1777716517653,192.168.35.43:51808,1.33,-28.14,1777716516435,-765.5,4915104,4934510,0,7.69,23.34,15.65,13.26,-753.0,-766.0,32,9,drift
219,1777716517395,1777716518153,192.168.35.43:51808,2.18,-21.39,1777716516941,-765.5,4937088,4956526,0,8.64,24.27,15.63,13.26,-753.0,-766.0,32,9,drift
220,1777716517996,1777716518751,192.168.35.43:51808,2.43,-16.15,1777716517445,-765.5,4959168,4982894,0,8.50,22.18,13.68,13.26,-773.0,-766.0,24,9,drift
221,1777716518496,1777716519252,192.168.35.43:51808,2.97,-14.73,1777716517950,-765.5,4981248,5004910,0,8.10,22.90,14.80,13.26,-773.0,-766.0,24,9,drift
222,1777716518997,1777716519753,192.168.35.43:51808,1.46,-6.01,1777716518457,-765.6,5003328,5027182,0,7.90,24.39,16.49,13.26,-766.0,-766.0,15,9,drift
223,1777716519497,1777716520255,192.168.35.43:51808,0.23,-2.94,1777716518962,-765.6,5025312,5049198,0,8.06,25.20,17.14,13.26,-766.0,-766.0,15,9,drift
224,1777716520097,1777716520852,192.168.35.43:51808,0.51,3.67,1777716519465,-765.4,5047296,5075566,0,7.17,22.96,15.79,13.26,-763.0,-764.0,14,12,drift
225,1777716520599,1777716521354,192.168.35.43:51808,0.79,-37.59,1777716520426,-765.4,5091360,5097582,0,8.01,24.10,16.09,13.26,-763.0,-764.0,14,12,drift
226,1777716521096,1777716521855,192.168.35.43:51808,3.75,-33.20,1777716520930,-765.3,5113440,5119598,0,7.56,20.66,13.10,13.26,-760.0,-764.0,21,12,drift
227,1777716521698,1777716522453,192.168.35.43:51808,3.33,-32.94,1777716521434,-765.0,5135616,5145966,0,8.72,22.39,13.68,13.26,-791.0,-763.0,61,14,drift
228,1777716522196,1777716522953,192.168.35.43:51808,-0.24,-23.38,1777716521940,-765.0,5157600,5168238,0,7.61,24.26,16.65,13.26,-791.0,-763.0,61,14,drift
229,1777716522696,1777716523455,192.168.35.43:51808,4.51,-23.28,1777716522445,-765.0,5179680,5189998,0,8.17,20.46,12.29,13.26,-765.0,-765.0,10,10,drift
230,1777716523297,1777716524052,192.168.35.43:51808,2.47,-13.50,1777716522949,-765.0,5201664,5216622,0,7.99,22.71,14.72,13.26,-765.0,-765.0,10,10,drift
231,1777716523795,1777716524553,192.168.35.43:51808,0.64,-11.87,1777716523453,-765.0,5223648,5238638,0,7.54,24.35,16.81,13.26,-766.0,-765.0,13,10,drift
232,1777716524296,1777716525055,192.168.35.43:51808,4.59,-5.68,1777716523958,-765.0,5245728,5260654,0,7.93,20.10,12.17,13.26,-766.0,-765.0,13,10,drift
233,1777716524897,1777716525653,192.168.35.43:51808,2.24,1.86,1777716524463,-764.9,5267808,5287278,0,8.02,22.59,14.56,13.26,-764.0,-764.0,10,10,drift
234,1777716525397,1777716526154,192.168.35.43:51808,-1.70,0.79,1777716524967,-764.9,5289888,5309294,0,7.44,24.63,17.19,13.26,-764.0,-764.0,10,10,drift
235,1777716525995,1777716526751,192.168.35.43:51808,2.65,-37.56,1777716525423,-764.8,5311872,5335662,0,8.01,21.86,13.86,13.26,-764.0,-764.0,9,9,drift
236,1777716526497,1777716527252,192.168.35.43:51808,3.04,-37.19,1777716525928,-764.8,5334048,5357678,0,9.13,23.00,13.86,13.26,-764.0,-764.0,9,9,drift
237,1777716526996,1777716527754,192.168.35.43:51808,1.91,-29.83,1777716526434,-764.8,5356128,5379950,0,9.25,24.01,14.76,13.26,-772.0,-764.0,23,9,drift
238,1777716527627,1777716528351,192.168.35.43:51808,1.54,-15.14,1777716527444,-764.8,5400096,5406318,0,7.77,21.75,13.98,13.26,-772.0,-764.0,23,9,drift
239,1777716528101,1777716528857,192.168.35.43:51808,-0.38,-14.36,1777716527950,-764.7,5422176,5428590,0,7.17,24.65,17.48,13.26,-756.0,-764.0,27,9,drift
240,1777716528700,1777716529455,192.168.35.43:51808,6.03,-10.31,1777716528454,-764.6,5444256,5454702,0,8.16,18.95,10.79,13.26,-775.0,-764.0,26,9,drift
241,1777716529296,1777716530053,192.168.35.43:51808,1.22,-4.42,1777716528959,-764.6,5466336,5481326,0,8.23,23.17,14.94,13.26,-775.0,-764.0,26,9,drift
242,1777716529797,1777716530553,192.168.35.43:51808,1.54,-0.38,1777716529465,-764.5,5488416,5503342,0,8.55,23.93,15.38,13.26,-773.0,-764.0,25,9,drift
243,1777716530397,1777716531151,192.168.35.43:51808,3.61,9.86,1777716529971,-764.5,5510400,5529710,0,8.72,21.28,12.56,13.26,-773.0,-764.0,25,9,drift
244,1777716530900,1777716531652,192.168.35.43:51808,0.51,-42.00,1777716530424,-764.5,5532480,5551726,0,7.97,22.88,14.91,13.26,-770.0,-764.0,22,9,drift
245,1777716531399,1777716532154,192.168.35.43:51808,0.29,-33.85,1777716530929,-764.5,5554464,5573998,0,7.72,24.02,16.30,13.26,-770.0,-764.0,22,9,drift
246,1777716531897,1777716532655,192.168.35.43:51808,4.45,-31.73,1777716531433,-764.4,5576448,5595758,0,8.21,20.25,12.05,13.26,-774.0,-764.0,27,9,drift
247,1777716532497,1777716533252,192.168.35.43:51808,2.32,-23.82,1777716531939,-764.4,5598624,5622382,0,8.45,22.44,13.99,13.26,-774.0,-764.0,27,9,drift
248,1777716532998,1777716533754,192.168.35.43:51808,0.63,-23.80,1777716532444,-764.6,5620704,5644398,0,8.32,24.01,15.68,13.26,-766.0,-766.0,8,8,drift
249,1777716533496,1777716534255,192.168.35.43:51808,3.86,-14.79,1777716532950,-764.6,5642688,5666414,0,7.94,20.34,12.39,13.26,-766.0,-766.0,8,8,drift
250,1777716534098,1777716534852,192.168.35.43:51808,2.13,-0.43,1777716533961,-764.7,5686848,5693038,0,8.80,23.33,14.53,13.26,-765.0,-766.0,9,8,drift
251,1777716534597,1777716535354,192.168.35.43:51808,-0.49,-2.45,1777716534464,-764.7,5708928,5715054,0,8.29,24.40,16.10,13.26,-765.0,-766.0,9,8,drift
252,1777716535098,1777716535855,192.168.35.43:51808,2.98,0.16,1777716534969,-764.9,5730912,5736814,0,7.72,20.26,12.54,13.26,-766.0,-766.0,8,8,drift
253,1777716535698,1777716536453,192.168.35.43:51808,1.43,-40.03,1777716535424,-765.0,5752896,5763438,0,8.10,23.15,15.06,13.26,-765.0,-766.0,9,8,drift
254,1777716536196,1777716536953,192.168.35.43:51808,0.63,-31.31,1777716535930,-765.0,5774976,5785710,0,7.61,24.31,16.70,13.26,-765.0,-766.0,9,8,drift
255,1777716536696,1777716537455,192.168.35.43:51808,4.69,-31.92,1777716536434,-765.1,5797056,5807470,0,7.99,20.14,12.15,13.26,-767.0,-766.0,15,8,drift
256,1777716537298,1777716538053,192.168.35.43:51808,1.31,-22.87,1777716536939,-765.1,5819040,5834094,0,7.83,23.14,15.31,13.26,-767.0,-766.0,15,8,drift
257,1777716537797,1777716538554,192.168.35.43:51808,5.75,-23.25,1777716537443,-765.2,5841120,5855854,0,7.66,19.19,11.52,13.26,-764.0,-766.0,9,8,drift
258,1777716538298,1777716539055,192.168.35.43:51808,5.90,-14.32,1777716537948,-765.2,5863200,5878126,0,9.40,20.35,10.95,13.26,-764.0,-766.0,9,8,drift
259,1777716538896,1777716539653,192.168.35.43:51808,2.85,-11.93,1777716538454,-765.3,5885280,5904494,0,9.15,23.02,13.88,13.26,-763.0,-766.0,11,8,drift
260,1777716539397,1777716540154,192.168.35.43:51808,0.84,-1.55,1777716538961,-765.3,5907264,5926766,0,8.19,24.22,16.03,13.26,-763.0,-766.0,11,8,drift
261,1777716539996,1777716540751,192.168.35.43:51808,3.57,7.19,1777716539467,-765.2,5929344,5953134,0,8.31,21.81,13.50,13.26,-765.0,-765.0,8,8,drift
262,1777716540495,1777716541252,192.168.35.43:51808,2.44,7.49,1777716539971,-765.2,5951424,5975150,0,8.42,23.17,14.75,13.26,-765.0,-765.0,8,8,drift
263,1777716540998,1777716541754,192.168.35.43:51808,-0.44,-44.80,1777716540424,-765.2,5973504,5997166,0,7.87,24.43,16.56,13.26,-714.0,-765.0,127,8,drift
264,1777716541597,1777716542351,192.168.35.43:51808,4.16,-32.79,1777716540930,-765.2,5995488,6023534,0,8.33,21.29,12.96,13.26,-714.0,-765.0,127,8,drift
265,1777716542096,1777716542852,192.168.35.43:51808,1.72,-23.60,1777716541939,-765.2,6039648,6045806,0,8.10,23.53,15.42,13.26,-750.0,-765.0,41,8,drift
266,1777716542602,1777716543353,192.168.35.43:51808,5.35,-16.66,1777716542443,-765.2,6061632,6067822,0,7.51,19.72,12.21,13.26,-750.0,-765.0,41,8,drift
267,1777716543197,1777716543951,192.168.35.43:51808,3.44,-12.58,1777716542949,-765.2,6083712,6094190,0,8.49,21.83,13.34,13.26,-773.0,-765.0,23,8,drift
268,1777716543698,1777716544452,192.168.35.43:51808,2.23,-10.59,1777716543455,-765.2,6105792,6116206,0,7.92,22.81,14.89,13.26,-770.0,-765.0,23,8,drift
269,1777716544199,1777716544954,192.168.35.43:51808,-0.45,-4.57,1777716543960,-765.2,6127872,6138478,0,7.67,23.88,16.22,13.26,-770.0,-765.0,23,8,drift
270,1777716544798,1777716545551,192.168.35.43:51808,4.14,4.51,1777716544463,-765.1,6149856,6164846,0,9.43,21.96,12.53,13.26,-773.0,-765.0,25,8,drift
271,1777716545298,1777716546052,192.168.35.43:51808,1.53,7.25,1777716544969,-765.1,6171840,6186862,0,7.79,23.31,15.52,13.26,-773.0,-765.0,25,8,drift
272,1777716545796,1777716546554,192.168.35.43:51808,-0.63,-42.11,1777716545425,-765.1,6193920,6208878,0,7.09,24.50,17.42,13.26,-778.0,-765.0,34,8,drift
273,1777716546296,1777716547055,192.168.35.43:51808,5.23,-36.91,1777716545929,-765.1,6216096,6230894,0,8.91,20.51,11.59,13.26,-778.0,-765.0,34,8,drift
274,1777716546898,1777716547652,192.168.35.43:51808,2.63,-23.64,1777716546435,-765.1,6237984,6257518,0,8.28,22.98,14.70,13.26,-764.0,-765.0,9,8,drift
275,1777716547395,1777716548154,192.168.35.43:51808,5.75,-23.72,1777716546941,-765.1,6260064,6279278,0,7.56,19.08,11.52,13.26,-764.0,-765.0,9,8,drift
276,1777716547998,1777716548751,192.168.35.43:51808,4.06,-12.92,1777716547445,-765.1,6282048,6305902,0,8.14,21.07,12.92,13.26,-766.0,-765.0,10,8,drift
277,1777716548495,1777716549253,192.168.35.43:51808,1.64,-16.68,1777716547949,-765.1,6304224,6327918,0,8.09,23.15,15.05,13.26,-766.0,-765.0,10,8,drift
278,1777716548997,1777716549754,192.168.35.43:51808,1.26,-9.02,1777716548454,-765.1,6326304,6350190,0,8.65,24.39,15.74,13.26,-765.0,-765.0,9,8,drift
279,1777716549498,1777716550255,192.168.35.43:51808,2.67,-8.43,1777716548958,-765.1,6348288,6371950,0,7.41,20.48,13.07,13.26,-765.0,-765.0,9,8,drift
280,1777716550096,1777716550852,192.168.35.43:51808,1.80,5.80,1777716549969,-765.1,6392448,6398574,0,7.72,22.91,15.19,13.26,-767.0,-765.0,19,9,drift
281,1777716550595,1777716551353,192.168.35.43:51808,2.52,-40.49,1777716550425,-765.1,6414528,6420590,0,9.12,24.15,15.03,13.26,-767.0,-765.0,19,9,drift
282,1777716551195,1777716551951,192.168.35.43:51808,3.93,-31.57,1777716550931,-765.1,6436512,6446958,0,8.45,21.96,13.51,13.26,-765.0,-765.0,13,9,drift
283,1777716551696,1777716552452,192.168.35.43:51808,2.46,-30.39,1777716551436,-765.1,6458592,6468974,0,8.20,23.07,14.88,13.26,-764.0,-765.0,10,9,drift
284,1777716552196,1777716552954,192.168.35.43:51808,-0.08,-22.63,1777716551941,-765.1,6480576,6491246,0,8.10,24.74,16.64,13.26,-764.0,-765.0,10,9,drift
285,1777716552797,1777716553551,192.168.35.43:51808,3.81,-11.41,1777716552446,-765.1,6502560,6517614,0,8.17,21.00,12.83,13.26,-764.0,-765.0,13,9,drift
286,1777716553298,1777716554052,192.168.35.43:51808,2.87,-10.40,1777716552953,-765.1,6524736,6539630,0,8.82,23.02,14.20,13.26,-764.0,-765.0,13,9,drift
287,1777716553796,1777716554554,192.168.35.43:51808,-0.35,-8.73,1777716553459,-765.1,6546720,6561646,0,7.64,24.88,17.24,13.26,-765.0,-765.0,9,9,drift
288,1777716554396,1777716555151,192.168.35.43:51808,2.63,-0.26,1777716553964,-765.1,6568800,6588014,0,8.03,22.03,14.00,13.26,-765.0,-765.0,9,9,drift
289,1777716554900,1777716555652,192.168.35.43:51808,4.19,8.91,1777716554469,-765.0,6590880,6610286,0,8.35,21.53,13.18,13.26,-774.0,-765.0,24,9,drift
290,1777716555399,1777716556154,192.168.35.43:51808,-0.35,6.57,1777716554973,-765.0,6612960,6632302,0,8.09,24.16,16.07,13.26,-774.0,-765.0,24,9,drift
291,1777716555896,1777716556655,192.168.35.43:51808,6.56,-38.89,1777716555428,-765.0,6634944,6654062,0,9.62,20.07,10.45,13.26,-773.0,-765.0,26,9,drift
292,1777716556498,1777716557253,192.168.35.43:51808,0.19,-34.72,1777716555932,-765.0,6657024,6680686,0,7.76,23.08,15.32,13.26,-773.0,-765.0,26,9,drift
293,1777716556997,1777716557754,192.168.35.43:51808,0.22,-26.84,1777716556437,-765.0,6679104,6702958,0,7.92,23.70,15.79,13.26,-772.0,-765.0,27,9,drift
294,1777716557630,1777716558351,192.168.35.43:51808,3.61,-11.46,1777716557446,-765.0,6723072,6729326,0,7.75,21.07,13.31,13.26,-772.0,-765.0,27,9,drift
295,1777716558097,1777716558852,192.168.35.43:51808,2.66,-13.16,1777716557950,-765.0,6745248,6751342,0,8.73,23.11,14.38,13.26,-755.0,-765.0,28,9,drift
296,1777716558596,1777716559354,192.168.35.43:51808,-0.58,-14.65,1777716558454,-765.0,6767328,6773358,0,7.99,24.41,16.42,13.26,-755.0,-765.0,28,9,drift
297,1777716559096,1777716559855,192.168.35.43:51808,3.99,-4.39,1777716558960,-765.1,6789312,6795374,0,8.33,20.32,11.99,13.26,-766.0,-766.0,9,9,drift
298,1777716559695,1777716560453,192.168.35.43:51808,1.95,5.82,1777716559466,-765.2,6811296,6821998,0,7.76,22.84,15.08,13.26,-766.0,-766.0,11,9,drift
299,1777716560195,1777716560954,192.168.35.43:51808,1.07,5.21,1777716559971,-765.2,6833472,6844014,0,8.69,24.75,16.06,13.26,-766.0,-766.0,11,9,drift
300,1777716560696,1777716561455,192.168.35.43:51808,4.77,-42.03,1777716560426,-765.3,6855456,6865774,0,8.08,20.37,12.29,13.26,-764.0,-766.0,10,9,drift
301,1777716561297,1777716562052,192.168.35.43:51808,3.13,-30.74,1777716560933,-765.3,6877536,6892398,0,8.94,22.98,14.04,13.26,-764.0,-766.0,10,9,drift
302,1777716561797,1777716562554,192.168.35.43:51808,0.48,-25.61,1777716561436,-765.3,6899520,6914670,0,8.05,24.47,16.42,13.26,-765.0,-765.0,8,8,drift
303,1777716562398,1777716563151,192.168.35.43:51808,5.21,-22.15,1777716561941,-765.3,6921600,6940782,0,9.08,21.46,12.39,13.26,-765.0,-765.0,8,8,drift
304,1777716562896,1777716563653,192.168.35.43:51808,1.40,-16.66,1777716562445,-765.2,6943584,6963054,0,7.83,23.23,15.39,13.26,-764.0,-765.0,13,8,drift
305,1777716563396,1777716564154,192.168.35.43:51808,0.27,-16.27,1777716562949,-765.2,6965664,6985070,0,7.96,24.52,16.55,13.26,-764.0,-765.0,13,8,drift
306,1777716564078,1777716564655,192.168.35.43:51808,-0.92,-15.12,1777716563453,-765.2,6987744,7007086,0,8.36,25.32,16.96,13.26,-764.0,-765.0,13,8,drift
307,1777716564497,1777716565252,192.168.35.43:51808,3.78,-7.27,1777716563957,-765.2,7009824,7033454,0,9.37,22.68,13.31,13.26,-985.0,-765.0,452,8,drift
308,1777716564994,1777716565754,192.168.35.43:51808,0.95,0.69,1777716564463,-765.2,7031808,7055726,0,8.95,24.81,15.86,13.26,-766.0,-765.0,9,8,drift
309,1777716565596,1777716566351,192.168.35.43:51808,3.60,12.34,1777716565473,-765.2,7075968,7082094,0,8.07,21.84,13.77,13.26,-766.0,-765.0,9,8,drift
310,1777716566098,1777716566852,192.168.35.43:51808,2.55,-35.15,1777716565929,-765.2,7098048,7104110,0,8.08,22.86,14.78,13.26,-753.0,-765.0,31,8,drift
311,1777716566599,1777716567354,192.168.35.43:51808,6.35,-34.11,1777716566433,-765.2,7120032,7125870,0,8.50,19.17,10.67,13.26,-753.0,-765.0,31,8,drift
312,1777716567096,1777716567855,192.168.35.43:51808,4.66,-23.27,1777716566939,-765.2,7142016,7148142,0,8.72,20.06,11.34,13.26,-761.0,-765.0,28,8,drift
313,1777716567695,1777716568452,192.168.35.43:51808,2.83,-18.65,1777716567443,-765.1,7164192,7174766,0,8.83,23.40,14.57,13.26,-774.0,-765.0,25,8,drift
314,1777716568198,1777716568954,192.168.35.43:51808,7.12,-11.71,1777716567949,-765.1,7186272,7196782,0,8.83,19.00,10.18,13.26,-774.0,-765.0,25,8,drift
315,1777716568700,1777716569455,192.168.35.43:51808,-0.81,-13.48,1777716568454,-765.1,7208256,7218798,0,7.25,23.90,16.65,13.26,-773.0,-765.0,24,8,drift
316,1777716569298,1777716570053,192.168.35.43:51808,1.59,-6.47,1777716568958,-765.1,7230240,7245166,0,7.75,22.80,15.05,13.26,-773.0,-765.0,24,8,drift
317,1777716569798,1777716570554,192.168.35.43:51808,2.37,0.70,1777716569464,-765.1,7252416,7267438,0,8.82,23.86,15.05,13.26,-773.0,-765.0,23,8,drift
318,1777716570296,1777716571055,192.168.35.43:51808,4.31,2.21,1777716569969,-765.1,7274400,7289198,0,8.10,20.56,12.46,13.26,-773.0,-765.0,23,8,drift
319,1777716570898,1777716571652,192.168.35.43:51808,2.31,-36.13,1777716570425,-765.1,7296384,7315822,0,8.16,23.16,15.01,13.26,-773.0,-765.0,23,8,drift
320,1777716571396,1777716572154,192.168.35.43:51808,1.83,-36.94,1777716570930,-765.1,7318560,7337838,0,9.12,24.30,15.19,13.26,-773.0,-765.0,23,8,drift
321,1777716571997,1777716572751,192.168.35.43:51808,4.94,-25.50,1777716571434,-765.2,7340448,7364206,0,8.40,20.83,12.42,13.26,-770.0,-766.0,21,9,drift
322,1777716572496,1777716573252,192.168.35.43:51808,1.79,-19.08,1777716571940,-765.2,7362528,7386478,0,7.44,22.80,15.36,13.26,-770.0,-766.0,21,9,drift
323,1777716572997,1777716573754,192.168.35.43:51808,1.56,-19.91,1777716572445,-765.3,7384704,7408494,0,8.27,23.91,15.64,13.26,-766.0,-766.0,10,9,drift
324,1777716573497,1777716574255,192.168.35.43:51808,6.00,-17.71,1777716572949,-765.3,7406688,7430254,0,8.80,20.16,11.36,13.26,-766.0,-766.0,10,9,drift
325,1777716574096,1777716574852,192.168.35.43:51808,3.11,-2.98,1777716573959,-765.3,7450752,7456878,0,8.23,22.47,14.24,13.26,-752.0,-766.0,38,9,drift
326,1777716574596,1777716575353,192.168.35.43:51808,0.60,1.31,1777716574464,-765.3,7472928,7479150,0,8.23,24.35,16.12,13.26,-752.0,-766.0,38,9,drift
327,1777716575201,1777716575951,192.168.35.43:51808,2.53,4.65,1777716574970,-765.2,7494912,7505262,0,7.47,21.73,14.26,13.26,-764.0,-764.0,9,9,drift
328,1777716575724,1777716576452,192.168.35.43:51808,2.08,-35.71,1777716575425,-765.2,7516896,7527534,0,7.67,22.80,15.13,13.26,-765.0,-765.0,9,9,drift
329,1777716576195,1777716576954,192.168.35.43:51808,3.81,-37.22,1777716575930,-765.2,7538976,7549294,0,7.19,19.57,12.38,13.26,-765.0,-765.0,9,9,drift
330,1777716576851,1777716577551,192.168.35.43:51808,2.94,-23.71,1777716576437,-765.2,7560960,7575918,0,8.08,22.17,14.09,13.26,-765.0,-765.0,9,9,drift
331,1777716577297,1777716578052,192.168.35.43:51808,1.06,-24.08,1777716576940,-765.2,7583040,7597934,0,7.81,22.79,14.98,13.26,-878.0,-765.0,238,9,drift
332,1777716577798,1777716578553,192.168.35.43:51808,-0.31,-17.64,1777716577445,-765.2,7605120,7620206,0,7.41,24.30,16.88,13.26,-767.0,-765.0,11,9,drift
333,1777716578398,1777716579151,192.168.35.43:51808,2.33,-8.79,1777716577950,-765.2,7627104,7646574,0,7.46,21.90,14.44,13.26,-767.0,-765.0,11,9,drift
334,1777716578896,1777716579652,192.168.35.43:51808,3.21,-9.23,1777716578454,-765.2,7649280,7668590,0,8.66,22.99,14.33,13.26,-766.0,-766.0,9,9,drift
335,1777716579397,1777716580153,192.168.35.43:51808,2.06,-5.82,1777716578961,-765.2,7671360,7690606,0,8.50,23.97,15.47,13.26,-766.0,-766.0,9,9,drift
336,1777716579996,1777716580751,192.168.35.43:51808,1.44,3.90,1777716579466,-765.2,7693248,7716974,0,7.48,21.81,14.32,13.26,-765.0,-765.0,9,9,drift
337,1777716580496,1777716581252,192.168.35.43:51808,0.93,9.05,1777716579971,-765.2,7715424,7739246,0,7.72,23.06,15.34,13.26,-765.0,-765.0,9,9,drift
338,1777716580997,1777716581754,192.168.35.43:51808,0.55,-38.61,1777716580426,-765.2,7737408,7761262,0,7.74,24.44,16.71,13.26,-765.0,-765.0,9,9,drift
339,1777716581636,1777716582356,192.168.35.43:51808,1.96,-26.06,1777716581435,-765.2,7781472,7787886,0,8.47,24.16,15.69,13.26,-765.0,-765.0,9,9,drift
340,1777716582195,1777716582953,192.168.35.43:51808,0.94,-22.90,1777716581941,-765.2,7803648,7814254,0,8.11,24.68,16.57,13.26,-752.0,-765.0,33,9,drift
341,1777716582699,1777716583455,192.168.35.43:51808,3.60,-24.87,1777716582445,-765.2,7825728,7836014,0,7.08,20.35,13.27,13.26,-769.0,-765.0,20,9,drift
342,1777716583203,1777716583956,192.168.35.43:51808,3.84,-11.10,1777716582951,-765.2,7847616,7858286,0,8.06,21.27,13.20,13.26,-769.0,-765.0,20,9,drift
343,1777716583796,1777716584554,192.168.35.43:51808,0.09,-10.83,1777716583455,-765.1,7869696,7884654,0,8.30,24.45,16.16,13.26,-770.0,-765.0,23,9,drift
344,1777716584299,1777716585055,192.168.35.43:51808,5.66,-4.54,1777716583961,-765.1,7891872,7906670,0,9.07,20.30,11.23,13.26,-770.0,-765.0,23,9,drift
345,1777716584898,1777716585652,192.168.35.43:51808,2.19,5.58,1777716584466,-765.1,7913856,7933294,0,8.37,22.69,14.32,13.26,-772.0,-765.0,21,9,drift
346,1777716585396,1777716586154,192.168.35.43:51808,1.56,-41.79,1777716584921,-765.1,7935840,7955310,0,8.19,23.61,15.41,13.26,-772.0,-765.0,21,9,drift
347,1777716585896,1777716586655,192.168.35.43:51808,3.04,-42.44,1777716585426,-765.1,7957920,7977070,0,7.50,20.29,12.79,13.26,-767.0,-765.0,10,9,drift
348,1777716586500,1777716587252,192.168.35.43:51808,3.15,-30.58,1777716585933,-765.1,7980000,8003694,0,8.62,22.60,13.98,13.26,-767.0,-765.0,10,9,drift
349,1777716587001,1777716587754,192.168.35.43:51808,1.37,-23.85,1777716586439,-765.1,8002080,8025966,0,8.89,24.48,15.59,13.26,-765.0,-765.0,11,9,drift
350,1777716587496,1777716588255,192.168.35.43:51808,4.73,-22.43,1777716586943,-765.1,8024064,8047726,0,8.45,20.53,12.08,13.26,-765.0,-765.0,11,9,drift
