seq,wall_ms,guest_wall,guest_id,drift_ms,vf_diff_ms,host_obs_wall,offset_ms,host_vf,guest_vf,seek_count,out_lat_host_raw,out_lat_guest_raw,out_lat_delta_current,out_lat_delta_anchored,event
0,1777377944433,0,host,0.00,0.00,1777377944107,0.0,0,0,0,0.00,0.00,0.00,0.00,host_play
1,1777377944581,1777377944782,192.168.35.90:58374,0.00,0.00,1777377944107,-298.8,0,0,0,0.00,0.00,0.00,0.00,guest_start
2,1777377944618,1777377944910,192.168.35.90:58374,-492.63,-492.63,1777377944107,-298.8,0,512,0,0.00,0.00,0.00,0.00,fallback
3,1777377945140,1777377945476,192.168.35.90:58374,158.92,158.92,1777377944902,-303.8,20160,39645,0,8.18,20.87,12.69,0.00,fallback
4,1777377945641,1777377945978,192.168.35.90:58374,162.44,162.44,1777377945404,-303.8,42240,61917,0,8.33,21.86,13.53,0.00,fallback
5,1777377946139,1777377946479,192.168.35.90:58374,-30.39,-30.39,1777377945891,-308.2,64224,75917,0,7.98,23.71,15.74,0.00,fallback
6,1777377946640,1777377946980,192.168.35.90:58374,-24.81,-24.81,1777377946396,-308.2,86400,98189,0,8.16,24.50,16.34,0.00,fallback
7,1777377947242,1777377947578,192.168.35.90:58374,-17.25,-17.25,1777377946901,-312.3,108384,124301,0,7.99,21.46,13.46,0.00,fallback
8,1777377947741,1777377948079,192.168.35.90:58374,-7.43,-7.43,1777377947405,-316.0,130464,146573,0,9.19,23.86,14.67,0.00,fallback
9,1777377948242,1777377948581,192.168.35.90:58374,-21.66,-21.66,1777377947860,-316.0,152544,170158,0,8.42,24.45,16.02,0.00,fallback
10,1777377948766,1777377949082,192.168.35.90:58374,-19.66,-19.66,1777377947860,-316.0,152544,192174,0,8.42,20.68,12.25,0.00,fallback
11,1777377949344,1777377949679,192.168.35.90:58374,-3.23,-3.23,1777377948873,-319.3,196608,218542,0,9.41,23.27,13.86,0.00,fallback
12,1777377949842,1777377950181,192.168.35.90:58374,4.10,4.10,1777377949376,-322.2,218592,240814,0,7.55,24.57,17.03,0.00,fallback
13,1777377950441,1777377950778,192.168.35.90:58374,11.14,11.14,1777377949881,-322.2,240768,267182,0,9.13,22.18,13.05,0.00,fallback
14,1777377950941,1777377951279,192.168.35.90:58374,13.01,13.01,1777377950384,-324.9,262752,289198,0,6.87,23.45,16.58,0.00,fallback
15,1777377951440,1777377951781,192.168.35.90:58374,12.67,12.67,1777377950888,-324.9,284832,311214,0,7.36,24.83,17.47,0.00,fallback
16,1777377952085,1777377952378,192.168.35.90:58374,29.56,29.56,1777377951898,-327.3,328992,337582,0,9.51,22.05,12.54,0.00,fallback
17,1777377952541,1777377952879,192.168.35.90:58374,-13.46,-13.46,1777377952403,-327.3,350976,357587,0,8.77,23.46,14.69,0.00,fallback
18,1777377953042,1777377953380,192.168.35.90:58374,-61.49,-61.49,1777377952857,-329.4,373056,379603,0,8.62,24.96,16.34,0.00,fallback
19,1777377953641,1777377953978,192.168.35.90:58374,-14.54,-14.54,1777377953361,-329.4,395136,407734,0,9.43,22.03,12.60,0.00,fallback
20,1777377954141,1777377954480,192.168.35.90:58374,-16.87,-16.87,1777377953361,-331.2,395136,429750,0,9.43,23.44,14.01,0.00,fallback
21,1777377954641,1777377954980,192.168.35.90:58374,-2.65,-2.65,1777377954371,-331.2,439200,452022,0,9.09,24.74,15.64,0.00,fallback
22,1777377955142,1777377955482,192.168.35.90:58374,-1.88,-1.88,1777377954875,-332.9,461280,473782,0,9.05,20.35,11.30,0.00,fallback
23,1777377955968,1777377956079,192.168.35.90:58374,8.86,8.86,1777377955380,-332.9,483264,500406,0,9.43,23.21,13.78,0.00,fallback
24,1777377956243,1777377956580,192.168.35.90:58374,10.37,10.37,1777377955885,-334.4,505344,522422,0,8.34,24.65,16.31,0.00,fallback
25,1777377956741,1777377957082,192.168.35.90:58374,17.42,17.42,1777377956390,-335.8,527424,544438,0,8.47,20.64,12.17,0.00,fallback
26,1777377957440,1777377957679,192.168.35.90:58374,-20.36,-20.36,1777377956896,-335.8,549408,568882,0,8.62,23.36,14.73,0.00,fallback
27,1777377957756,1777377958079,192.168.35.90:58374,0.00,0.00,1777377957401,-337.0,571584,586290,0,0.00,0.00,0.00,0.00,anchor_set
28,1777377957854,1777377958186,192.168.35.90:58374,3.86,-16.48,1777377957401,-337.0,571584,591170,0,7.31,19.93,12.62,16.05,drift
29,1777377958440,1777377958778,192.168.35.90:58374,2.41,-53.12,1777377957856,-337.0,593472,617538,0,8.22,22.06,13.85,16.05,drift
30,1777377958941,1777377959279,192.168.35.90:58374,1.49,-52.29,1777377958360,-338.1,615552,639554,0,7.62,23.29,15.67,16.05,drift
31,1777377959441,1777377959781,192.168.35.90:58374,1.18,-42.92,1777377958867,-338.1,637632,661826,0,8.90,24.55,15.64,16.05,drift
32,1777377960041,1777377960378,192.168.35.90:58374,4.99,-33.64,1777377959879,-339.1,681792,687938,0,9.05,22.16,13.10,16.05,drift
33,1777377960542,1777377960879,192.168.35.90:58374,4.00,-24.11,1777377960384,-339.1,703776,710210,0,8.93,23.04,14.10,16.05,drift
34,1777377961072,1777377961381,192.168.35.90:58374,2.46,-24.07,1777377960889,-340.0,725856,732226,0,7.92,24.43,16.50,16.05,drift
35,1777377961542,1777377961882,192.168.35.90:58374,6.91,-15.85,1777377961396,-340.0,747936,754242,0,7.73,20.56,12.83,16.05,drift
36,1777377962141,1777377962479,192.168.35.90:58374,5.58,-11.10,1777377961899,-340.8,769920,780610,0,8.96,23.26,14.30,16.05,drift
37,1777377962642,1777377962981,192.168.35.90:58374,3.94,-3.33,1777377962406,-340.8,792000,802882,0,8.76,24.63,15.87,16.05,drift
38,1777377963141,1777377963482,192.168.35.90:58374,9.24,-52.98,1777377962860,-341.2,814080,824642,0,8.90,20.59,11.69,16.05,drift
39,1777377963744,1777377964079,192.168.35.90:58374,6.16,-44.22,1777377963363,-341.6,836064,851266,0,8.60,23.12,14.52,16.05,drift
40,1777377964242,1777377964581,192.168.35.90:58374,3.66,-45.85,1777377963867,-341.6,858144,873282,0,7.81,24.52,16.71,16.05,drift
41,1777377964744,1777377965076,192.168.35.90:58374,3.59,0.00,1777377964370,-342.2,880224,895298,0,0.00,0.00,0.00,0.00,anchor_reset_offset_drift
42,1777377964845,1777377965178,192.168.35.90:58374,3.59,0.00,1777377964370,-342.2,880224,899650,0,0.00,0.00,0.00,0.00,anchor_set
43,1777377964944,1777377965279,192.168.35.90:58374,-1.75,-10.20,1777377964370,-342.2,880224,905481,0,7.41,23.56,16.15,14.08,drift
44,1777377965442,1777377965781,192.168.35.90:58374,-2.34,-7.91,1777377964874,-342.2,902208,927497,0,8.03,24.62,16.59,14.08,drift
45,1777377966044,1777377966378,192.168.35.90:58374,2.37,6.54,1777377965885,-342.8,946368,953865,0,8.69,21.95,13.26,14.08,drift
46,1777377966544,1777377966879,192.168.35.90:58374,-1.20,7.30,1777377966389,-342.8,968352,975881,0,7.30,23.54,16.23,14.08,drift
47,1777377967043,1777377967381,192.168.35.90:58374,-2.20,9.60,1777377966389,-343.3,968352,998153,0,7.30,24.80,17.49,14.08,drift
48,1777377967543,1777377967882,192.168.35.90:58374,-3.33,16.44,1777377967400,-343.3,1012512,1020169,0,7.14,25.65,18.51,14.08,drift
49,1777377968143,1777377968479,192.168.35.90:58374,2.56,25.19,1777377967904,-343.8,1034592,1046537,0,9.04,23.51,14.46,14.08,drift
50,1777377968644,1777377968981,192.168.35.90:58374,-0.71,-24.08,1777377968358,-343.8,1056576,1068553,0,8.10,24.57,16.46,14.08,drift
51,1777377969244,1777377969578,192.168.35.90:58374,2.64,-15.02,1777377968864,-344.2,1078656,1094921,0,7.71,21.77,14.06,14.08,drift
52,1777377969744,1777377970079,192.168.35.90:58374,1.31,-7.69,1777377969369,-344.5,1100736,1117193,0,7.75,23.10,15.35,14.08,drift
53,1777377970242,1777377970581,192.168.35.90:58374,-0.10,-6.22,1777377969873,-344.5,1122720,1139209,0,7.93,24.55,16.62,14.08,drift
54,1777377970843,1777377971178,192.168.35.90:58374,3.17,1.50,1777377970378,-344.7,1144800,1165577,0,7.79,22.18,14.38,14.08,drift
55,1777377971343,1777377971679,192.168.35.90:58374,0.53,1.08,1777377970882,-344.7,1166880,1187593,0,7.37,23.72,16.35,14.08,drift
56,1777377971842,1777377972180,192.168.35.90:58374,3.05,11.71,1777377971386,-345.0,1188864,1209865,0,9.15,24.62,15.47,14.08,drift
57,1777377972441,1777377972778,192.168.35.90:58374,2.68,19.35,1777377971893,-345.0,1210944,1236233,0,7.34,21.41,14.07,14.08,drift
58,1777377972947,1777377973279,192.168.35.90:58374,3.25,26.52,1777377972901,-345.2,1255008,1258249,0,7.77,21.92,14.15,14.08,drift
59,1777377973444,1777377973780,192.168.35.90:58374,1.63,22.75,1777377972901,-345.2,1255008,1280265,0,7.77,23.92,16.15,14.08,drift
60,1777377973942,1777377974282,192.168.35.90:58374,-0.21,25.76,1777377973405,-345.4,1277184,1302537,0,7.45,24.94,17.50,14.08,drift
61,1777377974545,1777377974879,192.168.35.90:58374,2.43,-9.95,1777377974363,-345.4,1321152,1328905,0,7.60,22.71,15.11,14.08,drift
62,1777377975044,1777377975381,192.168.35.90:58374,2.01,-7.31,1777377974870,-345.5,1343232,1350921,0,7.84,24.02,16.18,14.08,drift
63,1777377975643,1777377975978,192.168.35.90:58374,4.71,1.42,1777377975375,-345.5,1365312,1377289,0,8.61,21.30,12.68,14.08,drift
64,1777377976145,1777377976479,192.168.35.90:58374,2.82,0.35,1777377975879,-345.7,1387392,1399305,0,7.17,22.62,15.46,14.08,drift
65,1777377976645,1777377976980,192.168.35.90:58374,3.48,9.53,1777377976382,-345.7,1409376,1421577,0,9.08,23.88,14.80,14.08,drift
66,1777377977250,1777377977482,192.168.35.90:58374,1.84,5.72,1777377976382,-345.7,1409376,1443593,0,9.08,24.92,15.84,14.08,drift
67,1777377977745,1777377978080,192.168.35.90:58374,2.95,15.62,1777377977392,-345.9,1453536,1469961,0,7.66,22.41,14.75,14.08,drift
68,1777377978244,1777377978580,192.168.35.90:58374,2.09,19.66,1777377977897,-345.9,1475520,1491977,0,7.67,24.10,16.43,14.08,drift
69,1777377978750,1777377979088,192.168.35.90:58374,3.87,22.63,1777377978402,-346.0,1497600,1514249,0,8.24,23.18,14.93,14.08,drift
70,1777377979346,1777377979680,192.168.35.90:58374,6.42,27.40,1777377978907,-346.0,1519776,1540361,0,9.43,21.84,12.41,14.08,drift
71,1777377979843,1777377980181,192.168.35.90:58374,2.51,-15.01,1777377979360,-346.1,1541664,1562633,0,8.07,23.70,15.63,14.08,drift
72,1777377980342,1777377980682,192.168.35.90:58374,0.47,-12.57,1777377979865,-346.1,1563648,1584649,0,7.39,25.29,17.91,14.08,drift
73,1777377980942,1777377981279,192.168.35.90:58374,4.04,-2.13,1777377980372,-346.2,1585728,1611017,0,7.73,22.52,14.79,14.08,drift
74,1777377981442,1777377981781,192.168.35.90:58374,1.96,-0.72,1777377980878,-346.2,1607808,1633033,0,8.22,24.14,15.93,14.08,drift
75,1777377981942,1777377982282,192.168.35.90:58374,7.64,5.78,1777377981383,-346.3,1629888,1655049,0,7.53,19.59,12.05,14.08,drift
76,1777377982543,1777377982880,192.168.35.90:58374,3.31,19.57,1777377982393,-346.3,1673952,1681673,0,8.26,23.06,14.80,14.08,drift
77,1777377983042,1777377983381,192.168.35.90:58374,2.93,17.13,1777377982393,-346.4,1673952,1703689,0,8.26,23.80,15.54,14.08,drift
78,1777377983542,1777377983882,192.168.35.90:58374,3.32,21.46,1777377983403,-346.4,1718208,1725705,0,9.46,25.36,15.90,14.08,drift
79,1777377984145,1777377984480,192.168.35.90:58374,2.92,-22.57,1777377983857,-346.4,1740192,1752073,0,6.97,22.37,15.41,14.08,drift
80,1777377984644,1777377984981,192.168.35.90:58374,4.49,-10.88,1777377984363,-346.4,1762176,1774345,0,8.11,23.36,15.25,14.08,drift
81,1777377985143,1777377985482,192.168.35.90:58374,2.34,-9.11,1777377984868,-346.5,1784256,1796361,0,9.03,25.11,16.08,14.08,drift
82,1777377985745,1777377986079,192.168.35.90:58374,5.74,-1.06,1777377985373,-346.5,1806336,1822729,0,8.99,22.31,13.32,14.08,drift
83,1777377986244,1777377986580,192.168.35.90:58374,2.51,-1.59,1777377985876,-346.5,1828320,1844745,0,7.59,24.17,16.58,14.08,drift
84,1777377986743,1777377987082,192.168.35.90:58374,1.69,5.59,1777377986382,-346.5,1850400,1867017,0,7.70,25.45,17.75,14.08,drift
85,1777377987343,1777377987679,192.168.35.90:58374,4.76,11.45,1777377986886,-346.6,1872576,1893385,0,8.40,22.40,13.99,14.08,drift
86,1777377987842,1777377988180,192.168.35.90:58374,2.93,19.30,1777377987392,-346.6,1894368,1915401,0,7.70,23.96,16.26,14.08,drift
87,1777377988342,1777377988682,192.168.35.90:58374,2.52,20.07,1777377987897,-346.6,1916448,1937417,0,8.10,25.14,17.04,14.08,drift
88,1777377988945,1777377989279,192.168.35.90:58374,4.87,28.27,1777377988402,-346.7,1938528,1963785,0,8.39,22.51,14.11,14.08,drift
89,1777377989443,1777377989781,192.168.35.90:58374,2.56,-16.63,1777377988857,-346.7,1960608,1986057,0,7.46,23.82,16.36,14.08,drift
90,1777377990045,1777377990378,192.168.35.90:58374,7.70,-12.73,1777377989362,-346.7,1982688,2012169,0,9.56,21.49,11.93,14.08,drift
91,1777377990542,1777377990879,192.168.35.90:58374,5.08,1.25,1777377990373,-346.7,2026752,2034441,0,9.04,22.84,13.80,14.08,drift
92,1777377991042,1777377991381,192.168.35.90:58374,3.83,-2.75,1777377990373,-346.7,2026752,2056457,0,9.04,24.10,15.06,14.08,drift
93,1777377991544,1777377991882,192.168.35.90:58374,10.08,8.93,1777377991383,-346.7,2070912,2078473,0,9.48,19.73,10.25,14.08,drift
94,1777377992143,1777377992480,192.168.35.90:58374,5.05,9.84,1777377991888,-346.8,2092992,2104841,0,8.82,22.43,13.60,14.08,drift
95,1777377992936,1777377993024,192.168.35.90:58374,6.90,20.00,1777377992393,-346.8,2114976,2128905,0,8.69,20.29,11.60,14.08,drift
96,1777377993250,1777377993584,192.168.35.90:58374,7.86,27.37,1777377992898,-346.8,2137056,2153737,0,9.26,20.93,11.67,14.08,drift
97,1777377993846,1777377994181,192.168.35.90:58374,3.11,22.93,1777377993403,-346.8,2159136,2179849,0,8.01,23.56,15.55,14.08,drift
98,1777377994344,1777377994682,192.168.35.90:58374,2.98,-16.88,1777377993857,-346.8,2181024,2202121,0,7.79,24.86,17.07,14.08,drift
99,1777377994944,1777377995279,192.168.35.90:58374,3.96,-10.80,1777377994361,-346.8,2203104,2228489,0,7.53,22.78,15.25,14.08,drift
100,1777377995444,1777377995781,192.168.35.90:58374,4.91,-11.44,1777377994866,-346.8,2225280,2250505,0,8.37,23.62,15.26,14.08,drift
101,1777377995946,1777377996282,192.168.35.90:58374,1.63,-10.66,1777377995369,-346.8,2247264,2272521,0,7.65,24.87,17.22,14.08,drift
102,1777377996545,1777377996879,192.168.35.90:58374,3.54,2.54,1777377996381,-346.8,2291424,2298889,0,7.05,22.63,15.57,14.08,drift
103,1777377997077,1777377997381,192.168.35.90:58374,2.53,11.54,1777377996886,-346.8,2313408,2321161,0,7.76,23.79,16.02,14.08,drift
104,1777377997545,1777377997882,192.168.35.90:58374,1.55,12.89,1777377997391,-346.8,2335488,2343177,0,7.55,24.77,17.22,14.08,drift
105,1777377998146,1777377998479,192.168.35.90:58374,4.71,22.03,1777377997897,-346.7,2357568,2369545,0,7.57,21.80,14.23,14.08,drift
106,1777377998645,1777377998981,192.168.35.90:58374,2.36,24.01,1777377998402,-346.7,2379552,2391561,0,7.80,23.77,15.98,14.08,drift
107,1777377999144,1777377999482,192.168.35.90:58374,8.25,-19.14,1777377998857,-346.6,2401632,2413577,0,8.46,20.07,11.61,14.08,drift
108,1777377999744,1777378000079,192.168.35.90:58374,5.42,-10.15,1777377999363,-346.5,2423712,2440201,0,7.88,22.49,14.60,14.08,drift
109,1777378000245,1777378000581,192.168.35.90:58374,2.86,-9.91,1777377999868,-346.5,2445792,2462217,0,7.80,23.70,15.90,14.08,drift
110,1777378000742,1777378001082,192.168.35.90:58374,6.39,-5.51,1777378000373,-346.5,2467680,2483977,0,7.44,20.00,12.55,14.08,drift
111,1777378001343,1777378001680,192.168.35.90:58374,6.03,0.45,1777378000879,-346.5,2489952,2510601,0,9.32,22.59,13.27,14.08,drift
112,1777378002048,1777378002180,192.168.35.90:58374,2.34,7.49,1777378001383,-346.5,2511936,2532873,0,7.30,24.07,16.77,14.08,drift
113,1777378002345,1777378002682,192.168.35.90:58374,6.83,10.05,1777378001888,-346.4,2533920,2554633,0,7.46,19.54,12.07,14.08,drift
114,1777378003125,1777378003279,192.168.35.90:58374,6.97,21.12,1777378002394,-346.4,2556000,2581257,0,9.57,22.61,13.05,14.08,drift
115,1777378003442,1777378003781,192.168.35.90:58374,3.95,21.70,1777378002901,-346.4,2578080,2603273,0,7.75,23.72,15.97,14.08,drift
116,1777378003942,1777378004282,192.168.35.90:58374,0.93,28.77,1777378003404,-346.5,2600064,2625545,0,7.43,24.92,17.49,14.08,drift
117,1777378004544,1777378004880,192.168.35.90:58374,4.73,-14.50,1777378004365,-346.5,2644224,2651657,0,7.93,22.44,14.51,14.08,drift
118,1777378005044,1777378005381,192.168.35.90:58374,1.48,-6.11,1777378004870,-346.3,2666208,2673929,0,7.51,24.02,16.51,14.08,drift
119,1777378005546,1777378005882,192.168.35.90:58374,2.50,-2.37,1777378005376,-346.3,2688288,2695945,0,7.88,24.19,16.31,14.08,drift
120,1777378006146,1777378006479,192.168.35.90:58374,4.33,0.57,1777378005376,-346.2,2688288,2722313,0,7.88,22.03,14.16,14.08,drift
121,1777378006646,1777378006981,192.168.35.90:58374,1.99,9.48,1777378006389,-346.2,2732352,2744329,0,7.45,23.75,16.29,14.08,drift
122,1777378007144,1777378007482,192.168.35.90:58374,0.40,16.39,1777378006894,-346.1,2754432,2766601,0,7.48,25.09,17.61,14.08,drift
123,1777378007741,1777378008079,192.168.35.90:58374,4.28,24.14,1777378007398,-346.0,2776512,2792969,0,9.06,23.05,13.99,14.08,drift
124,1777378008242,1777378008581,192.168.35.90:58374,2.68,25.47,1777378007904,-346.0,2798592,2814985,0,8.68,23.89,15.21,14.08,drift
125,1777378008744,1777378009083,192.168.35.90:58374,6.08,-19.23,1777378008357,-345.9,2820576,2837001,0,7.94,19.48,11.54,14.08,drift
126,1777378009343,1777378009679,192.168.35.90:58374,4.40,-17.28,1777378008860,-345.9,2842656,2863369,0,8.61,22.44,13.82,14.08,drift
127,1777378009843,1777378010180,192.168.35.90:58374,2.24,-8.14,1777378009366,-345.9,2864640,2885641,0,7.74,23.97,16.23,14.08,drift
128,1777378010344,1777378010683,192.168.35.90:58374,6.69,-6.82,1777378009871,-345.9,2886624,2907401,0,7.80,19.64,11.83,14.08,drift
129,1777378010944,1777378011279,192.168.35.90:58374,5.42,2.11,1777378010377,-345.9,2908800,2934025,0,8.68,22.45,13.77,14.08,drift
130,1777378011444,1777378011781,192.168.35.90:58374,4.47,2.86,1777378010882,-345.9,2930880,2956041,0,9.17,23.75,14.57,14.08,drift
131,1777378011946,1777378012282,192.168.35.90:58374,6.31,11.03,1777378011388,-345.9,2952864,2978057,0,7.40,19.55,12.14,14.08,drift
132,1777378012544,1777378012880,192.168.35.90:58374,2.80,24.45,1777378012400,-345.9,2997024,3004681,0,7.55,22.63,15.07,14.08,drift
133,1777378013046,1777378013381,192.168.35.90:58374,3.60,30.69,1777378012907,-345.9,3019008,3026697,0,8.06,23.63,15.57,14.08,drift
134,1777378013544,1777378013882,192.168.35.90:58374,1.55,-20.74,1777378013360,-345.9,3041088,3048713,0,7.79,25.35,17.55,14.08,drift
135,1777378014146,1777378014479,192.168.35.90:58374,3.82,-13.28,1777378013864,-345.9,3063168,3075081,0,7.68,22.02,14.33,14.08,drift
136,1777378014645,1777378014981,192.168.35.90:58374,2.47,-6.50,1777378014368,-345.9,3085152,3097353,0,7.82,23.91,16.09,14.08,drift
137,1777378015144,1777378015482,192.168.35.90:58374,2.56,-3.78,1777378014873,-345.9,3107232,3119369,0,8.87,24.80,15.93,14.08,drift
138,1777378015746,1777378016080,192.168.35.90:58374,4.20,3.72,1777378015379,-345.9,3129312,3145737,0,8.65,22.31,13.66,14.08,drift
139,1777378016243,1777378016581,192.168.35.90:58374,1.49,2.72,1777378015883,-345.9,3151392,3167753,0,7.54,23.76,16.22,14.08,drift
140,1777378016745,1777378017083,192.168.35.90:58374,7.08,9.92,1777378016388,-345.9,3173472,3189769,0,8.68,19.25,10.57,14.08,drift
141,1777378017344,1777378017679,192.168.35.90:58374,3.53,15.14,1777378016892,-345.9,3195360,3216137,0,7.60,22.54,14.94,14.08,drift
142,1777378017843,1777378018180,192.168.35.90:58374,1.88,22.90,1777378017398,-345.9,3217440,3238409,0,7.33,23.86,16.53,14.08,drift
143,1777378018400,1777378018682,192.168.35.90:58374,9.18,24.90,1777378017903,-345.9,3239520,3260169,0,9.59,19.87,10.28,14.08,drift
144,1777378018943,1777378019279,192.168.35.90:58374,3.70,-17.03,1777378018357,-346.0,3261504,3286793,0,8.00,22.43,14.43,14.08,drift
145,1777378019447,1777378019781,192.168.35.90:58374,3.77,-10.22,1777378019368,-346.0,3305664,3308809,0,7.72,22.21,14.49,14.08,drift
146,1777378019943,1777378020282,192.168.35.90:58374,1.12,-8.79,1777378019368,-346.1,3305664,3331081,0,7.72,24.91,17.20,14.08,drift
147,1777378020544,1777378020879,192.168.35.90:58374,6.21,5.94,1777378020379,-346.1,3349824,3357449,0,9.66,22.68,13.02,14.08,drift
148,1777378021043,1777378021381,192.168.35.90:58374,5.42,2.49,1777378020379,-346.2,3349824,3379465,0,9.66,23.45,13.79,14.08,drift
149,1777378021543,1777378021882,192.168.35.90:58374,1.88,6.84,1777378021388,-346.2,3393888,3401481,0,7.89,25.38,17.48,14.08,drift
150,1777378022146,1777378022480,192.168.35.90:58374,3.32,14.70,1777378021894,-346.2,3415968,3427849,0,7.19,22.13,14.94,14.08,drift
151,1777378022644,1777378022981,192.168.35.90:58374,4.43,26.61,1777378022400,-346.2,3437952,3450121,0,9.13,23.70,14.57,14.08,drift
152,1777378023243,1777378023578,192.168.35.90:58374,8.36,34.97,1777378022905,-346.3,3460032,3476489,0,9.51,21.03,11.52,14.08,drift
153,1777378023743,1777378024080,192.168.35.90:58374,4.95,-16.23,1777378023360,-346.4,3482112,3498505,0,8.02,22.35,14.33,14.08,drift
154,1777378024243,1777378024581,192.168.35.90:58374,3.18,-15.41,1777378023864,-346.4,3504192,3520521,0,8.66,23.72,15.06,14.08,drift
155,1777378024742,1777378025082,192.168.35.90:58374,6.85,-8.05,1777378024369,-346.4,3526176,3542537,0,7.69,20.18,12.49,14.08,drift
156,1777378025345,1777378025679,192.168.35.90:58374,5.76,0.61,1777378024872,-346.4,3548256,3569161,0,9.43,22.29,12.87,14.08,drift
157,1777378025843,1777378026181,192.168.35.90:58374,3.74,3.70,1777378025379,-346.5,3570240,3591177,0,7.99,23.55,15.56,14.08,drift
158,1777378026342,1777378026682,192.168.35.90:58374,9.29,5.32,1777378025884,-346.5,3592320,3612937,0,8.75,19.43,10.68,14.08,drift
159,1777378026942,1777378027279,192.168.35.90:58374,4.55,14.10,1777378026388,-346.5,3614304,3639561,0,8.37,22.54,14.17,14.08,drift
160,1777378027443,1777378027781,192.168.35.90:58374,3.38,18.05,1777378026893,-346.5,3636480,3661833,0,8.40,23.80,15.40,14.08,drift
161,1777378027945,1777378028282,192.168.35.90:58374,2.98,22.60,1777378027398,-346.6,3658464,3683849,0,9.23,24.85,15.62,14.08,drift
162,1777378028541,1777378028879,192.168.35.90:58374,6.15,-13.98,1777378028360,-346.6,3702624,3710217,0,9.20,22.96,13.75,14.08,drift
163,1777378029044,1777378029381,192.168.35.90:58374,5.75,-10.53,1777378028865,-346.6,3724608,3732233,0,9.61,23.67,14.06,14.08,drift
164,1777378029542,1777378029882,192.168.35.90:58374,9.19,-4.50,1777378029370,-346.6,3746688,3754249,0,9.60,20.19,10.59,14.08,drift
165,1777378030143,1777378030479,192.168.35.90:58374,4.14,-3.72,1777378029875,-346.7,3768768,3780617,0,7.50,22.58,15.08,14.08,drift
166,1777378030642,1777378030981,192.168.35.90:58374,1.81,3.26,1777378030379,-346.7,3790752,3802889,0,7.39,24.02,16.62,14.08,drift
167,1777378031144,1777378031482,192.168.35.90:58374,3.63,5.99,1777378030883,-346.7,3812832,3824905,0,8.88,24.36,15.48,14.08,drift
168,1777378031746,1777378032079,192.168.35.90:58374,5.15,14.88,1777378031390,-346.7,3834912,3851273,0,7.48,21.33,13.86,14.08,drift
169,1777378032243,1777378032582,192.168.35.90:58374,4.25,14.02,1777378031894,-346.7,3856992,3873289,0,9.41,23.67,14.26,14.08,drift
170,1777378032750,1777378033087,192.168.35.90:58374,3.54,24.99,1777378032399,-346.8,3878976,3895817,0,8.97,24.63,15.65,14.08,drift
171,1777378033345,1777378033679,192.168.35.90:58374,5.67,32.77,1777378032906,-346.8,3901056,3921929,0,7.74,22.05,14.30,14.08,drift
172,1777378033845,1777378034181,192.168.35.90:58374,4.66,-16.99,1777378033360,-346.8,3923136,3943945,0,8.23,22.86,14.63,14.08,drift
173,1777378034345,1777378034682,192.168.35.90:58374,3.29,-14.49,1777378033864,-346.8,3945120,3965961,0,8.81,24.67,15.86,14.08,drift
174,1777378034945,1777378035279,192.168.35.90:58374,5.21,-8.39,1777378034368,-346.8,3967200,3992329,0,8.17,22.18,14.02,14.08,drift
175,1777378035445,1777378035781,192.168.35.90:58374,4.02,-1.92,1777378034874,-346.8,3989280,4014601,0,7.68,23.57,15.90,14.08,drift
176,1777378035947,1777378036282,192.168.35.90:58374,4.93,0.19,1777378035377,-346.8,4011360,4036617,0,9.28,23.64,14.35,14.08,drift
177,1777378036544,1777378036879,192.168.35.90:58374,4.89,13.12,1777378036388,-346.8,4055424,4062985,0,8.42,22.58,14.15,14.08,drift
178,1777378037046,1777378037381,192.168.35.90:58374,5.68,16.79,1777378036893,-346.8,4077408,4085001,0,9.45,23.68,14.23,14.08,drift
179,1777378037542,1777378037882,192.168.35.90:58374,7.64,22.07,1777378037398,-346.8,4099488,4107017,0,8.60,20.10,11.50,14.08,drift
180,1777378038146,1777378038479,192.168.35.90:58374,6.00,31.20,1777378037903,-346.9,4121568,4133641,0,8.43,21.85,13.42,14.08,drift
181,1777378038644,1777378038981,192.168.35.90:58374,2.77,-18.88,1777378038357,-346.9,4143552,4155657,0,7.21,23.44,16.23,14.08,drift
182,1777378039143,1777378039482,192.168.35.90:58374,2.29,-15.69,1777378038863,-346.9,4165632,4177673,0,8.31,24.92,16.61,14.08,drift
183,1777378039968,1777378040079,192.168.35.90:58374,4.26,-8.94,1777378039368,-346.9,4187712,4204041,0,7.26,22.35,15.08,14.08,drift
184,1777378040245,1777378040581,192.168.35.90:58374,2.59,-3.64,1777378039872,-346.9,4209792,4226313,0,7.78,23.93,16.16,14.08,drift
185,1777378040745,1777378041083,192.168.35.90:58374,8.07,-2.08,1777378040376,-346.9,4231776,4248073,0,7.78,19.30,11.53,14.08,drift
186,1777378041343,1777378041679,192.168.35.90:58374,4.36,7.95,1777378040880,-346.9,4253760,4274697,0,7.73,22.44,14.71,14.08,drift
187,1777378041843,1777378042180,192.168.35.90:58374,4.93,11.64,1777378041387,-346.9,4275840,4296713,0,8.04,23.61,15.57,14.08,drift
188,1777378042344,1777378042682,192.168.35.90:58374,1.63,18.02,1777378041893,-346.9,4297920,4318985,0,7.38,24.93,17.55,14.08,drift
189,1777378042943,1777378043279,192.168.35.90:58374,5.46,22.52,1777378042398,-346.9,4319904,4345097,0,7.79,22.46,14.67,14.08,drift
190,1777378043444,1777378043781,192.168.35.90:58374,3.05,26.32,1777378042903,-346.9,4342080,4367369,0,7.63,23.67,16.05,14.08,drift
191,1777378043946,1777378044282,192.168.35.90:58374,8.24,-16.52,1777378043862,-346.8,4386144,4389129,0,8.46,19.49,11.03,14.08,drift
192,1777378044545,1777378044879,192.168.35.90:58374,6.43,-9.05,1777378044366,-346.8,4408224,4415753,0,8.83,22.43,13.60,14.08,drift
193,1777378045073,1777378045381,192.168.35.90:58374,4.20,-7.27,1777378044870,-346.7,4430208,4437769,0,9.14,23.61,14.47,14.08,drift
194,1777378045542,1777378045882,192.168.35.90:58374,1.48,-2.58,1777378045374,-346.7,4452288,4460041,0,7.93,25.05,17.13,14.08,drift
195,1777378046143,1777378046479,192.168.35.90:58374,5.39,6.11,1777378045879,-346.7,4474368,4486409,0,8.85,22.44,13.59,14.08,drift
196,1777378046645,1777378046981,192.168.35.90:58374,2.61,6.69,1777378046383,-346.7,4496352,4508425,0,7.56,23.30,15.74,14.08,drift
197,1777378047145,1777378047482,192.168.35.90:58374,1.67,3.56,1777378046383,-346.6,4496352,4530441,0,7.56,24.60,17.04,14.08,drift
198,1777378047745,1777378048079,192.168.35.90:58374,5.79,16.72,1777378047394,-346.5,4540512,4556809,0,7.88,22.25,14.37,14.08,drift
199,1777378048244,1777378048581,192.168.35.90:58374,4.79,23.02,1777378047898,-346.5,4562592,4579081,0,8.98,23.41,14.42,14.08,drift
200,1777378048744,1777378049082,192.168.35.90:58374,3.62,27.02,1777378048404,-346.5,4584576,4601097,0,8.86,24.95,16.09,14.08,drift
201,1777378049342,1777378049680,192.168.35.90:58374,4.55,-16.44,1777378048859,-346.5,4606656,4627465,0,8.52,22.32,13.79,14.08,drift
202,1777378049953,1777378050181,192.168.35.90:58374,3.90,-16.75,1777378049362,-346.5,4628736,4649481,0,8.20,22.85,14.65,14.08,drift
203,1777378050343,1777378050682,192.168.35.90:58374,1.42,-10.64,1777378049865,-346.4,4650720,4671753,0,7.77,24.79,17.01,14.08,drift
204,1777378050944,1777378051279,192.168.35.90:58374,4.17,-0.84,1777378050370,-346.4,4672704,4698121,0,7.98,22.57,14.59,14.08,drift
205,1777378051441,1777378051781,192.168.35.90:58374,2.55,-3.50,1777378050874,-346.4,4694880,4720137,0,8.31,23.93,15.62,14.08,drift
206,1777378051943,1777378052282,192.168.35.90:58374,1.86,7.80,1777378051885,-346.6,4738848,4742153,0,7.94,24.64,16.70,14.08,drift
207,1777378052545,1777378052879,192.168.35.90:58374,5.50,16.46,1777378052391,-346.6,4760928,4768521,0,8.11,22.39,14.27,14.08,drift
208,1777378053042,1777378053381,192.168.35.90:58374,4.40,22.27,1777378052895,-346.7,4783008,4790793,0,8.86,23.82,14.96,14.08,drift
209,1777378053543,1777378053882,192.168.35.90:58374,2.91,21.80,1777378053399,-346.7,4805088,4812809,0,7.85,24.83,16.98,14.08,drift
210,1777378054143,1777378054479,192.168.35.90:58374,5.06,30.23,1777378053904,-346.8,4827168,4839177,0,8.34,22.24,13.91,14.08,drift
211,1777378054644,1777378054981,192.168.35.90:58374,4.61,-17.65,1777378054359,-346.8,4849152,4861193,0,8.03,23.56,15.52,14.08,drift
212,1777378055144,1777378055482,192.168.35.90:58374,8.62,-10.40,1777378054865,-346.9,4871232,4883209,0,7.96,19.90,11.93,14.08,drift
213,1777378055746,1777378056080,192.168.35.90:58374,4.16,-10.83,1777378055368,-347.1,4893312,4909577,0,7.60,22.30,14.70,14.08,drift
214,1777378056244,1777378056581,192.168.35.90:58374,5.47,-1.01,1777378055874,-347.1,4915392,4931849,0,9.14,23.38,14.24,14.08,drift
215,1777378056910,1777378057083,192.168.35.90:58374,7.04,4.30,1777378056378,-347.1,4937376,4953865,0,8.92,20.58,11.65,14.08,drift
216,1777378057343,1777378057679,192.168.35.90:58374,6.76,8.32,1777378056883,-347.1,4959456,4980233,0,8.61,22.57,13.96,14.08,drift
217,1777378057744,1777378058079,192.168.35.90:58374,6.38,0.00,1777378057388,-347.2,4981536,4997897,0,0.00,0.00,0.00,0.00,anchor_reset_offset_drift
218,1777378057847,1777378058181,192.168.35.90:58374,6.38,0.00,1777378057388,-347.2,4981536,5002249,0,0.00,0.00,0.00,0.00,anchor_set
219,1777378057946,1777378058282,192.168.35.90:58374,0.12,-1.29,1777378057892,-347.2,5003424,5005964,0,8.57,24.69,16.12,15.29,drift
220,1777378058542,1777378058879,192.168.35.90:58374,1.36,5.05,1777378058396,-347.2,5025504,5032332,0,8.23,22.24,14.01,15.29,drift
221,1777378059043,1777378059381,192.168.35.90:58374,0.42,1.03,1777378058396,-347.3,5025504,5054348,0,8.23,23.57,15.34,15.29,drift
222,1777378059552,1777378059887,192.168.35.90:58374,2.45,10.95,1777378059406,-347.3,5069664,5076620,0,9.41,22.50,13.09,15.29,drift
223,1777378060144,1777378060479,192.168.35.90:58374,2.55,11.23,1777378059406,-347.4,5069664,5102732,0,9.41,22.40,12.99,15.29,drift
224,1777378060642,1777378060981,192.168.35.90:58374,-1.14,-33.21,1777378060363,-347.4,5113824,5125004,0,7.97,24.07,16.10,15.29,drift
225,1777378061144,1777378061482,192.168.35.90:58374,4.29,-28.72,1777378060869,-347.4,5135808,5146764,0,7.71,19.31,11.60,15.29,drift
226,1777378061745,1777378062079,192.168.35.90:58374,1.68,-21.06,1777378061373,-347.5,5157888,5173388,0,8.56,22.59,14.03,15.29,drift
227,1777378062244,1777378062581,192.168.35.90:58374,1.26,-19.26,1777378061879,-347.5,5179968,5195404,0,8.59,23.37,14.78,15.29,drift
228,1777378062743,1777378063082,192.168.35.90:58374,3.78,-10.62,1777378062385,-347.5,5201952,5217420,0,7.46,19.38,11.92,15.29,drift
229,1777378063343,1777378063680,192.168.35.90:58374,1.70,-3.23,1777378062889,-347.5,5224032,5244044,0,8.93,22.49,13.56,15.29,drift
230,1777378063843,1777378064181,192.168.35.90:58374,-1.05,0.67,1777378063396,-347.6,5246016,5266060,0,7.20,23.63,16.43,15.29,drift
231,1777378064342,1777378064682,192.168.35.90:58374,-2.35,1.59,1777378063901,-347.6,5268096,5288076,0,7.31,25.37,18.06,15.29,drift
232,1777378064946,1777378065279,192.168.35.90:58374,4.02,-30.70,1777378064864,-347.6,5312256,5314444,0,9.49,22.44,12.95,15.29,drift
233,1777378065445,1777378065781,192.168.35.90:58374,1.13,-25.81,1777378065368,-347.6,5334336,5336716,0,8.94,23.35,14.42,15.29,drift
234,1777378065944,1777378066282,192.168.35.90:58374,-1.02,-19.44,1777378065875,-347.7,5356224,5358732,0,7.75,24.72,16.98,15.29,drift
235,1777378066541,1777378066880,192.168.35.90:58374,0.87,-14.69,1777378066378,-347.7,5378304,5385100,0,8.28,22.74,14.46,15.29,drift
236,1777378067043,1777378067381,192.168.35.90:58374,0.09,-14.97,1777378066881,-347.7,5400384,5407116,0,8.54,23.86,15.32,15.29,drift
237,1777378067544,1777378067882,192.168.35.90:58374,1.29,7.72,1777378067397,-347.7,5422368,5429388,0,8.13,22.30,14.16,15.29,drift
238,1777378068143,1777378068479,192.168.35.90:58374,1.22,0.09,1777378067892,-347.7,5444544,5455756,0,7.38,22.26,14.89,15.29,drift
239,1777378068643,1777378068980,192.168.35.90:58374,1.86,5.33,1777378068397,-347.7,5466528,5477772,0,8.34,22.71,14.37,15.29,drift
240,1777378069149,1777378069483,192.168.35.90:58374,3.54,5.82,1777378068903,-347.8,5488512,5499532,0,7.78,19.60,11.82,15.29,drift
241,1777378069644,1777378069983,192.168.35.90:58374,-1.28,-34.48,1777378069358,-347.8,5510592,5522060,0,8.05,25.33,17.28,15.29,drift
242,1777378070241,1777378070581,192.168.35.90:58374,-0.25,-32.86,1777378069358,-347.8,5510592,5548428,0,8.05,23.66,15.61,15.29,drift
243,1777378070741,1777378071083,192.168.35.90:58374,5.57,-29.01,1777378070367,-347.8,5554752,5570188,0,8.88,19.71,10.84,15.29,drift
244,1777378071341,1777378071680,192.168.35.90:58374,1.56,-19.92,1777378070871,-347.8,5576736,5596812,0,8.44,22.40,13.96,15.29,drift
245,1777378071843,1777378072181,192.168.35.90:58374,1.69,-18.86,1777378071375,-347.8,5598816,5618828,0,8.62,23.08,14.47,15.29,drift
246,1777378072341,1777378072682,192.168.35.90:58374,0.43,-15.90,1777378071880,-347.8,5621088,5641100,0,9.24,24.75,15.51,15.29,drift
247,1777378072943,1777378073279,192.168.35.90:58374,1.75,-8.87,1777378072385,-347.8,5642880,5667212,0,8.04,22.50,14.46,15.29,drift
248,1777378073444,1777378073781,192.168.35.90:58374,1.09,-3.36,1777378072889,-347.8,5664960,5689484,0,8.05,23.36,15.30,15.29,drift
249,1777378073943,1777378074282,192.168.35.90:58374,0.21,-4.28,1777378073393,-347.9,5687136,5711500,0,8.89,24.50,15.61,15.29,drift
250,1777378074541,1777378074879,192.168.35.90:58374,0.90,9.85,1777378074403,-347.9,5731104,5737868,0,7.43,22.82,15.39,15.29,drift
251,1777378075069,1777378075381,192.168.35.90:58374,0.46,-40.34,1777378074858,-347.9,5753280,5759884,0,8.48,23.45,14.96,15.29,drift
252,1777378075546,1777378075882,192.168.35.90:58374,4.01,-29.85,1777378075364,-347.9,5775168,5781900,0,7.20,19.58,12.38,15.29,drift
253,1777378076142,1777378076479,192.168.35.90:58374,2.51,-23.39,1777378075868,-347.9,5797344,5808524,0,8.74,22.53,13.79,15.29,drift
254,1777378076645,1777378076981,192.168.35.90:58374,1.98,-23.04,1777378076372,-347.9,5819424,5830540,0,9.20,23.19,13.98,15.29,drift
255,1777378077142,1777378077482,192.168.35.90:58374,-1.40,-21.47,1777378076877,-347.9,5841408,5852556,0,8.08,25.24,17.16,15.29,drift
256,1777378077741,1777378078079,192.168.35.90:58374,1.35,-10.67,1777378077383,-347.9,5863392,5878924,0,7.80,22.58,14.78,15.29,drift
257,1777378078241,1777378078581,192.168.35.90:58374,0.06,-5.43,1777378077889,-347.9,5885568,5901196,0,8.44,24.16,15.71,15.29,drift
258,1777378078743,1777378079082,192.168.35.90:58374,-0.39,-1.21,1777378078394,-348.0,5907552,5923212,0,8.71,25.04,16.33,15.29,drift
259,1777378079341,1777378079679,192.168.35.90:58374,1.66,8.01,1777378078899,-348.0,5929536,5949580,0,7.87,22.39,14.52,15.29,drift
260,1777378079846,1777378080181,192.168.35.90:58374,-0.14,8.00,1777378079404,-348.1,5951616,5971596,0,7.42,23.59,16.18,15.29,drift
261,1777378080345,1777378080682,192.168.35.90:58374,-1.48,-35.97,1777378079858,-348.1,5973696,5993868,0,7.63,25.13,17.50,15.29,drift
262,1777378080940,1777378081279,192.168.35.90:58374,2.16,-29.52,1777378080361,-348.2,5995776,6020236,0,8.02,22.39,14.37,15.29,drift
263,1777378081444,1777378081781,192.168.35.90:58374,1.92,-26.04,1777378080866,-348.2,6017760,6042252,0,8.70,23.32,14.62,15.29,drift
264,1777378081946,1777378082282,192.168.35.90:58374,0.03,-25.15,1777378081373,-348.3,6039936,6064268,0,8.30,24.48,16.18,15.29,drift
265,1777378082456,1777378082789,192.168.35.90:58374,1.19,-9.20,1777378082383,-348.3,6084000,6086796,0,7.97,22.86,14.88,15.29,drift
266,1777378083044,1777378083381,192.168.35.90:58374,-1.03,-4.75,1777378082890,-348.4,6106080,6112908,0,6.98,23.92,16.94,15.29,drift
267,1777378083541,1777378083882,192.168.35.90:58374,-0.56,0.14,1777378083395,-348.4,6128064,6134924,0,8.63,25.40,16.77,15.29,drift
268,1777378084144,1777378084479,192.168.35.90:58374,4.18,10.73,1777378083900,-348.4,6150048,6161292,0,8.82,22.48,13.65,15.29,drift
269,1777378084642,1777378084980,192.168.35.90:58374,0.32,-39.66,1777378084355,-348.4,6172128,6183308,0,7.31,23.91,16.60,15.29,drift
270,1777378085146,1777378085482,192.168.35.90:58374,1.93,-30.11,1777378084861,-348.5,6194208,6205580,0,9.38,24.84,15.46,15.29,drift
271,1777378085742,1777378086079,192.168.35.90:58374,2.47,-31.57,1777378085364,-348.5,6216288,6231692,0,7.88,22.28,14.40,15.29,drift
272,1777378086245,1777378086581,192.168.35.90:58374,1.95,-24.31,1777378085869,-348.5,6238368,6253964,0,9.18,23.67,14.49,15.29,drift
273,1777378086746,1777378087082,192.168.35.90:58374,2.31,-20.23,1777378086374,-348.5,6260352,6275980,0,9.40,24.48,15.08,15.29,drift
274,1777378087343,1777378087680,192.168.35.90:58374,3.20,-13.86,1777378086880,-348.5,6282432,6302348,0,8.57,22.51,13.94,15.29,drift
275,1777378087844,1777378088181,192.168.35.90:58374,0.58,-14.23,1777378087384,-348.4,6304512,6324364,0,7.47,23.29,15.81,15.29,drift
276,1777378088343,1777378088682,192.168.35.90:58374,1.78,-6.61,1777378087888,-348.4,6326592,6346636,0,9.41,24.96,15.55,15.29,drift
277,1777378088943,1777378089279,192.168.35.90:58374,1.36,1.13,1777378088391,-348.4,6348480,6373004,0,7.54,22.89,15.35,15.29,drift
278,1777378089443,1777378089781,192.168.35.90:58374,0.86,0.18,1777378088896,-348.4,6370656,6395020,0,7.46,23.14,15.68,15.29,drift
279,1777378089941,1777378090282,192.168.35.90:58374,0.21,3.35,1777378089403,-348.3,6392736,6417036,0,8.25,25.26,17.01,15.29,drift
280,1777378090543,1777378090879,192.168.35.90:58374,1.41,-35.01,1777378090361,-348.3,6436800,6443404,0,7.52,22.63,15.11,15.29,drift
281,1777378091042,1777378091381,192.168.35.90:58374,-0.54,-27.80,1777378090865,-348.3,6458784,6465676,0,7.42,23.81,16.39,15.29,drift
282,1777378091545,1777378091882,192.168.35.90:58374,6.21,-25.27,1777378091370,-348.3,6480864,6487436,0,9.27,19.88,10.60,15.29,drift
283,1777378092144,1777378092480,192.168.35.90:58374,2.60,-18.92,1777378091875,-348.3,6502944,6514060,0,8.15,22.42,14.27,15.29,drift
284,1777378092642,1777378092981,192.168.35.90:58374,0.50,-17.69,1777378092380,-348.3,6525024,6536076,0,8.61,24.19,15.58,15.29,drift
285,1777378093245,1777378093578,192.168.35.90:58374,4.15,-6.70,1777378092885,-348.3,6547008,6562444,0,9.03,21.00,11.97,15.29,drift
286,1777378093743,1777378094079,192.168.35.90:58374,1.91,-2.18,1777378093389,-348.2,6569088,6584716,0,7.59,22.37,14.78,15.29,drift
287,1777378094244,1777378094581,192.168.35.90:58374,1.55,0.19,1777378093896,-348.2,6591168,6606732,0,7.88,23.85,15.97,15.29,drift
288,1777378094845,1777378095178,192.168.35.90:58374,3.70,11.00,1777378094401,-348.2,6613152,6633100,0,8.75,21.29,12.54,15.29,drift
289,1777378095346,1777378095680,192.168.35.90:58374,1.40,-36.24,1777378094857,-348.2,6635136,6655116,0,7.88,22.39,14.51,15.29,drift
290,1777378095844,1777378096180,192.168.35.90:58374,1.46,-25.64,1777378095364,-348.1,6657216,6677388,0,8.41,23.56,15.14,15.29,drift
291,1777378096345,1777378096682,192.168.35.90:58374,-1.61,-27.60,1777378095868,-348.1,6679296,6699404,0,7.28,24.92,17.64,15.29,drift
292,1777378096943,1777378097280,192.168.35.90:58374,0.19,-21.19,1777378096371,-348.0,6701280,6725772,0,7.19,22.73,15.54,15.29,drift
293,1777378097443,1777378097781,192.168.35.90:58374,2.04,-14.93,1777378097380,-348.0,6745440,6747788,0,8.63,23.78,15.15,15.29,drift
294,1777378097946,1777378098283,192.168.35.90:58374,2.16,-5.82,1777378097886,-347.9,6767520,6770060,0,9.48,23.77,14.30,15.29,drift
295,1777378098545,1777378098879,192.168.35.90:58374,4.36,-3.98,1777378098390,-347.9,6789600,6796172,0,8.45,20.33,11.89,15.29,drift
296,1777378099073,1777378099381,192.168.35.90:58374,0.71,-0.63,1777378098896,-347.8,6811776,6818444,0,9.00,23.62,14.62,15.29,drift
297,1777378099542,1777378099882,192.168.35.90:58374,1.31,7.29,1777378099403,-347.8,6833664,6840460,0,9.31,24.91,15.60,15.29,drift
298,1777378100148,1777378100480,192.168.35.90:58374,1.66,-34.53,1777378099858,-347.7,6855648,6866828,0,7.66,21.41,13.76,15.29,drift
299,1777378100643,1777378100981,192.168.35.90:58374,-0.69,-36.68,1777378100363,-347.7,6877824,6888844,0,7.50,23.77,16.28,15.29,drift
300,1777378101145,1777378101482,192.168.35.90:58374,68.93,38.34,1777378100870,-347.6,6897024,6910860,0,9.02,20.06,11.04,15.29,drift
301,1777378101259,1777378101578,192.168.35.90:58374,64.38,64.38,1777378100870,-347.6,6897024,6913709,1,0.00,0.00,0.00,0.00,seek
302,1777378101744,1777378102079,192.168.35.90:58374,15.18,-9.22,1777378101376,-347.6,6919104,6934957,1,8.74,22.01,13.28,15.29,drift
303,1777378102244,1777378102581,192.168.35.90:58374,13.75,-8.54,1777378101880,-347.6,6941088,6956973,1,8.15,23.47,15.32,15.29,drift
304,1777378102743,1777378103082,192.168.35.90:58374,11.88,-6.99,1777378102385,-347.5,6963168,6978989,1,9.08,25.34,16.27,15.29,drift
305,1777378103346,1777378103680,192.168.35.90:58374,13.66,-0.38,1777378102890,-347.5,6985248,7005357,1,8.81,22.69,13.88,15.29,drift
306,1777378103843,1777378104181,192.168.35.90:58374,13.56,9.65,1777378103396,-347.5,7007232,7027629,1,8.16,23.49,15.33,15.29,drift
307,1777378104345,1777378104682,192.168.35.90:58374,17.02,17.86,1777378103901,-347.5,7029216,7049645,1,7.94,19.80,11.85,15.29,drift
308,1777378104944,1777378105279,192.168.35.90:58374,13.15,17.66,1777378104404,-347.4,7051296,7076013,1,7.28,22.52,15.24,15.29,drift
309,1777378105447,1777378105781,192.168.35.90:58374,13.11,-31.92,1777378104857,-347.4,7073376,7098029,1,9.06,23.43,14.37,15.29,drift
310,1777378105944,1777378106282,192.168.35.90:58374,16.19,-25.86,1777378105361,-347.4,7095360,7120045,1,7.69,19.68,11.99,15.29,drift
311,1777378106549,1777378106879,192.168.35.90:58374,14.75,-12.20,1777378106373,-347.4,7139616,7146669,1,8.68,22.19,13.51,15.29,drift
312,1777378107043,1777378107381,192.168.35.90:58374,11.47,-9.92,1777378106879,-347.3,7161600,7168685,1,7.74,23.66,15.92,15.29,drift
313,1777378107545,1777378107882,192.168.35.90:58374,10.52,-8.69,1777378107384,-347.3,7183680,7190701,1,7.78,25.02,17.24,15.29,drift
314,1777378108144,1777378108479,192.168.35.90:58374,13.15,-0.12,1777378107890,-347.3,7205760,7217069,1,7.72,22.59,14.86,15.29,drift
315,1777378108642,1777378108981,192.168.35.90:58374,12.19,8.11,1777378108395,-347.3,7227744,7239341,1,8.05,24.22,16.17,15.29,drift
316,1777378109143,1777378109482,192.168.35.90:58374,11.60,10.67,1777378108900,-347.3,7249824,7261357,1,8.90,25.02,16.13,15.29,drift
317,1777378109745,1777378110079,192.168.35.90:58374,14.93,19.01,1777378109405,-347.2,7271904,7287725,1,9.35,22.34,12.99,15.29,drift
318,1777378110247,1777378110580,192.168.35.90:58374,14.02,-27.51,1777378109860,-347.2,7293888,7309741,1,8.51,22.74,14.23,15.29,drift
319,1777378110751,1777378111088,192.168.35.90:58374,11.49,-27.81,1777378110365,-347.2,7315968,7332013,1,7.91,23.77,15.86,15.29,drift
320,1777378111346,1777378111679,192.168.35.90:58374,12.45,-22.20,1777378110870,-347.2,7338048,7358125,1,7.01,22.69,15.68,15.29,drift
321,1777378111841,1777378112181,192.168.35.90:58374,11.26,-14.46,1777378111374,-347.2,7360032,7380397,1,8.32,24.77,16.45,15.29,drift
322,1777378112345,1777378112682,192.168.35.90:58374,12.68,-6.85,1777378111883,-347.2,7382112,7402413,1,8.92,24.31,15.39,15.29,drift
323,1777378112946,1777378113279,192.168.35.90:58374,13.85,-2.30,1777378112386,-347.2,7404192,7428781,1,7.88,21.93,14.06,15.29,drift
324,1777378113447,1777378113782,192.168.35.90:58374,11.85,-1.94,1777378112890,-347.2,7426176,7450797,1,7.65,23.07,15.42,15.29,drift
325,1777378113946,1777378114282,192.168.35.90:58374,15.50,5.63,1777378113396,-347.2,7448256,7472813,1,7.14,19.52,12.38,15.29,drift
326,1777378114548,1777378114879,192.168.35.90:58374,12.53,19.10,1777378114407,-347.2,7492416,7499437,1,7.54,22.81,15.27,15.29,drift
327,1777378115047,1777378115381,192.168.35.90:58374,12.82,-27.30,1777378114861,-347.1,7514400,7521453,1,8.02,22.39,14.38,15.29,drift
328,1777378115546,1777378115882,192.168.35.90:58374,11.30,-26.69,1777378115367,-347.1,7536480,7543469,1,7.89,25.20,17.32,15.29,drift
329,1777378116146,1777378116480,192.168.35.90:58374,11.70,-22.89,1777378115870,-347.1,7558560,7569837,1,7.25,22.98,15.73,15.29,drift
330,1777378116648,1777378116981,192.168.35.90:58374,11.76,-13.71,1777378116374,-347.1,7580544,7592109,1,7.81,23.90,16.08,15.29,drift
331,1777378117145,1777378117482,192.168.35.90:58374,16.79,-14.03,1777378116878,-347.1,7602624,7613869,1,7.79,19.92,12.14,15.29,drift
332,1777378117744,1777378118079,192.168.35.90:58374,14.56,-4.08,1777378117383,-347.1,7624704,7640493,1,9.03,22.25,13.22,15.29,drift
333,1777378118242,1777378118580,192.168.35.90:58374,11.56,0.49,1777378117889,-347.1,7646592,7662509,1,7.25,23.80,16.55,15.29,drift
334,1777378118743,1777378119082,192.168.35.90:58374,10.67,5.43,1777378118394,-347.1,7668768,7684781,1,8.68,25.45,16.77,15.29,drift
335,1777378119344,1777378119679,192.168.35.90:58374,13.78,12.24,1777378118898,-347.1,7690848,7711149,1,8.21,22.40,14.20,15.29,drift
336,1777378119843,1777378120180,192.168.35.90:58374,11.70,13.76,1777378119402,-347.1,7712832,7733165,1,7.23,23.61,16.39,15.29,drift
337,1777378120341,1777378120682,192.168.35.90:58374,14.79,-33.83,1777378119858,-347.1,7734816,7754925,1,7.23,20.13,12.90,15.29,drift
338,1777378120944,1777378121280,192.168.35.90:58374,15.53,-25.70,1777378120363,-347.1,7756992,7781549,1,9.70,22.33,12.62,15.29,drift
339,1777378121443,1777378121781,192.168.35.90:58374,12.00,-19.68,1777378120866,-347.1,7778976,7803821,1,8.60,23.74,15.14,15.29,drift
340,1777378121944,1777378122282,192.168.35.90:58374,11.64,-17.23,1777378121372,-347.1,7801056,7825837,1,8.53,24.76,16.23,15.29,drift
341,1777378122548,1777378122880,192.168.35.90:58374,12.58,-7.76,1777378122382,-347.1,7845216,7852205,1,6.99,22.30,15.31,15.29,drift
342,1777378123074,1777378123381,192.168.35.90:58374,12.15,-3.57,1777378122887,-347.1,7867200,7874221,1,7.91,23.74,15.84,15.29,drift
343,1777378123545,1777378123882,192.168.35.90:58374,10.30,3.36,1777378123392,-347.1,7889280,7896493,1,7.27,24.53,17.26,15.29,drift
344,1777378124143,1777378124479,192.168.35.90:58374,13.15,7.19,1777378123899,-347.1,7911360,7922605,1,7.57,22.43,14.86,15.29,drift
345,1777378124645,1777378124981,192.168.35.90:58374,11.85,16.94,1777378124405,-347.1,7933344,7944877,1,8.69,24.32,15.63,15.29,drift
346,1777378125143,1777378125482,192.168.35.90:58374,15.93,-33.60,1777378124859,-347.1,7955424,7966637,1,7.85,19.77,11.91,15.29,drift
347,1777378125749,1777378126079,192.168.35.90:58374,14.33,-23.13,1777378125365,-347.0,7977504,7993261,1,8.70,22.18,13.48,15.29,drift
348,1777378126245,1777378126581,192.168.35.90:58374,13.85,-21.55,1777378125869,-347.0,7999488,8015277,1,8.47,23.09,14.63,15.29,drift
349,1777378126744,1777378127082,192.168.35.90:58374,14.69,-15.18,1777378126374,-347.1,8021472,8037293,1,6.97,20.04,13.08,15.29,drift
350,1777378127342,1777378127679,192.168.35.90:58374,14.22,-6.08,1777378126880,-347.1,8043648,8063917,1,8.61,22.45,13.84,15.29,drift
351,1777378127843,1777378128181,192.168.35.90:58374,11.71,-5.41,1777378127384,-347.2,8065632,8085933,1,7.23,23.21,15.98,15.29,drift
352,1777378128344,1777378128682,192.168.35.90:58374,12.61,-1.12,1777378127890,-347.2,8087712,8107949,1,9.07,24.30,15.23,15.29,drift
353,1777378128942,1777378129279,192.168.35.90:58374,13.00,6.67,1777378128395,-347.3,8109696,8134317,1,7.41,22.34,14.94,15.29,drift
354,1777378129450,1777378129781,192.168.35.90:58374,11.39,18.28,1777378129406,-347.3,8153856,8156589,1,7.61,23.60,15.99,15.29,drift
355,1777378129945,1777378130282,192.168.35.90:58374,10.85,15.54,1777378129406,-347.4,8153856,8178605,1,7.61,24.65,17.04,15.29,drift
356,1777378130545,1777378130880,192.168.35.90:58374,14.51,-19.96,1777378130368,-347.4,8198016,8204973,1,9.16,22.24,13.08,15.29,drift
357,1777378131043,1777378131381,192.168.35.90:58374,14.86,-18.46,1777378130873,-347.4,8220096,8226989,1,9.56,23.76,14.20,15.29,drift
358,1777378131544,1777378131882,192.168.35.90:58374,11.54,-6.85,1777378131380,-347.4,8241984,8249261,1,7.66,24.96,17.30,15.29,drift
359,1777378132256,1777378132479,192.168.35.90:58374,14.80,0.20,1777378131886,-347.5,8264160,8275629,1,8.10,22.46,14.36,15.29,drift
360,1777378132647,1777378132981,192.168.35.90:58374,11.12,3.88,1777378132391,-347.5,8286048,8297645,1,7.37,23.95,16.58,15.29,drift
361,1777378133142,1777378133483,192.168.35.90:58374,16.17,1.45,1777378132895,-347.5,8308224,8319405,1,7.96,19.59,11.63,15.29,drift
362,1777378133748,1777378134080,192.168.35.90:58374,13.21,12.76,1777378133401,-347.6,8330208,8346029,1,7.78,22.36,14.59,15.29,drift
363,1777378134242,1777378134581,192.168.35.90:58374,14.48,-27.09,1777378133858,-347.6,8352288,8368301,1,8.62,23.40,14.79,15.29,drift
364,1777378134746,1777378135082,192.168.35.90:58374,11.95,-25.06,1777378134364,-347.6,8374368,8390317,1,8.76,25.11,16.35,15.29,drift
365,1777378135343,1777378135679,192.168.35.90:58374,14.83,-15.01,1777378134870,-347.6,8396352,8416685,1,8.02,22.72,14.71,15.29,drift
366,1777378135845,1777378136181,192.168.35.90:58374,11.99,-15.45,1777378135374,-347.7,8418432,8438701,1,7.70,23.44,15.73,15.29,drift
367,1777378136345,1777378136683,192.168.35.90:58374,16.00,-7.76,1777378135879,-347.7,8440416,8460717,1,7.71,19.48,11.77,15.29,drift
368,1777378136944,1777378137279,192.168.35.90:58374,14.63,-3.90,1777378136386,-347.5,8462592,8487085,1,8.31,22.11,13.80,15.29,drift
369,1777378137445,1777378137781,192.168.35.90:58374,12.39,3.36,1777378136891,-347.5,8484576,8509357,1,7.27,23.34,16.07,15.29,drift
370,1777378137942,1777378138282,192.168.35.90:58374,11.85,5.79,1777378137395,-347.4,8506560,8531373,1,7.88,25.09,17.21,15.29,drift
371,1777378138550,1777378138880,192.168.35.90:58374,12.78,13.64,1777378138404,-347.4,8550816,8557741,1,8.34,23.08,14.74,15.29,drift
372,1777378139041,1777378139381,192.168.35.90:58374,11.29,-34.54,1777378138858,-347.2,8572800,8579757,1,7.72,24.24,16.51,15.29,drift
373,1777378139546,1777378139883,192.168.35.90:58374,15.48,-27.31,1777378139364,-347.2,8594880,8601773,1,7.68,19.51,11.83,15.29,drift
374,1777378140144,1777378140479,192.168.35.90:58374,13.00,-18.22,1777378139869,-347.1,8616960,8628397,1,7.70,22.36,14.66,15.29,drift
375,1777378140642,1777378140981,192.168.35.90:58374,12.45,-14.95,1777378140374,-347.1,8638944,8650413,1,9.19,24.30,15.11,15.29,drift
376,1777378141142,1777378141482,192.168.35.90:58374,18.44,-8.86,1777378140878,-347.0,8661024,8672429,1,9.37,19.83,10.46,15.29,drift
377,1777378141750,1777378142079,192.168.35.90:58374,14.09,-5.98,1777378141384,-347.0,8683104,8698797,1,8.74,22.55,13.81,15.29,drift
378,1777378142244,1777378142581,192.168.35.90:58374,12.34,4.56,1777378141891,-346.9,8705088,8721069,1,8.77,23.48,14.71,15.29,drift
379,1777378142745,1777378143082,192.168.35.90:58374,12.12,7.67,1777378142398,-346.8,8727168,8743085,1,8.87,24.93,16.06,15.29,drift
380,1777378143345,1777378143679,192.168.35.90:58374,13.32,14.72,1777378142903,-346.8,8749248,8769453,1,7.98,22.23,14.24,15.29,drift
381,1777378143867,1777378144181,192.168.35.90:58374,10.79,-33.39,1777378143358,-346.7,8771232,8791469,1,7.69,23.68,16.00,15.29,drift
382,1777378144374,1777378144683,192.168.35.90:58374,16.00,-31.12,1777378143863,-346.7,8793504,8813485,1,8.77,19.70,10.92,15.29,drift
